INSERT INTO camara VALUES (DEFAULT);
INSERT INTO camara VALUES (DEFAULT);
INSERT INTO camara VALUES (DEFAULT);
INSERT INTO camara VALUES (DEFAULT);
INSERT INTO camara VALUES (DEFAULT);
INSERT INTO camara VALUES (DEFAULT);
INSERT INTO camara VALUES (DEFAULT);
INSERT INTO camara VALUES (DEFAULT);
INSERT INTO camara VALUES (DEFAULT);
INSERT INTO camara VALUES (DEFAULT);
INSERT INTO camara VALUES (DEFAULT);
INSERT INTO camara VALUES (DEFAULT);
INSERT INTO camara VALUES (DEFAULT);
INSERT INTO camara VALUES (DEFAULT);
INSERT INTO camara VALUES (DEFAULT);
INSERT INTO camara VALUES (DEFAULT);
INSERT INTO camara VALUES (DEFAULT);
INSERT INTO camara VALUES (DEFAULT);
INSERT INTO camara VALUES (DEFAULT);
INSERT INTO camara VALUES (DEFAULT);
INSERT INTO camara VALUES (DEFAULT);
INSERT INTO camara VALUES (DEFAULT);
INSERT INTO camara VALUES (DEFAULT);
INSERT INTO camara VALUES (DEFAULT);
INSERT INTO camara VALUES (DEFAULT);
INSERT INTO camara VALUES (DEFAULT);
INSERT INTO camara VALUES (DEFAULT);
INSERT INTO camara VALUES (DEFAULT);
INSERT INTO camara VALUES (DEFAULT);
INSERT INTO camara VALUES (DEFAULT);
INSERT INTO camara VALUES (DEFAULT);
INSERT INTO camara VALUES (DEFAULT);
INSERT INTO camara VALUES (DEFAULT);
INSERT INTO camara VALUES (DEFAULT);
INSERT INTO camara VALUES (DEFAULT);
INSERT INTO camara VALUES (DEFAULT);
INSERT INTO camara VALUES (DEFAULT);
INSERT INTO camara VALUES (DEFAULT);
INSERT INTO camara VALUES (DEFAULT);
INSERT INTO camara VALUES (DEFAULT);
INSERT INTO camara VALUES (DEFAULT);
INSERT INTO camara VALUES (DEFAULT);
INSERT INTO camara VALUES (DEFAULT);
INSERT INTO camara VALUES (DEFAULT);
INSERT INTO camara VALUES (DEFAULT);
INSERT INTO camara VALUES (DEFAULT);
INSERT INTO camara VALUES (DEFAULT);
INSERT INTO camara VALUES (DEFAULT);
INSERT INTO camara VALUES (DEFAULT);
INSERT INTO camara VALUES (DEFAULT);
INSERT INTO camara VALUES (DEFAULT);
INSERT INTO camara VALUES (DEFAULT);
INSERT INTO camara VALUES (DEFAULT);
INSERT INTO camara VALUES (DEFAULT);
INSERT INTO camara VALUES (DEFAULT);
INSERT INTO camara VALUES (DEFAULT);
INSERT INTO camara VALUES (DEFAULT);
INSERT INTO camara VALUES (DEFAULT);
INSERT INTO camara VALUES (DEFAULT);
INSERT INTO camara VALUES (DEFAULT);
INSERT INTO camara VALUES (DEFAULT);
INSERT INTO camara VALUES (DEFAULT);
INSERT INTO camara VALUES (DEFAULT);
INSERT INTO camara VALUES (DEFAULT);
INSERT INTO camara VALUES (DEFAULT);
INSERT INTO camara VALUES (DEFAULT);
INSERT INTO camara VALUES (DEFAULT);
INSERT INTO camara VALUES (DEFAULT);
INSERT INTO camara VALUES (DEFAULT);
INSERT INTO camara VALUES (DEFAULT);
INSERT INTO camara VALUES (DEFAULT);
INSERT INTO camara VALUES (DEFAULT);
INSERT INTO camara VALUES (DEFAULT);
INSERT INTO camara VALUES (DEFAULT);
INSERT INTO camara VALUES (DEFAULT);
INSERT INTO camara VALUES (DEFAULT);
INSERT INTO camara VALUES (DEFAULT);
INSERT INTO camara VALUES (DEFAULT);
INSERT INTO camara VALUES (DEFAULT);
INSERT INTO camara VALUES (DEFAULT);
INSERT INTO camara VALUES (DEFAULT);
INSERT INTO camara VALUES (DEFAULT);
INSERT INTO camara VALUES (DEFAULT);
INSERT INTO camara VALUES (DEFAULT);
INSERT INTO camara VALUES (DEFAULT);
INSERT INTO camara VALUES (DEFAULT);
INSERT INTO camara VALUES (DEFAULT);
INSERT INTO camara VALUES (DEFAULT);
INSERT INTO camara VALUES (DEFAULT);
INSERT INTO camara VALUES (DEFAULT);
INSERT INTO camara VALUES (DEFAULT);
INSERT INTO camara VALUES (DEFAULT);
INSERT INTO camara VALUES (DEFAULT);
INSERT INTO camara VALUES (DEFAULT);
INSERT INTO camara VALUES (DEFAULT);
INSERT INTO camara VALUES (DEFAULT);
INSERT INTO camara VALUES (DEFAULT);
INSERT INTO camara VALUES (DEFAULT);
INSERT INTO camara VALUES (DEFAULT);
INSERT INTO camara VALUES (DEFAULT);

INSERT INTO video VALUES ('45','2018-08-12 10:00:00','2018-08-12 10:59:59');
INSERT INTO video VALUES ('45','2018-08-12 11:00:00','2018-08-12 11:59:59');
INSERT INTO video VALUES ('45','2018-08-12 12:00:00','2018-08-12 12:59:59');
INSERT INTO video VALUES ('45','2018-08-12 13:00:00','2018-08-12 13:59:59');
INSERT INTO video VALUES ('45','2018-08-12 14:00:00','2018-08-12 14:59:59');
INSERT INTO video VALUES ('45','2018-08-12 15:00:00','2018-08-12 15:59:59');
INSERT INTO video VALUES ('45','2018-08-12 16:00:00','2018-08-12 16:59:59');
INSERT INTO video VALUES ('45','2018-08-12 17:00:00','2018-08-12 17:59:59');
INSERT INTO video VALUES ('45','2018-08-12 18:00:00','2018-08-12 18:59:59');
INSERT INTO video VALUES ('45','2018-08-12 19:00:00','2018-08-12 19:59:59');
INSERT INTO video VALUES ('45','2018-08-12 20:00:00','2018-08-12 20:59:59');
INSERT INTO video VALUES ('45','2018-08-12 21:00:00','2018-08-12 21:59:59');
INSERT INTO video VALUES ('45','2018-08-12 22:00:00','2018-08-12 22:59:59');
INSERT INTO video VALUES ('45','2018-08-12 23:00:00','2018-08-12 23:59:59');
INSERT INTO video VALUES ('45','2018-08-13 00:00:00','2018-08-13 00:59:59');
INSERT INTO video VALUES ('45','2018-08-13 01:00:00','2018-08-13 01:59:59');
INSERT INTO video VALUES ('45','2018-08-13 02:00:00','2018-08-13 02:59:59');
INSERT INTO video VALUES ('45','2018-08-13 03:00:00','2018-08-13 03:59:59');
INSERT INTO video VALUES ('45','2018-08-13 04:00:00','2018-08-13 04:59:59');
INSERT INTO video VALUES ('45','2018-08-13 05:00:00','2018-08-13 05:59:59');
INSERT INTO video VALUES ('45','2018-08-13 06:00:00','2018-08-13 06:59:59');
INSERT INTO video VALUES ('45','2018-08-13 07:00:00','2018-08-13 07:59:59');
INSERT INTO video VALUES ('45','2018-08-13 08:00:00','2018-08-13 08:59:59');
INSERT INTO video VALUES ('45','2018-08-13 09:00:00','2018-08-13 09:59:59');
INSERT INTO video VALUES ('45','2018-08-13 10:00:00','2018-08-13 10:59:59');
INSERT INTO video VALUES ('45','2018-08-13 11:00:00','2018-08-13 11:59:59');
INSERT INTO video VALUES ('45','2018-08-13 12:00:00','2018-08-13 12:59:59');
INSERT INTO video VALUES ('45','2018-08-13 13:00:00','2018-08-13 13:59:59');
INSERT INTO video VALUES ('45','2018-08-13 14:00:00','2018-08-13 14:59:59');
INSERT INTO video VALUES ('45','2018-08-13 15:00:00','2018-08-13 15:59:59');
INSERT INTO video VALUES ('5','2018-08-12 10:00:00','2018-08-12 10:59:59');
INSERT INTO video VALUES ('5','2018-08-12 11:00:00','2018-08-12 11:59:59');
INSERT INTO video VALUES ('5','2018-08-12 12:00:00','2018-08-12 12:59:59');
INSERT INTO video VALUES ('5','2018-08-12 13:00:00','2018-08-12 13:59:59');
INSERT INTO video VALUES ('5','2018-08-12 14:00:00','2018-08-12 14:59:59');
INSERT INTO video VALUES ('5','2018-08-12 15:00:00','2018-08-12 15:59:59');
INSERT INTO video VALUES ('5','2018-08-12 16:00:00','2018-08-12 16:59:59');
INSERT INTO video VALUES ('5','2018-08-12 17:00:00','2018-08-12 17:59:59');
INSERT INTO video VALUES ('5','2018-08-12 18:00:00','2018-08-12 18:59:59');
INSERT INTO video VALUES ('5','2018-08-12 19:00:00','2018-08-12 19:59:59');
INSERT INTO video VALUES ('19','2018-08-12 09:00:00','2018-08-12 09:59:59');
INSERT INTO video VALUES ('19','2018-08-12 10:00:00','2018-08-12 10:59:59');
INSERT INTO video VALUES ('19','2018-08-12 11:00:00','2018-08-12 11:59:59');
INSERT INTO video VALUES ('19','2018-08-12 12:00:00','2018-08-12 12:59:59');
INSERT INTO video VALUES ('19','2018-08-12 13:00:00','2018-08-12 13:59:59');
INSERT INTO video VALUES ('19','2018-08-12 14:00:00','2018-08-12 14:59:59');
INSERT INTO video VALUES ('19','2018-08-12 15:00:00','2018-08-12 15:59:59');
INSERT INTO video VALUES ('19','2018-08-12 16:00:00','2018-08-12 16:59:59');
INSERT INTO video VALUES ('19','2018-08-12 17:00:00','2018-08-12 17:59:59');
INSERT INTO video VALUES ('19','2018-08-12 18:00:00','2018-08-12 18:59:59');
INSERT INTO video VALUES ('43','2018-08-11 09:00:00','2018-08-11 09:59:59');
INSERT INTO video VALUES ('43','2018-08-11 10:00:00','2018-08-11 10:59:59');
INSERT INTO video VALUES ('43','2018-08-11 11:00:00','2018-08-11 11:59:59');
INSERT INTO video VALUES ('43','2018-08-11 12:00:00','2018-08-11 12:59:59');
INSERT INTO video VALUES ('43','2018-08-11 13:00:00','2018-08-11 13:59:59');
INSERT INTO video VALUES ('43','2018-08-11 14:00:00','2018-08-11 14:59:59');
INSERT INTO video VALUES ('43','2018-08-11 15:00:00','2018-08-11 15:59:59');
INSERT INTO video VALUES ('43','2018-08-11 16:00:00','2018-08-11 16:59:59');
INSERT INTO video VALUES ('43','2018-08-11 17:00:00','2018-08-11 17:59:59');
INSERT INTO video VALUES ('43','2018-08-11 18:00:00','2018-08-11 18:59:59');
INSERT INTO video VALUES ('43','2018-08-11 19:00:00','2018-08-11 19:59:59');
INSERT INTO video VALUES ('43','2018-08-11 20:00:00','2018-08-11 20:59:59');
INSERT INTO video VALUES ('43','2018-08-11 21:00:00','2018-08-11 21:59:59');
INSERT INTO video VALUES ('43','2018-08-11 22:00:00','2018-08-11 22:59:59');
INSERT INTO video VALUES ('43','2018-08-11 23:00:00','2018-08-11 23:59:59');
INSERT INTO video VALUES ('43','2018-08-12 00:00:00','2018-08-12 00:59:59');
INSERT INTO video VALUES ('43','2018-08-12 01:00:00','2018-08-12 01:59:59');
INSERT INTO video VALUES ('43','2018-08-12 02:00:00','2018-08-12 02:59:59');
INSERT INTO video VALUES ('43','2018-08-12 03:00:00','2018-08-12 03:59:59');
INSERT INTO video VALUES ('43','2018-08-12 04:00:00','2018-08-12 04:59:59');
INSERT INTO video VALUES ('43','2018-08-12 05:00:00','2018-08-12 05:59:59');
INSERT INTO video VALUES ('43','2018-08-12 06:00:00','2018-08-12 06:59:59');
INSERT INTO video VALUES ('43','2018-08-12 07:00:00','2018-08-12 07:59:59');
INSERT INTO video VALUES ('43','2018-08-12 08:00:00','2018-08-12 08:59:59');
INSERT INTO video VALUES ('43','2018-08-12 09:00:00','2018-08-12 09:59:59');
INSERT INTO video VALUES ('43','2018-08-12 10:00:00','2018-08-12 10:59:59');
INSERT INTO video VALUES ('43','2018-08-12 11:00:00','2018-08-12 11:59:59');
INSERT INTO video VALUES ('43','2018-08-12 12:00:00','2018-08-12 12:59:59');
INSERT INTO video VALUES ('43','2018-08-12 13:00:00','2018-08-12 13:59:59');
INSERT INTO video VALUES ('43','2018-08-12 14:00:00','2018-08-12 14:59:59');
INSERT INTO video VALUES ('94','2018-08-11 09:00:00','2018-08-11 09:59:59');
INSERT INTO video VALUES ('94','2018-08-11 10:00:00','2018-08-11 10:59:59');
INSERT INTO video VALUES ('94','2018-08-11 11:00:00','2018-08-11 11:59:59');
INSERT INTO video VALUES ('94','2018-08-11 12:00:00','2018-08-11 12:59:59');
INSERT INTO video VALUES ('94','2018-08-11 13:00:00','2018-08-11 13:59:59');
INSERT INTO video VALUES ('94','2018-08-11 14:00:00','2018-08-11 14:59:59');
INSERT INTO video VALUES ('94','2018-08-11 15:00:00','2018-08-11 15:59:59');
INSERT INTO video VALUES ('94','2018-08-11 16:00:00','2018-08-11 16:59:59');
INSERT INTO video VALUES ('94','2018-08-11 17:00:00','2018-08-11 17:59:59');
INSERT INTO video VALUES ('94','2018-08-11 18:00:00','2018-08-11 18:59:59');
INSERT INTO video VALUES ('94','2018-08-11 19:00:00','2018-08-11 19:59:59');
INSERT INTO video VALUES ('94','2018-08-11 20:00:00','2018-08-11 20:59:59');
INSERT INTO video VALUES ('94','2018-08-11 21:00:00','2018-08-11 21:59:59');
INSERT INTO video VALUES ('94','2018-08-11 22:00:00','2018-08-11 22:59:59');
INSERT INTO video VALUES ('94','2018-08-11 23:00:00','2018-08-11 23:59:59');
INSERT INTO video VALUES ('94','2018-08-12 00:00:00','2018-08-12 00:59:59');
INSERT INTO video VALUES ('94','2018-08-12 01:00:00','2018-08-12 01:59:59');
INSERT INTO video VALUES ('94','2018-08-12 02:00:00','2018-08-12 02:59:59');
INSERT INTO video VALUES ('94','2018-08-12 03:00:00','2018-08-12 03:59:59');
INSERT INTO video VALUES ('94','2018-08-12 04:00:00','2018-08-12 04:59:59');
INSERT INTO video VALUES ('94','2018-08-12 05:00:00','2018-08-12 05:59:59');
INSERT INTO video VALUES ('94','2018-08-12 06:00:00','2018-08-12 06:59:59');
INSERT INTO video VALUES ('94','2018-08-12 07:00:00','2018-08-12 07:59:59');
INSERT INTO video VALUES ('94','2018-08-12 08:00:00','2018-08-12 08:59:59');
INSERT INTO video VALUES ('94','2018-08-12 09:00:00','2018-08-12 09:59:59');
INSERT INTO video VALUES ('94','2018-08-12 10:00:00','2018-08-12 10:59:59');
INSERT INTO video VALUES ('94','2018-08-12 11:00:00','2018-08-12 11:59:59');
INSERT INTO video VALUES ('94','2018-08-12 12:00:00','2018-08-12 12:59:59');
INSERT INTO video VALUES ('94','2018-08-12 13:00:00','2018-08-12 13:59:59');
INSERT INTO video VALUES ('94','2018-08-12 14:00:00','2018-08-12 14:59:59');
INSERT INTO video VALUES ('94','2018-08-12 15:00:00','2018-08-12 15:59:59');
INSERT INTO video VALUES ('94','2018-08-12 16:00:00','2018-08-12 16:59:59');
INSERT INTO video VALUES ('94','2018-08-12 17:00:00','2018-08-12 17:59:59');
INSERT INTO video VALUES ('94','2018-08-12 18:00:00','2018-08-12 18:59:59');
INSERT INTO video VALUES ('94','2018-08-12 19:00:00','2018-08-12 19:59:59');
INSERT INTO video VALUES ('94','2018-08-12 20:00:00','2018-08-12 20:59:59');
INSERT INTO video VALUES ('94','2018-08-12 21:00:00','2018-08-12 21:59:59');
INSERT INTO video VALUES ('94','2018-08-12 22:00:00','2018-08-12 22:59:59');
INSERT INTO video VALUES ('94','2018-08-12 23:00:00','2018-08-12 23:59:59');
INSERT INTO video VALUES ('94','2018-08-13 00:00:00','2018-08-13 00:59:59');
INSERT INTO video VALUES ('94','2018-08-13 01:00:00','2018-08-13 01:59:59');
INSERT INTO video VALUES ('94','2018-08-13 02:00:00','2018-08-13 02:59:59');
INSERT INTO video VALUES ('94','2018-08-13 03:00:00','2018-08-13 03:59:59');
INSERT INTO video VALUES ('94','2018-08-13 04:00:00','2018-08-13 04:59:59');
INSERT INTO video VALUES ('94','2018-08-13 05:00:00','2018-08-13 05:59:59');
INSERT INTO video VALUES ('94','2018-08-13 06:00:00','2018-08-13 06:59:59');
INSERT INTO video VALUES ('94','2018-08-13 07:00:00','2018-08-13 07:59:59');
INSERT INTO video VALUES ('94','2018-08-13 08:00:00','2018-08-13 08:59:59');
INSERT INTO video VALUES ('94','2018-08-13 09:00:00','2018-08-13 09:59:59');
INSERT INTO video VALUES ('94','2018-08-13 10:00:00','2018-08-13 10:59:59');

INSERT INTO segmentoVideo VALUES ('45','0','2018-08-12 10:00:00','0:59:59');
INSERT INTO segmentoVideo VALUES ('45','1','2018-08-12 11:00:00','0:59:59');
INSERT INTO segmentoVideo VALUES ('45','2','2018-08-12 12:00:00','0:59:59');
INSERT INTO segmentoVideo VALUES ('45','3','2018-08-12 13:00:00','0:59:59');
INSERT INTO segmentoVideo VALUES ('45','4','2018-08-12 14:00:00','0:59:59');
INSERT INTO segmentoVideo VALUES ('45','5','2018-08-12 15:00:00','0:59:59');
INSERT INTO segmentoVideo VALUES ('45','6','2018-08-12 16:00:00','0:59:59');
INSERT INTO segmentoVideo VALUES ('45','7','2018-08-12 17:00:00','0:59:59');
INSERT INTO segmentoVideo VALUES ('45','8','2018-08-12 18:00:00','0:59:59');
INSERT INTO segmentoVideo VALUES ('45','9','2018-08-12 19:00:00','0:59:59');
INSERT INTO segmentoVideo VALUES ('45','10','2018-08-12 20:00:00','0:59:59');
INSERT INTO segmentoVideo VALUES ('45','11','2018-08-12 21:00:00','0:59:59');
INSERT INTO segmentoVideo VALUES ('45','12','2018-08-12 22:00:00','0:59:59');
INSERT INTO segmentoVideo VALUES ('45','13','2018-08-12 23:00:00','0:59:59');
INSERT INTO segmentoVideo VALUES ('45','14','2018-08-13 00:00:00','0:59:59');
INSERT INTO segmentoVideo VALUES ('45','15','2018-08-13 01:00:00','0:59:59');
INSERT INTO segmentoVideo VALUES ('45','16','2018-08-13 02:00:00','0:59:59');
INSERT INTO segmentoVideo VALUES ('45','17','2018-08-13 03:00:00','0:59:59');
INSERT INTO segmentoVideo VALUES ('45','18','2018-08-13 04:00:00','0:59:59');
INSERT INTO segmentoVideo VALUES ('45','19','2018-08-13 05:00:00','0:59:59');
INSERT INTO segmentoVideo VALUES ('45','20','2018-08-13 06:00:00','0:59:59');
INSERT INTO segmentoVideo VALUES ('45','21','2018-08-13 07:00:00','0:59:59');
INSERT INTO segmentoVideo VALUES ('45','22','2018-08-13 08:00:00','0:59:59');
INSERT INTO segmentoVideo VALUES ('45','23','2018-08-13 09:00:00','0:59:59');
INSERT INTO segmentoVideo VALUES ('45','24','2018-08-13 10:00:00','0:59:59');
INSERT INTO segmentoVideo VALUES ('45','25','2018-08-13 11:00:00','0:59:59');
INSERT INTO segmentoVideo VALUES ('45','26','2018-08-13 12:00:00','0:59:59');
INSERT INTO segmentoVideo VALUES ('45','27','2018-08-13 13:00:00','0:59:59');
INSERT INTO segmentoVideo VALUES ('45','28','2018-08-13 14:00:00','0:59:59');
INSERT INTO segmentoVideo VALUES ('45','29','2018-08-13 15:00:00','0:59:59');
INSERT INTO segmentoVideo VALUES ('5','0','2018-08-12 10:00:00','0:59:59');
INSERT INTO segmentoVideo VALUES ('5','1','2018-08-12 11:00:00','0:59:59');
INSERT INTO segmentoVideo VALUES ('5','2','2018-08-12 12:00:00','0:59:59');
INSERT INTO segmentoVideo VALUES ('5','3','2018-08-12 13:00:00','0:59:59');
INSERT INTO segmentoVideo VALUES ('5','4','2018-08-12 14:00:00','0:59:59');
INSERT INTO segmentoVideo VALUES ('5','5','2018-08-12 15:00:00','0:59:59');
INSERT INTO segmentoVideo VALUES ('5','6','2018-08-12 16:00:00','0:59:59');
INSERT INTO segmentoVideo VALUES ('5','7','2018-08-12 17:00:00','0:59:59');
INSERT INTO segmentoVideo VALUES ('5','8','2018-08-12 18:00:00','0:59:59');
INSERT INTO segmentoVideo VALUES ('5','9','2018-08-12 19:00:00','0:59:59');
INSERT INTO segmentoVideo VALUES ('19','0','2018-08-12 09:00:00','0:59:59');
INSERT INTO segmentoVideo VALUES ('19','1','2018-08-12 10:00:00','0:59:59');
INSERT INTO segmentoVideo VALUES ('19','2','2018-08-12 11:00:00','0:59:59');
INSERT INTO segmentoVideo VALUES ('19','3','2018-08-12 12:00:00','0:59:59');
INSERT INTO segmentoVideo VALUES ('19','4','2018-08-12 13:00:00','0:59:59');
INSERT INTO segmentoVideo VALUES ('19','5','2018-08-12 14:00:00','0:59:59');
INSERT INTO segmentoVideo VALUES ('19','6','2018-08-12 15:00:00','0:59:59');
INSERT INTO segmentoVideo VALUES ('19','7','2018-08-12 16:00:00','0:59:59');
INSERT INTO segmentoVideo VALUES ('19','8','2018-08-12 17:00:00','0:59:59');
INSERT INTO segmentoVideo VALUES ('19','9','2018-08-12 18:00:00','0:59:59');
INSERT INTO segmentoVideo VALUES ('43','0','2018-08-11 09:00:00','0:59:59');
INSERT INTO segmentoVideo VALUES ('43','1','2018-08-11 10:00:00','0:59:59');
INSERT INTO segmentoVideo VALUES ('43','2','2018-08-11 11:00:00','0:59:59');
INSERT INTO segmentoVideo VALUES ('43','3','2018-08-11 12:00:00','0:59:59');
INSERT INTO segmentoVideo VALUES ('43','4','2018-08-11 13:00:00','0:59:59');
INSERT INTO segmentoVideo VALUES ('43','5','2018-08-11 14:00:00','0:59:59');
INSERT INTO segmentoVideo VALUES ('43','6','2018-08-11 15:00:00','0:59:59');
INSERT INTO segmentoVideo VALUES ('43','7','2018-08-11 16:00:00','0:59:59');
INSERT INTO segmentoVideo VALUES ('43','8','2018-08-11 17:00:00','0:59:59');
INSERT INTO segmentoVideo VALUES ('43','9','2018-08-11 18:00:00','0:59:59');
INSERT INTO segmentoVideo VALUES ('43','10','2018-08-11 19:00:00','0:59:59');
INSERT INTO segmentoVideo VALUES ('43','11','2018-08-11 20:00:00','0:59:59');
INSERT INTO segmentoVideo VALUES ('43','12','2018-08-11 21:00:00','0:59:59');
INSERT INTO segmentoVideo VALUES ('43','13','2018-08-11 22:00:00','0:59:59');
INSERT INTO segmentoVideo VALUES ('43','14','2018-08-11 23:00:00','0:59:59');
INSERT INTO segmentoVideo VALUES ('43','15','2018-08-12 00:00:00','0:59:59');
INSERT INTO segmentoVideo VALUES ('43','16','2018-08-12 01:00:00','0:59:59');
INSERT INTO segmentoVideo VALUES ('43','17','2018-08-12 02:00:00','0:59:59');
INSERT INTO segmentoVideo VALUES ('43','18','2018-08-12 03:00:00','0:59:59');
INSERT INTO segmentoVideo VALUES ('43','19','2018-08-12 04:00:00','0:59:59');
INSERT INTO segmentoVideo VALUES ('43','20','2018-08-12 05:00:00','0:59:59');
INSERT INTO segmentoVideo VALUES ('43','21','2018-08-12 06:00:00','0:59:59');
INSERT INTO segmentoVideo VALUES ('43','22','2018-08-12 07:00:00','0:59:59');
INSERT INTO segmentoVideo VALUES ('43','23','2018-08-12 08:00:00','0:59:59');
INSERT INTO segmentoVideo VALUES ('43','24','2018-08-12 09:00:00','0:59:59');
INSERT INTO segmentoVideo VALUES ('43','25','2018-08-12 10:00:00','0:59:59');
INSERT INTO segmentoVideo VALUES ('43','26','2018-08-12 11:00:00','0:59:59');
INSERT INTO segmentoVideo VALUES ('43','27','2018-08-12 12:00:00','0:59:59');
INSERT INTO segmentoVideo VALUES ('43','28','2018-08-12 13:00:00','0:59:59');
INSERT INTO segmentoVideo VALUES ('43','29','2018-08-12 14:00:00','0:59:59');
INSERT INTO segmentoVideo VALUES ('94','0','2018-08-11 09:00:00','0:59:59');
INSERT INTO segmentoVideo VALUES ('94','1','2018-08-11 10:00:00','0:59:59');
INSERT INTO segmentoVideo VALUES ('94','2','2018-08-11 11:00:00','0:59:59');
INSERT INTO segmentoVideo VALUES ('94','3','2018-08-11 12:00:00','0:59:59');
INSERT INTO segmentoVideo VALUES ('94','4','2018-08-11 13:00:00','0:59:59');
INSERT INTO segmentoVideo VALUES ('94','5','2018-08-11 14:00:00','0:59:59');
INSERT INTO segmentoVideo VALUES ('94','6','2018-08-11 15:00:00','0:59:59');
INSERT INTO segmentoVideo VALUES ('94','7','2018-08-11 16:00:00','0:59:59');
INSERT INTO segmentoVideo VALUES ('94','8','2018-08-11 17:00:00','0:59:59');
INSERT INTO segmentoVideo VALUES ('94','9','2018-08-11 18:00:00','0:59:59');
INSERT INTO segmentoVideo VALUES ('94','10','2018-08-11 19:00:00','0:59:59');
INSERT INTO segmentoVideo VALUES ('94','11','2018-08-11 20:00:00','0:59:59');
INSERT INTO segmentoVideo VALUES ('94','12','2018-08-11 21:00:00','0:59:59');
INSERT INTO segmentoVideo VALUES ('94','13','2018-08-11 22:00:00','0:59:59');
INSERT INTO segmentoVideo VALUES ('94','14','2018-08-11 23:00:00','0:59:59');
INSERT INTO segmentoVideo VALUES ('94','15','2018-08-12 00:00:00','0:59:59');
INSERT INTO segmentoVideo VALUES ('94','16','2018-08-12 01:00:00','0:59:59');
INSERT INTO segmentoVideo VALUES ('94','17','2018-08-12 02:00:00','0:59:59');
INSERT INTO segmentoVideo VALUES ('94','18','2018-08-12 03:00:00','0:59:59');
INSERT INTO segmentoVideo VALUES ('94','19','2018-08-12 04:00:00','0:59:59');
INSERT INTO segmentoVideo VALUES ('94','20','2018-08-12 05:00:00','0:59:59');
INSERT INTO segmentoVideo VALUES ('94','21','2018-08-12 06:00:00','0:59:59');
INSERT INTO segmentoVideo VALUES ('94','22','2018-08-12 07:00:00','0:59:59');
INSERT INTO segmentoVideo VALUES ('94','23','2018-08-12 08:00:00','0:59:59');
INSERT INTO segmentoVideo VALUES ('94','24','2018-08-12 09:00:00','0:59:59');
INSERT INTO segmentoVideo VALUES ('94','25','2018-08-12 10:00:00','0:59:59');
INSERT INTO segmentoVideo VALUES ('94','26','2018-08-12 11:00:00','0:59:59');
INSERT INTO segmentoVideo VALUES ('94','27','2018-08-12 12:00:00','0:59:59');
INSERT INTO segmentoVideo VALUES ('94','28','2018-08-12 13:00:00','0:59:59');
INSERT INTO segmentoVideo VALUES ('94','29','2018-08-12 14:00:00','0:59:59');
INSERT INTO segmentoVideo VALUES ('94','30','2018-08-12 15:00:00','0:59:59');
INSERT INTO segmentoVideo VALUES ('94','31','2018-08-12 16:00:00','0:59:59');
INSERT INTO segmentoVideo VALUES ('94','32','2018-08-12 17:00:00','0:59:59');
INSERT INTO segmentoVideo VALUES ('94','33','2018-08-12 18:00:00','0:59:59');
INSERT INTO segmentoVideo VALUES ('94','34','2018-08-12 19:00:00','0:59:59');
INSERT INTO segmentoVideo VALUES ('94','35','2018-08-12 20:00:00','0:59:59');
INSERT INTO segmentoVideo VALUES ('94','36','2018-08-12 21:00:00','0:59:59');
INSERT INTO segmentoVideo VALUES ('94','37','2018-08-12 22:00:00','0:59:59');
INSERT INTO segmentoVideo VALUES ('94','38','2018-08-12 23:00:00','0:59:59');
INSERT INTO segmentoVideo VALUES ('94','39','2018-08-13 00:00:00','0:59:59');
INSERT INTO segmentoVideo VALUES ('94','40','2018-08-13 01:00:00','0:59:59');
INSERT INTO segmentoVideo VALUES ('94','41','2018-08-13 02:00:00','0:59:59');
INSERT INTO segmentoVideo VALUES ('94','42','2018-08-13 03:00:00','0:59:59');
INSERT INTO segmentoVideo VALUES ('94','43','2018-08-13 04:00:00','0:59:59');
INSERT INTO segmentoVideo VALUES ('94','44','2018-08-13 05:00:00','0:59:59');
INSERT INTO segmentoVideo VALUES ('94','45','2018-08-13 06:00:00','0:59:59');
INSERT INTO segmentoVideo VALUES ('94','46','2018-08-13 07:00:00','0:59:59');
INSERT INTO segmentoVideo VALUES ('94','47','2018-08-13 08:00:00','0:59:59');
INSERT INTO segmentoVideo VALUES ('94','48','2018-08-13 09:00:00','0:59:59');
INSERT INTO segmentoVideo VALUES ('94','49','2018-08-13 10:00:00','0:59:59');

INSERT INTO zona VALUES ('Alameda Dom Afonso Henriques, Passeio oposto frente 82');
INSERT INTO zona VALUES ('Rua Carvalho Araújo, Junto Largo Mendonça e Costa');
INSERT INTO zona VALUES ('Rua Prof. Fernando da Fonseca, Junto Rua Prof. Vieira de Almeida');
INSERT INTO zona VALUES ('Avenida da Liberdade, Passeio Central,  frente 36 A');
INSERT INTO zona VALUES ('Praça da Estrela, Jardim Cinco de Outubro junto Basílica');
INSERT INTO zona VALUES ('Praça Luís de Camões, Placa Central');
INSERT INTO zona VALUES ('Avenida Miguel Bombarda, Frente 68- jardim');
INSERT INTO zona VALUES ('Largo das Portas do Sol, Junto Beco de Santa Helena');
INSERT INTO zona VALUES ('Praça das Flores, Jardim');
INSERT INTO zona VALUES ('Avenida Columbano Bordalo Pinheiro, Junto 5');
INSERT INTO zona VALUES ('Avenida da Liberdade, Frente 45');
INSERT INTO zona VALUES ('Rua Natália Correia, Junto Rua dos Sapadores');
INSERT INTO zona VALUES ('Avenida Grão Vasco, Passeio central frente 32');
INSERT INTO zona VALUES ('Rua Jau, Jardim');
INSERT INTO zona VALUES ('Campos Grandes');
INSERT INTO zona VALUES ('Rua Domingos Sequeira, Junto 30');
INSERT INTO zona VALUES ('Circular Norte do Bairro da Encarnação, Junto Rua 1º Cabo José Martins Silvestre');
INSERT INTO zona VALUES ('Rua Paulo Renato(antiga Rua 1 à Estrada de Benfica), Placa central, frente 1 G');
INSERT INTO zona VALUES ('Avenida Afonso Costa, Junto 6');
INSERT INTO zona VALUES ('Rua Dr. João Couto, Junto Avenida do Colégio Militar');
INSERT INTO zona VALUES ('Alameda de Santo António dos Capuchos, Junto 6 A');
INSERT INTO zona VALUES ('Rua da Imprensa Nacional, Junto 116 F');
INSERT INTO zona VALUES ('Cais do Sodré, Jardim Roque Gameiro');
INSERT INTO zona VALUES ('Rua de São Nicolau, Frente 98');
INSERT INTO zona VALUES ('Alameda das Linhas de Torres, Junto 251 A / 253');
INSERT INTO zona VALUES ('Avenida Afonso III, Frente 59');
INSERT INTO zona VALUES ('Avenida Cinco de Outubro, Junto Avenida das Forças Armadas');
INSERT INTO zona VALUES ('Praça do Império, Frente Mosteiro dos Jerónimos');
INSERT INTO zona VALUES ('Rua do Cais de Alcântara, Junto Avenida Vinte e Quatro de Julho');
INSERT INTO zona VALUES ('Praça D. Pedro IV, Junto 114');
INSERT INTO zona VALUES ('Estrada de Benfica, Junto 451A');
INSERT INTO zona VALUES ('Rua Barata Salgueiro, Junto 26 A');
INSERT INTO zona VALUES ('Avenida dos Estados Unidos da América, Junto Rua de Entrecampos');
INSERT INTO zona VALUES ('Travessa da Praça, Junto 12');
INSERT INTO zona VALUES ('Largo do Calhariz, Junto Rua da Rosa');
INSERT INTO zona VALUES ('Avenida de Roma, Frente 9 C');
INSERT INTO zona VALUES ('Rua do Arco do Marquês de Alegrete, Frente 6 F');
INSERT INTO zona VALUES ('Rua Ferreira de Castro(antiga Rua E da Zona N1 de Chelas), Frente Lote 316');
INSERT INTO zona VALUES ('Rua Fernando Namora, junto Rua Prof. João Barreira');
INSERT INTO zona VALUES ('Avenida Almirante Reis, Junto24');
INSERT INTO zona VALUES ('Avenida dos Estados Unidos da América, Frente 44 A');
INSERT INTO zona VALUES ('Avenida Barbosa du Bocage, Passeio Central frente 3');
INSERT INTO zona VALUES ('Avenida de Roma, Frente 103');
INSERT INTO zona VALUES ('Avenida Dom Rodrigo da Cunha, Junto 8');
INSERT INTO zona VALUES ('Monchique');
INSERT INTO zona VALUES ('Rua Maestro Frederico de Freitas, Junto 1 A');
INSERT INTO zona VALUES ('Praça de Londres, Junto 12 C');
INSERT INTO zona VALUES ('Alameda do Beato, Monchique');
INSERT INTO zona VALUES ('Rua de Santana (Santana) à Lapa, Junto Avenida Infante Santo');
INSERT INTO zona VALUES ('Praça Espanha, Terminal Rodoviário');
INSERT INTO zona VALUES ('Avenida de Roma, Junto 3 A');
INSERT INTO zona VALUES ('Avenida Guerra Junqueiro, Junto 2 B');
INSERT INTO zona VALUES ('Campo dos Mártires da Pátria');
INSERT INTO zona VALUES ('Avenida Gomes Pereira, Junto 6');
INSERT INTO zona VALUES ('Avenida Vinte e Quatro de Julho, S/N');
INSERT INTO zona VALUES ('Rua Barata Salgueiro, Monchique');
INSERT INTO zona VALUES ('Alameda Dom Afonso Henriques, Junto 2');
INSERT INTO zona VALUES ('Campas das Mártires da Pátria');
INSERT INTO zona VALUES ('Estrada de Benfica, Junto 662 A');
INSERT INTO zona VALUES ('Rua Viriato, Passeio central  junto Avenida Cinco de Outubro');
INSERT INTO zona VALUES ('Campo Pequeno');
INSERT INTO zona VALUES ('Passeio dos Heróis do Mar, Passeio do Tejo');
INSERT INTO zona VALUES ('Avenida do Uruguai, Junto Rua Dr. Pereira Bernardes');
INSERT INTO zona VALUES ('Campo Grande');
INSERT INTO zona VALUES ('Avenida Almirante Reis, Junto 141');
INSERT INTO zona VALUES ('Largo do Carmo, Placa Central');
INSERT INTO zona VALUES ('Miradouro Sophia Mello Breyner Andresen, junto Jardim Augusto Gil');
INSERT INTO zona VALUES ('Rua Ferreira Borges, Junto 12 A');
INSERT INTO zona VALUES ('Rua da Junqueira, Junto Travessa da Guarda');
INSERT INTO zona VALUES ('Praça Paiva Couceiro, junto 6');
INSERT INTO zona VALUES ('Avenida do Uruguai, Junto 30 A');
INSERT INTO zona VALUES ('Avenida Infante Dom Henrique, Acesso estação fluvial');
INSERT INTO zona VALUES ('Avenida Duque de Loulé, Junto 125');
INSERT INTO zona VALUES ('Rua da Assunção, Frente 57');
INSERT INTO zona VALUES ('Avenida Fontes Pereira de Melo, Junto Rua Pinheiro Chagas');
INSERT INTO zona VALUES ('Avenida da Liberdade, Passeio Central, frente 117');
INSERT INTO zona VALUES ('Avenida Gomes Pereira, Frente 61 A');
INSERT INTO zona VALUES ('Avenida do Brasil, Junto Avenida de Roma');
INSERT INTO zona VALUES ('Praça do Príncipe Real');
INSERT INTO zona VALUES ('Avenida da Igreja, Frente 32');
INSERT INTO zona VALUES ('Rua Castilho, Junto 90');
INSERT INTO zona VALUES ('Rua Andrade Corvo, Junto 10');
INSERT INTO zona VALUES ('Oliveira do Hospital');
INSERT INTO zona VALUES ('Avenida Almirante Reis, Junto 1');
INSERT INTO zona VALUES ('Rua José Estêvão, No jardim Constantino, passeio oposto frente 129');
INSERT INTO zona VALUES ('Largo do Rato, Frente 4');
INSERT INTO zona VALUES ('Estrada dos Arneiros, Junto Rua Elvira Velez');
INSERT INTO zona VALUES ('Avenida Infante Santo, Junto 347');
INSERT INTO zona VALUES ('Avenida Infante Dom Henrique, Junto CP  Estação Santa Apolónia');
INSERT INTO zona VALUES ('Rua Carlos Testa, Junto 3 A');
INSERT INTO zona VALUES ('Avenida Cinco de Outubro, Passeio Central  junto Rua Pinheiro Chagas');
INSERT INTO zona VALUES ('Rua João Frederico Ludovice, Frente 6 B');
INSERT INTO zona VALUES ('Estrada do Calhariz de Benfica, Junto Rua José da Purificação Chaves');
INSERT INTO zona VALUES ('Rua Prof. Sousa da Câmara, Junto Avenida Engenheiro Duarte Pacheco');
INSERT INTO zona VALUES ('Avenida da Liberdade, placa central, frente 77');
INSERT INTO zona VALUES ('Avenida Dom Carlos I, Frente 42  B');
INSERT INTO zona VALUES ('Avenida Cinco de Outubro, Passeio Central  frente 168');
INSERT INTO zona VALUES ('Rua Aquiles Machado, Junto lote 1');
INSERT INTO zona VALUES ('Alameda das Linhas de Torres, Quiosque Carris');
INSERT INTO zona VALUES ('Campo Grande, Frente 1B (Entrecampos)');
INSERT INTO zona VALUES ('Avenida Infante Dom Henrique, Junto Estação Sul e Sueste');

INSERT INTO vigia VALUES ('Largo do Carmo, Placa Central', '1');
INSERT INTO vigia VALUES ('Avenida Fontes Pereira de Melo, Junto Rua Pinheiro Chagas', '2');
INSERT INTO vigia VALUES ('Oliveira do Hospital', '3');
INSERT INTO vigia VALUES ('Alameda das Linhas de Torres, Quiosque Carris', '4');
INSERT INTO vigia VALUES ('Avenida Miguel Bombarda, Frente 68- jardim', '5');
INSERT INTO vigia VALUES ('Rua Carvalho Araújo, Junto Largo Mendonça e Costa', '6');
INSERT INTO vigia VALUES ('Travessa da Praça, Junto 12', '7');
INSERT INTO vigia VALUES ('Avenida da Liberdade, Passeio Central,  frente 36 A', '8');
INSERT INTO vigia VALUES ('Avenida da Liberdade, Passeio Central, frente 117', '9');
INSERT INTO vigia VALUES ('Praça do Império, Frente Mosteiro dos Jerónimos', '10');
INSERT INTO vigia VALUES ('Avenida Cinco de Outubro, Passeio Central  junto Rua Pinheiro Chagas', '11');
INSERT INTO vigia VALUES ('Travessa da Praça, Junto 12', '12');
INSERT INTO vigia VALUES ('Avenida da Liberdade, placa central, frente 77', '13');
INSERT INTO vigia VALUES ('Avenida do Uruguai, Junto 30 A', '14');
INSERT INTO vigia VALUES ('Estrada do Calhariz de Benfica, Junto Rua José da Purificação Chaves', '15');
INSERT INTO vigia VALUES ('Avenida Dom Rodrigo da Cunha, Junto 8', '16');
INSERT INTO vigia VALUES ('Rua João Frederico Ludovice, Frente 6 B', '17');
INSERT INTO vigia VALUES ('Rua José Estêvão, No jardim Constantino, passeio oposto frente 129', '18');
INSERT INTO vigia VALUES ('Rua de São Nicolau, Frente 98', '19');
INSERT INTO vigia VALUES ('Rua Barata Salgueiro, Junto 26 A', '20');
INSERT INTO vigia VALUES ('Rua Castilho, Junto 90', '21');
INSERT INTO vigia VALUES ('Praça das Flores, Jardim', '22');
INSERT INTO vigia VALUES ('Rua Castilho, Junto 90', '23');
INSERT INTO vigia VALUES ('Avenida Afonso Costa, Junto 6', '24');
INSERT INTO vigia VALUES ('Rua da Junqueira, Junto Travessa da Guarda', '25');
INSERT INTO vigia VALUES ('Avenida da Liberdade, Frente 45', '26');
INSERT INTO vigia VALUES ('Rua Barata Salgueiro, Junto 26 A', '27');
INSERT INTO vigia VALUES ('Rua Ferreira de Castro(antiga Rua E da Zona N1 de Chelas), Frente Lote 316', '28');
INSERT INTO vigia VALUES ('Avenida Grão Vasco, Passeio central frente 32', '29');
INSERT INTO vigia VALUES ('Avenida de Roma, Frente 103', '30');
INSERT INTO vigia VALUES ('Avenida Afonso Costa, Junto 6', '31');
INSERT INTO vigia VALUES ('Campo Grande', '32');
INSERT INTO vigia VALUES ('Rua da Junqueira, Junto Travessa da Guarda', '33');
INSERT INTO vigia VALUES ('Avenida da Igreja, Frente 32', '34');
INSERT INTO vigia VALUES ('Avenida de Roma, Frente 9 C', '35');
INSERT INTO vigia VALUES ('Passeio dos Heróis do Mar, Passeio do Tejo', '36');
INSERT INTO vigia VALUES ('Avenida Afonso Costa, Junto 6', '37');
INSERT INTO vigia VALUES ('Avenida de Roma, Junto 3 A', '38');
INSERT INTO vigia VALUES ('Campo Grande', '39');
INSERT INTO vigia VALUES ('Rua Castilho, Junto 90', '40');
INSERT INTO vigia VALUES ('Estrada de Benfica, Junto 451A', '41');
INSERT INTO vigia VALUES ('Avenida Afonso Costa, Junto 6', '42');
INSERT INTO vigia VALUES ('Avenida Cinco de Outubro, Passeio Central  junto Rua Pinheiro Chagas', '43');
INSERT INTO vigia VALUES ('Avenida Infante Dom Henrique, Junto Estação Sul e Sueste', '44');
INSERT INTO vigia VALUES ('Rua do Cais de Alcântara, Junto Avenida Vinte e Quatro de Julho', '45');
INSERT INTO vigia VALUES ('Alameda das Linhas de Torres, Junto 251 A / 253', '46');
INSERT INTO vigia VALUES ('Avenida Almirante Reis, Junto 1', '47');
INSERT INTO vigia VALUES ('Estrada dos Arneiros, Junto Rua Elvira Velez', '48');
INSERT INTO vigia VALUES ('Avenida de Roma, Frente 103', '49');
INSERT INTO vigia VALUES ('Avenida do Brasil, Junto Avenida de Roma', '50');
INSERT INTO vigia VALUES ('Avenida de Roma, Frente 9 C', '51');
INSERT INTO vigia VALUES ('Avenida Infante Dom Henrique, Acesso estação fluvial', '52');
INSERT INTO vigia VALUES ('Cais do Sodré, Jardim Roque Gameiro', '53');
INSERT INTO vigia VALUES ('Campos Grandes', '54');
INSERT INTO vigia VALUES ('Avenida da Liberdade, Passeio Central, frente 117', '55');
INSERT INTO vigia VALUES ('Avenida do Uruguai, Junto Rua Dr. Pereira Bernardes', '56');
INSERT INTO vigia VALUES ('Praça das Flores, Jardim', '57');
INSERT INTO vigia VALUES ('Rua José Estêvão, No jardim Constantino, passeio oposto frente 129', '58');
INSERT INTO vigia VALUES ('Avenida Afonso Costa, Junto 6', '59');
INSERT INTO vigia VALUES ('Avenida Barbosa du Bocage, Passeio Central frente 3', '60');
INSERT INTO vigia VALUES ('Avenida Vinte e Quatro de Julho, S/N', '61');
INSERT INTO vigia VALUES ('Campas das Mártires da Pátria', '62');
INSERT INTO vigia VALUES ('Alameda das Linhas de Torres, Quiosque Carris', '63');
INSERT INTO vigia VALUES ('Circular Norte do Bairro da Encarnação, Junto Rua 1º Cabo José Martins Silvestre', '64');
INSERT INTO vigia VALUES ('Largo do Calhariz, Junto Rua da Rosa', '65');
INSERT INTO vigia VALUES ('Cais do Sodré, Jardim Roque Gameiro', '66');
INSERT INTO vigia VALUES ('Avenida da Liberdade, Frente 45', '67');
INSERT INTO vigia VALUES ('Praça do Império, Frente Mosteiro dos Jerónimos', '68');
INSERT INTO vigia VALUES ('Avenida Afonso III, Frente 59', '69');
INSERT INTO vigia VALUES ('Avenida Infante Dom Henrique, Junto CP  Estação Santa Apolónia', '70');
INSERT INTO vigia VALUES ('Rua Ferreira Borges, Junto 12 A', '71');
INSERT INTO vigia VALUES ('Rua Viriato, Passeio central  junto Avenida Cinco de Outubro', '72');
INSERT INTO vigia VALUES ('Avenida Guerra Junqueiro, Junto 2 B', '73');
INSERT INTO vigia VALUES ('Avenida Infante Santo, Junto 347', '74');
INSERT INTO vigia VALUES ('Rua Aquiles Machado, Junto lote 1', '75');
INSERT INTO vigia VALUES ('Alameda de Santo António dos Capuchos, Junto 6 A', '76');
INSERT INTO vigia VALUES ('Praça do Príncipe Real', '77');
INSERT INTO vigia VALUES ('Avenida Gomes Pereira, Junto 6', '78');
INSERT INTO vigia VALUES ('Campo dos Mártires da Pátria', '79');
INSERT INTO vigia VALUES ('Rua da Imprensa Nacional, Junto 116 F', '80');
INSERT INTO vigia VALUES ('Rua Barata Salgueiro, Junto 26 A', '81');
INSERT INTO vigia VALUES ('Campas das Mártires da Pátria', '82');
INSERT INTO vigia VALUES ('Avenida de Roma, Junto 3 A', '83');
INSERT INTO vigia VALUES ('Rua João Frederico Ludovice, Frente 6 B', '84');
INSERT INTO vigia VALUES ('Largo do Calhariz, Junto Rua da Rosa', '85');
INSERT INTO vigia VALUES ('Avenida Cinco de Outubro, Junto Avenida das Forças Armadas', '86');
INSERT INTO vigia VALUES ('Rua Aquiles Machado, Junto lote 1', '87');
INSERT INTO vigia VALUES ('Campos Grandes', '88');
INSERT INTO vigia VALUES ('Avenida Guerra Junqueiro, Junto 2 B', '89');
INSERT INTO vigia VALUES ('Rua Natália Correia, Junto Rua dos Sapadores', '90');
INSERT INTO vigia VALUES ('Estrada do Calhariz de Benfica, Junto Rua José da Purificação Chaves', '91');
INSERT INTO vigia VALUES ('Praça do Império, Frente Mosteiro dos Jerónimos', '92');
INSERT INTO vigia VALUES ('Rua Castilho, Junto 90', '93');
INSERT INTO vigia VALUES ('Estrada do Calhariz de Benfica, Junto Rua José da Purificação Chaves', '94');
INSERT INTO vigia VALUES ('Praça de Londres, Junto 12 C', '95');
INSERT INTO vigia VALUES ('Rua Paulo Renato(antiga Rua 1 à Estrada de Benfica), Placa central, frente 1 G', '96');
INSERT INTO vigia VALUES ('Rua Andrade Corvo, Junto 10', '97');
INSERT INTO vigia VALUES ('Avenida Almirante Reis, Junto 1', '98');
INSERT INTO vigia VALUES ('Cais do Sodré, Jardim Roque Gameiro', '99');
INSERT INTO vigia VALUES ('Avenida Miguel Bombarda, Frente 68- jardim', '100');

INSERT INTO processoSocorro VALUES ('0');
INSERT INTO processoSocorro VALUES ('1');
INSERT INTO processoSocorro VALUES ('2');
INSERT INTO processoSocorro VALUES ('3');
INSERT INTO processoSocorro VALUES ('4');
INSERT INTO processoSocorro VALUES ('5');
INSERT INTO processoSocorro VALUES ('6');
INSERT INTO processoSocorro VALUES ('7');
INSERT INTO processoSocorro VALUES ('8');
INSERT INTO processoSocorro VALUES ('9');
INSERT INTO processoSocorro VALUES ('10');
INSERT INTO processoSocorro VALUES ('11');
INSERT INTO processoSocorro VALUES ('12');
INSERT INTO processoSocorro VALUES ('13');
INSERT INTO processoSocorro VALUES ('14');
INSERT INTO processoSocorro VALUES ('15');
INSERT INTO processoSocorro VALUES ('16');
INSERT INTO processoSocorro VALUES ('17');
INSERT INTO processoSocorro VALUES ('18');
INSERT INTO processoSocorro VALUES ('19');
INSERT INTO processoSocorro VALUES ('20');
INSERT INTO processoSocorro VALUES ('21');
INSERT INTO processoSocorro VALUES ('22');
INSERT INTO processoSocorro VALUES ('23');
INSERT INTO processoSocorro VALUES ('24');
INSERT INTO processoSocorro VALUES ('25');
INSERT INTO processoSocorro VALUES ('26');
INSERT INTO processoSocorro VALUES ('27');
INSERT INTO processoSocorro VALUES ('28');
INSERT INTO processoSocorro VALUES ('29');
INSERT INTO processoSocorro VALUES ('30');
INSERT INTO processoSocorro VALUES ('31');
INSERT INTO processoSocorro VALUES ('32');
INSERT INTO processoSocorro VALUES ('33');
INSERT INTO processoSocorro VALUES ('34');
INSERT INTO processoSocorro VALUES ('35');
INSERT INTO processoSocorro VALUES ('36');
INSERT INTO processoSocorro VALUES ('37');
INSERT INTO processoSocorro VALUES ('38');
INSERT INTO processoSocorro VALUES ('39');
INSERT INTO processoSocorro VALUES ('40');
INSERT INTO processoSocorro VALUES ('41');
INSERT INTO processoSocorro VALUES ('42');
INSERT INTO processoSocorro VALUES ('43');
INSERT INTO processoSocorro VALUES ('44');
INSERT INTO processoSocorro VALUES ('45');
INSERT INTO processoSocorro VALUES ('46');
INSERT INTO processoSocorro VALUES ('47');
INSERT INTO processoSocorro VALUES ('48');
INSERT INTO processoSocorro VALUES ('49');
INSERT INTO processoSocorro VALUES ('50');
INSERT INTO processoSocorro VALUES ('51');
INSERT INTO processoSocorro VALUES ('52');
INSERT INTO processoSocorro VALUES ('53');
INSERT INTO processoSocorro VALUES ('54');
INSERT INTO processoSocorro VALUES ('55');
INSERT INTO processoSocorro VALUES ('56');
INSERT INTO processoSocorro VALUES ('57');
INSERT INTO processoSocorro VALUES ('58');
INSERT INTO processoSocorro VALUES ('59');
INSERT INTO processoSocorro VALUES ('60');
INSERT INTO processoSocorro VALUES ('61');
INSERT INTO processoSocorro VALUES ('62');
INSERT INTO processoSocorro VALUES ('63');
INSERT INTO processoSocorro VALUES ('64');
INSERT INTO processoSocorro VALUES ('65');
INSERT INTO processoSocorro VALUES ('66');
INSERT INTO processoSocorro VALUES ('67');
INSERT INTO processoSocorro VALUES ('68');
INSERT INTO processoSocorro VALUES ('69');
INSERT INTO processoSocorro VALUES ('70');
INSERT INTO processoSocorro VALUES ('71');
INSERT INTO processoSocorro VALUES ('72');
INSERT INTO processoSocorro VALUES ('73');
INSERT INTO processoSocorro VALUES ('74');
INSERT INTO processoSocorro VALUES ('75');
INSERT INTO processoSocorro VALUES ('76');
INSERT INTO processoSocorro VALUES ('77');
INSERT INTO processoSocorro VALUES ('78');
INSERT INTO processoSocorro VALUES ('79');
INSERT INTO processoSocorro VALUES ('80');
INSERT INTO processoSocorro VALUES ('81');
INSERT INTO processoSocorro VALUES ('82');
INSERT INTO processoSocorro VALUES ('83');
INSERT INTO processoSocorro VALUES ('84');
INSERT INTO processoSocorro VALUES ('85');
INSERT INTO processoSocorro VALUES ('86');
INSERT INTO processoSocorro VALUES ('87');
INSERT INTO processoSocorro VALUES ('88');
INSERT INTO processoSocorro VALUES ('89');
INSERT INTO processoSocorro VALUES ('90');
INSERT INTO processoSocorro VALUES ('91');
INSERT INTO processoSocorro VALUES ('92');
INSERT INTO processoSocorro VALUES ('93');
INSERT INTO processoSocorro VALUES ('94');
INSERT INTO processoSocorro VALUES ('95');
INSERT INTO processoSocorro VALUES ('96');
INSERT INTO processoSocorro VALUES ('97');
INSERT INTO processoSocorro VALUES ('98');
INSERT INTO processoSocorro VALUES ('99');
INSERT INTO processoSocorro VALUES ('100');

INSERT INTO eventoEmergencia VALUES ('Graça Fonseca','Praça de Londres, Junto 12 C','0','934904213','2018-08-11 22:20:00');
INSERT INTO eventoEmergencia VALUES ('António Moura','Avenida da Igreja, Frente 32','1','923373407','2018-08-12 12:20:00');
INSERT INTO eventoEmergencia VALUES ('Fernando Nogueira','Rua do Cais de Alcântara, Junto Avenida Vinte e Quatro de Julho','2','927386760','2018-08-12 22:21:00');
INSERT INTO eventoEmergencia VALUES ('Manuel Ferreira Teixeira','Avenida da Liberdade, Passeio Central,  frente 36 A','3','936660768','2018-08-12 21:16:00');
INSERT INTO eventoEmergencia VALUES ('Mário Raposo','Avenida de Roma, Frente 103','4','961846599','2018-09-12 03:10:00');
INSERT INTO eventoEmergencia VALUES ('Luís Barbosa','Avenida Cinco de Outubro, Passeio Central  junto Rua Pinheiro Chagas','5','964306597','2018-08-12 22:36:00');
INSERT INTO eventoEmergencia VALUES ('Adolfo Mesquita Nunes','Rua Dr. João Couto, Junto Avenida do Colégio Militar','6','968951299','2018-08-12 15:56:00');
INSERT INTO eventoEmergencia VALUES ('Fernando do Amaral','Avenida Gomes Pereira, Frente 61 A','7','923114055','2018-02-12 10:42:00');
INSERT INTO eventoEmergencia VALUES ('Luís Marques Mendes','Circular Norte do Bairro da Encarnação, Junto Rua 1º Cabo José Martins Silvestre','8','939698218','2018-08-12 09:37:00');
INSERT INTO eventoEmergencia VALUES ('Luís Amado','Largo do Rato, Frente 4','9','926461842','2017-08-12 01:36:00');
INSERT INTO eventoEmergencia VALUES ('Mário Raposo','Avenida de Roma, Frente 103','10','961846599','2018-08-13 23:05:00');
INSERT INTO eventoEmergencia VALUES ('Manuel Soares Costa','Rua Andrade Corvo, Junto 10','11','938013556','2018-08-12 16:10:00');
INSERT INTO eventoEmergencia VALUES ('António Maldonado Gonelha','Avenida do Uruguai, Junto Rua Dr. Pereira Bernardes','12','922538008','2018-10-12 09:34:00');
INSERT INTO eventoEmergencia VALUES ('Diamantino Durão','Avenida Guerra Junqueiro, Junto 2 B','13','969783586','2018-08-12 16:29:00');
INSERT INTO eventoEmergencia VALUES ('Henrique de Barros','Avenida Afonso III, Frente 59','14','924197800','2018-08-12 16:38:00');
INSERT INTO eventoEmergencia VALUES ('Basílio Horta','Estrada dos Arneiros, Junto Rua Elvira Velez','15','963348932','2018-08-12 03:49:00');
INSERT INTO eventoEmergencia VALUES ('Miguel José Ribeiro Cadilhe','Avenida Infante Dom Henrique, Acesso estação fluvial','16','966177799','2018-08-12 09:33:00');
INSERT INTO eventoEmergencia VALUES ('José António Vieira da Silva','Rua de Santana (Santana) à Lapa, Junto Avenida Infante Santo','17','932327199','2018-08-12 00:49:00');
INSERT INTO eventoEmergencia VALUES ('Mário Cristina de Sousa','Alameda das Linhas de Torres, Quiosque Carris','18','930027535','2018-08-12 15:14:00');
INSERT INTO eventoEmergencia VALUES ('Manuel Castro Almeida','Rua Barata Salgueiro, Junto 26 A','19','936604924','2018-08-12 09:10:00');
INSERT INTO eventoEmergencia VALUES ('Luís Braga da Cruz','Avenida de Roma, Frente 9 C','20','933625979','2018-08-12 03:45:00');
INSERT INTO eventoEmergencia VALUES ('Pedro Lynce','Monchique','21','924548402','2018-08-12 16:33:00');
INSERT INTO eventoEmergencia VALUES ('Carlos Melancia','Estrada de Benfica, Junto 662 A','22','920740766','2018-08-12 06:32:00');
INSERT INTO eventoEmergencia VALUES ('Álvaro Barreto','Campos Grandes','23','934869643','2018-08-12 17:29:00');
INSERT INTO eventoEmergencia VALUES ('Mário Sottomayor Cardia','Rua Prof. Fernando da Fonseca, Junto Rua Prof. Vieira de Almeida','24','962129388','2016-07-12 02:40:00');
INSERT INTO eventoEmergencia VALUES ('Luís Marques Guedes','Avenida Cinco de Outubro, Junto Avenida das Forças Armadas','25','936834629','2018-08-12 04:58:00');
INSERT INTO eventoEmergencia VALUES ('Helena Mesquita Ribeiro','Avenida Infante Dom Henrique, Junto Estação Sul e Sueste','26','937430433','2015-08-18 07:51:00');
INSERT INTO eventoEmergencia VALUES ('Joaquim Ferreira do Amaral','Alameda de Santo António dos Capuchos, Junto 6 A','27','924110629','2018-08-12 19:24:00');
INSERT INTO eventoEmergencia VALUES ('António Maldonado Gonelha','Avenida do Uruguai, Junto Rua Dr. Pereira Bernardes','28','922538008','2018-08-12 11:29:00');
INSERT INTO eventoEmergencia VALUES ('Manuel Ferreira Teixeira','Avenida da Liberdade, Passeio Central,  frente 36 A','29','936660768','2018-08-12 05:37:00');
INSERT INTO eventoEmergencia VALUES ('José António Vieira da Silva','Rua de Santana (Santana) à Lapa, Junto Avenida Infante Santo','30','932327199','2018-08-12 00:48:00');
INSERT INTO eventoEmergencia VALUES ('Manuel Caldeira Cabral','Praça do Império, Frente Mosteiro dos Jerónimos','31','932090215','2018-08-12 16:45:00');
INSERT INTO eventoEmergencia VALUES ('Miguel Poiares Maduro','Praça das Flores, Jardim','32','965864472','2018-08-12 05:04:00');
INSERT INTO eventoEmergencia VALUES ('Rui Pena','Miradouro Sophia Mello Breyner Andresen, junto Jardim Augusto Gil','33','921241883','2018-08-12 08:04:00');
INSERT INTO eventoEmergencia VALUES ('Jaime Gama','Avenida Almirante Reis, Junto 1','34','930290294','2018-08-12 13:36:00');
INSERT INTO eventoEmergencia VALUES ('Aníbal Cavaco Silva','Largo do Calhariz, Junto Rua da Rosa','35','966946420','2018-08-12 19:43:00');
INSERT INTO eventoEmergencia VALUES ('António Costa','Avenida Duque de Loulé, Junto 125','36','939026043','2018-08-12 09:10:00');
INSERT INTO eventoEmergencia VALUES ('Manuel Caldeira Cabral','Praça do Império, Frente Mosteiro dos Jerónimos','37','932090215','2018-08-12 17:08:00');
INSERT INTO eventoEmergencia VALUES ('Jorge Lacão','Avenida Vinte e Quatro de Julho, S/N','38','969540247','2018-08-12 12:32:00');
INSERT INTO eventoEmergencia VALUES ('Amílcar Theias','Rua Domingos Sequeira, Junto 30','39','937317456','2018-08-12 13:19:00');
INSERT INTO eventoEmergencia VALUES ('Emídio Guerreiro','Avenida Dom Rodrigo da Cunha, Junto 8','40','963337295','2018-08-12 07:04:00');
INSERT INTO eventoEmergencia VALUES ('Mário Cristina de Sousa','Alameda das Linhas de Torres, Quiosque Carris','41','930027535','2018-08-12 06:28:00');
INSERT INTO eventoEmergencia VALUES ('Ana Sofia Antunes','Rua Paulo Renato(antiga Rua 1 à Estrada de Benfica), Placa central, frente 1 G','42','939362924','2018-08-12 09:02:00');
INSERT INTO eventoEmergencia VALUES ('Adolfo Mesquita Nunes','Rua Dr. João Couto, Junto Avenida do Colégio Militar','43','968951299','2018-08-12 10:52:00');
INSERT INTO eventoEmergencia VALUES ('António Bagão Félix','Avenida da Liberdade, Passeio Central, frente 117','44','966615738','2018-08-12 09:52:00');
INSERT INTO eventoEmergencia VALUES ('Manuel Caldeira Cabral','Praça do Império, Frente Mosteiro dos Jerónimos','45','932090215','2018-08-12 12:14:00');
INSERT INTO eventoEmergencia VALUES ('Manuela Arcanjo','Rua Natália Correia, Junto Rua dos Sapadores','46','930327344','2018-08-12 05:19:00');
INSERT INTO eventoEmergencia VALUES ('José Sasportes','Oliveira do Hospital','47','927601805','2018-08-12 14:15:00');
INSERT INTO eventoEmergencia VALUES ('António Correia de Campos','Alameda Dom Afonso Henriques, Junto 2','48','926956434','2018-08-12 12:24:00');
INSERT INTO eventoEmergencia VALUES ('Luís Marques Guedes','Avenida Cinco de Outubro, Junto Avenida das Forças Armadas','49','936834629','2018-08-12 09:18:00');
INSERT INTO eventoEmergencia VALUES ('Luís Capoulas Santos','Campo Grande','50','927642859','2018-08-12 01:54:00');
INSERT INTO eventoEmergencia VALUES ('Luís Capoulas Santos','Campo Grande','51','927642859','2018-08-12 05:43:00');
INSERT INTO eventoEmergencia VALUES ('Manuel Caldeira Cabral','Praça do Império, Frente Mosteiro dos Jerónimos','52','932090215','2018-08-12 03:54:00');
INSERT INTO eventoEmergencia VALUES ('Fernando do Amaral','Avenida Gomes Pereira, Frente 61 A','53','923114055','2018-08-12 16:13:00');
INSERT INTO eventoEmergencia VALUES ('Filipe Lobo dÁvila','Avenida do Uruguai, Junto 30 A','54','934045417','2018-08-12 03:07:00');
INSERT INTO eventoEmergencia VALUES ('António Barreto','Avenida Miguel Bombarda, Frente 68- jardim','55','963056936','2018-08-12 02:10:00');
INSERT INTO eventoEmergencia VALUES ('António Moura','Avenida da Igreja, Frente 32','56','923373407','2018-08-12 17:50:00');
INSERT INTO eventoEmergencia VALUES ('Maria de Belém Roseira','Rua José Estêvão, No jardim Constantino, passeio oposto frente 129','57','927841568','2018-08-12 23:07:00');
INSERT INTO eventoEmergencia VALUES ('Francisco de Sousa Tavares','Rua da Assunção, Frente 57','58','924819684','2018-08-12 08:21:00');
INSERT INTO eventoEmergencia VALUES ('Luís Marques Mendes','Circular Norte do Bairro da Encarnação, Junto Rua 1º Cabo José Martins Silvestre','59','939698218','2018-08-12 01:01:00');
INSERT INTO eventoEmergencia VALUES ('António Moura','Avenida da Igreja, Frente 32','60','923373407','2018-08-12 05:07:00');
INSERT INTO eventoEmergencia VALUES ('Eurico Ferreira Nunes','Rua Maestro Frederico de Freitas, Junto 1 A','61','961688262','2018-08-12 23:35:00');
INSERT INTO eventoEmergencia VALUES ('Carlos Alberto Rosa','Avenida do Brasil, Junto Avenida de Roma','62','923385710','2018-08-12 18:31:00');
INSERT INTO eventoEmergencia VALUES ('Helena Mesquita Ribeiro','Avenida Infante Dom Henrique, Junto Estação Sul e Sueste','63','937430433','2018-08-12 00:53:00');
INSERT INTO eventoEmergencia VALUES ('Luís Mira Amaral','Praça Espanha, Terminal Rodoviário','64','967779539','2018-08-12 05:04:00');
INSERT INTO eventoEmergencia VALUES ('António Barreto','Avenida Miguel Bombarda, Frente 68- jardim','65','963056936','2018-08-12 20:05:00');
INSERT INTO eventoEmergencia VALUES ('Manuel Soares Costa','Rua Andrade Corvo, Junto 10','66','938013556','2018-08-12 01:59:00');
INSERT INTO eventoEmergencia VALUES ('José Leite Martins','Praça Luís de Camões, Placa Central','67','966148028','2018-08-12 10:22:00');
INSERT INTO eventoEmergencia VALUES ('Eurico Ferreira Nunes','Rua Maestro Frederico de Freitas, Junto 1 A','68','961688262','2018-08-12 17:49:00');
INSERT INTO eventoEmergencia VALUES ('Maria Luís Albuquerque','Rua Barata Salgueiro, Monchique','69','938692884','2018-08-12 09:59:00');
INSERT INTO eventoEmergencia VALUES ('Sérgio Silva Monteiro','Rua do Arco do Marquês de Alegrete, Frente 6 F','70','965309135','2018-08-12 17:12:00');
INSERT INTO eventoEmergencia VALUES ('Luís Barbosa','Avenida Cinco de Outubro, Passeio Central  frente 168','71','928063919','2018-08-12 15:45:00');
INSERT INTO eventoEmergencia VALUES ('Francisco Marcelo Curto','Travessa da Praça, Junto 12','72','923051043','2018-08-12 04:50:00');
INSERT INTO eventoEmergencia VALUES ('Ricardo Bayão Horta','Avenida da Liberdade, Frente 45','73','924777114','2018-08-12 22:19:00');
INSERT INTO eventoEmergencia VALUES ('Joaquim Ferreira do Amaral','Rua Fernando Namora, junto Rua Prof. João Barreira','74','922305832','2018-08-12 16:02:00');
INSERT INTO eventoEmergencia VALUES ('Raúl Junqueiro','Avenida Fontes Pereira de Melo, Junto Rua Pinheiro Chagas','75','928085418','2018-08-12 03:26:00');
INSERT INTO eventoEmergencia VALUES ('António Maldonado Gonelha','Rua da Junqueira, Junto Travessa da Guarda','76','938538742','2018-08-12 16:39:00');
INSERT INTO eventoEmergencia VALUES ('António Barreto','Avenida Miguel Bombarda, Frente 68- jardim','77','963056936','2018-08-12 02:45:00');
INSERT INTO eventoEmergencia VALUES ('Luís Mira Amaral','Praça Espanha, Terminal Rodoviário','78','967779539','2018-08-12 06:27:00');
INSERT INTO eventoEmergencia VALUES ('Luís Barbosa','Avenida Cinco de Outubro, Passeio Central  frente 168','79','928063919','2018-08-12 22:00:00');
INSERT INTO eventoEmergencia VALUES ('Manuel Castro Almeida','Rua Barata Salgueiro, Junto 26 A','80','936604924','2018-08-12 18:55:00');
INSERT INTO eventoEmergencia VALUES ('Maria de Belém Roseira','Rua José Estêvão, No jardim Constantino, passeio oposto frente 129','81','927841568','2018-08-12 09:59:00');
INSERT INTO eventoEmergencia VALUES ('Fernando do Amaral','Avenida Gomes Pereira, Frente 61 A','82','923114055','2018-08-12 23:43:00');
INSERT INTO eventoEmergencia VALUES ('António Correia de Campos','Alameda Dom Afonso Henriques, Junto 2','83','926956434','2018-08-12 07:57:00');
INSERT INTO eventoEmergencia VALUES ('Manuel Castro Almeida','Rua Barata Salgueiro, Junto 26 A','84','936604924','2018-08-12 16:41:00');
INSERT INTO eventoEmergencia VALUES ('Rui Machete','Praça Paiva Couceiro, junto 6','85','932866508','2018-08-12 07:46:00');
INSERT INTO eventoEmergencia VALUES ('Octávio Oliveira','Estrada do Calhariz de Benfica, Junto Rua José da Purificação Chaves','86','965367240','2018-08-12 01:41:00');
INSERT INTO eventoEmergencia VALUES ('Luís Marques Guedes','Avenida Cinco de Outubro, Junto Avenida das Forças Armadas','87','936834629','2018-08-12 12:15:00');
INSERT INTO eventoEmergencia VALUES ('Luís Barbosa','Avenida Cinco de Outubro, Passeio Central  junto Rua Pinheiro Chagas','88','964306597','2018-08-12 04:00:00');
INSERT INTO eventoEmergencia VALUES ('Maria Luís Albuquerque','Rua Barata Salgueiro, Monchique','89','938692884','2018-08-12 02:38:00');
INSERT INTO eventoEmergencia VALUES ('António Bagão Félix','Avenida da Liberdade, Passeio Central, frente 117','90','966615738','2018-08-12 21:54:00');
INSERT INTO eventoEmergencia VALUES ('Filipe Lobo dÁvila','Avenida do Uruguai, Junto 30 A','91','934045417','2018-08-12 10:40:00');
INSERT INTO eventoEmergencia VALUES ('Luís Valente de Oliveira','Rua Carvalho Araújo, Junto Largo Mendonça e Costa','92','929677102','2018-08-12 17:57:00');
INSERT INTO eventoEmergencia VALUES ('Francisco Nunes Correia','Estrada de Benfica, Junto 451A','93','934743113','2018-08-12 11:00:00');
INSERT INTO eventoEmergencia VALUES ('Paulo Pedroso','Avenida Dom Carlos I, Frente 42  B','94','965339789','2018-08-12 20:05:00');
INSERT INTO eventoEmergencia VALUES ('Pedro Pires de Miranda','Avenida dos Estados Unidos da América, Frente 44 A','95','922766879','2018-08-12 06:12:00');
INSERT INTO eventoEmergencia VALUES ('José António Vieira da Silva','Rua de Santana (Santana) à Lapa, Junto Avenida Infante Santo','96','932327199','2018-08-12 10:40:00');
INSERT INTO eventoEmergencia VALUES ('António Costa','Avenida Duque de Loulé, Junto 125','97','939026043','2018-08-12 13:07:00');
INSERT INTO eventoEmergencia VALUES ('António Serrano','Largo das Portas do Sol, Junto Beco de Santa Helena','98','922227088','2018-08-12 19:31:00');
INSERT INTO eventoEmergencia VALUES ('Helena Mesquita Ribeiro','Oliveira do Hospital','99','937430433','2018-08-12 22:14:00');

INSERT INTO eventoEmergencia VALUES ('Ana Sofia Antunes','Avenida da Liberdade, Passeio Central, frente 117','17','924094809','2018-08-12 06:25:00');
INSERT INTO eventoEmergencia VALUES ('António Capucho','Rua Natália Correia, Junto Rua dos Sapadores','57','932790713','2018-08-12 19:35:00');
INSERT INTO eventoEmergencia VALUES ('Augusto Ferreira do Amaral','Avenida Columbano Bordalo Pinheiro, Junto 5','21','965806800','2018-08-12 18:02:00');
INSERT INTO eventoEmergencia VALUES ('Armando Vara','Rua do Cais de Alcântara, Junto Avenida Vinte e Quatro de Julho','86','939654221','2018-08-12 03:44:00');
INSERT INTO eventoEmergencia VALUES ('Jaime Gama','Avenida do Brasil, Junto Avenida de Roma','82','934544520','2018-08-12 19:18:00');
INSERT INTO eventoEmergencia VALUES ('Carlos da Costa Neves','Estrada de Benfica, Junto 662 A','90','932956351','2018-08-12 01:43:00');
INSERT INTO eventoEmergencia VALUES ('Fernando Nogueira','Rua de São Nicolau, Frente 98','28','930577433','2018-08-12 05:50:00');
INSERT INTO eventoEmergencia VALUES ('Miguel Morais Leitão','Rua Andrade Corvo, Junto 10','50','936103214','2018-08-12 08:55:00');
INSERT INTO eventoEmergencia VALUES ('Helena Mesquita Ribeiro','Avenida da Liberdade, Passeio Central,  frente 36 A','99','922750699','2018-08-12 19:15:00');
INSERT INTO eventoEmergencia VALUES ('José António Vieira da Silva','Avenida do Brasil, Junto Avenida de Roma','48','929992599','2018-08-12 03:59:00');
INSERT INTO eventoEmergencia VALUES ('Luís Barbosa','Rua da Junqueira, Junto Travessa da Guarda','89','964811466','2018-08-12 05:47:00');
INSERT INTO eventoEmergencia VALUES ('Henrique de Barros','Rua da Assunção, Frente 57','25','960760675','2018-08-12 06:44:00');
INSERT INTO eventoEmergencia VALUES ('António Azevedo Gomes','Campo dos Mártires da Pátria','32','963750427','2018-08-12 05:57:00');
INSERT INTO eventoEmergencia VALUES ('Mário Cristina de Sousa','Praça de Londres, Junto 12 C','97','936181918','2018-08-12 06:05:00');
INSERT INTO eventoEmergencia VALUES ('Aníbal Cavaco Silva','Avenida do Uruguai, Junto 30 A','34','925775818','2018-08-12 08:31:00');
INSERT INTO eventoEmergencia VALUES ('Álvaro Barreto','Avenida do Brasil, Junto Avenida de Roma','61','965647532','2018-08-12 18:49:00');
INSERT INTO eventoEmergencia VALUES ('Helena Mesquita Ribeiro','Avenida do Uruguai, Junto Rua Dr. Pereira Bernardes','99','938043181','2018-08-12 18:30:00');
INSERT INTO eventoEmergencia VALUES ('Amílcar Theias','Campo Grande','15','965042302','2018-08-12 20:44:00');
INSERT INTO eventoEmergencia VALUES ('Raúl Junqueiro','Rua Andrade Corvo, Junto 10','74','928579642','2018-08-12 12:08:00');
INSERT INTO eventoEmergencia VALUES ('António Bagão Félix','Rua João Frederico Ludovice, Frente 6 B','75','969763778','2018-08-12 04:37:00');
INSERT INTO eventoEmergencia VALUES ('Manuel Caldeira Cabral','Rua Jau, Jardim','27','920275641','2018-08-12 11:18:00');
INSERT INTO eventoEmergencia VALUES ('Pedro Pires de Miranda','Campos Grandes','40','962853982','2018-08-12 20:20:00');
INSERT INTO eventoEmergencia VALUES ('Miguel Poiares Maduro','Rua de Santana (Santana) à Lapa, Junto Avenida Infante Santo','8','925870835','2018-08-12 03:49:00');
INSERT INTO eventoEmergencia VALUES ('António Sousa Lara','Rua José Estêvão, No jardim Constantino, passeio oposto frente 129','0','935426132','2018-08-12 12:24:00');
INSERT INTO eventoEmergencia VALUES ('António Azevedo Gomes','Rua da Imprensa Nacional, Junto 116 F','32','938368907','2018-08-12 17:51:00');
INSERT INTO eventoEmergencia VALUES ('Maria Luís Albuquerque','Avenida Gomes Pereira, Junto 6','55','936966613','2018-08-12 03:37:00');
INSERT INTO eventoEmergencia VALUES ('Manuel Ferreira Teixeira','Alameda de Santo António dos Capuchos, Junto 6 A','3','933291015','2018-08-12 23:03:00');
INSERT INTO eventoEmergencia VALUES ('Joaquim Ferreira do Amaral','Avenida Cinco de Outubro, Passeio Central  junto Rua Pinheiro Chagas','22','965401691','2018-08-12 16:27:00');
INSERT INTO eventoEmergencia VALUES ('José Cesário','Avenida Almirante Reis, Junto 1','9','937487883','2018-08-12 21:21:00');
INSERT INTO eventoEmergencia VALUES ('Jorge Lacão','Rua da Imprensa Nacional, Junto 116 F','54','965354028','2018-08-12 08:50:00');
INSERT INTO eventoEmergencia VALUES ('Miguel José Ribeiro Cadilhe','Miradouro Sophia Mello Breyner Andresen, junto Jardim Augusto Gil','71','965452623','2018-08-12 15:14:00');
INSERT INTO eventoEmergencia VALUES ('José Medeiros Ferreira','Rua da Assunção, Frente 57','41','964403928','2018-08-12 08:11:00');
INSERT INTO eventoEmergencia VALUES ('Luís Amado','Avenida da Liberdade, Passeio Central,  frente 36 A','84','926556535','2018-08-12 15:40:00');
INSERT INTO eventoEmergencia VALUES ('Diamantino Durão','Rua do Arco do Marquês de Alegrete, Frente 6 F','51','967030486','2018-08-12 23:44:00');
INSERT INTO eventoEmergencia VALUES ('Luís Valente de Oliveira','Estrada do Calhariz de Benfica, Junto Rua José da Purificação Chaves','39','931092428','2018-08-12 15:12:00');
INSERT INTO eventoEmergencia VALUES ('Acácio Pereira Magro','Avenida de Roma, Frente 103','4','928035784','2018-08-12 00:48:00');
INSERT INTO eventoEmergencia VALUES ('Mário Sottomayor Cardia','Campas das Mártires da Pátria','2','921678391','2018-08-12 18:39:00');
INSERT INTO eventoEmergencia VALUES ('Arlindo Cunha','Alameda do Beato, Monchique','60','924219962','2018-08-12 08:44:00');
INSERT INTO eventoEmergencia VALUES ('Luís Barbosa','Avenida Cinco de Outubro, Passeio Central  junto Rua Pinheiro Chagas','95','934141063','2018-08-12 01:31:00');
INSERT INTO eventoEmergencia VALUES ('Luís Barbosa','Avenida Dom Carlos I, Frente 42  B','89','932921575','2018-08-12 20:12:00');
INSERT INTO eventoEmergencia VALUES ('Maria do Céu Cunha Rego','Avenida de Roma, Frente 103','53','962082224','2018-08-12 11:14:00');
INSERT INTO eventoEmergencia VALUES ('António Maldonado Gonelha','Campo Grande, Frente 1B (Entrecampos)','68','939345275','2018-08-12 09:07:00');
INSERT INTO eventoEmergencia VALUES ('António Azevedo Gomes','Rua da Imprensa Nacional, Junto 116 F','32','923242794','2018-08-12 10:55:00');
INSERT INTO eventoEmergencia VALUES ('António Sousa Lara','Campo Grande','0','936195796','2018-08-12 04:09:00');
INSERT INTO eventoEmergencia VALUES ('Luís Barbosa','Rua Ferreira Borges, Junto 12 A','89','961705201','2018-08-12 14:19:00');
INSERT INTO eventoEmergencia VALUES ('Luís Amado','Praça de Londres, Junto 12 C','84','967919943','2018-08-12 22:53:00');
INSERT INTO eventoEmergencia VALUES ('Álvaro Barreto','Rua Maestro Frederico de Freitas, Junto 1 A','61','930473121','2018-08-12 01:16:00');
INSERT INTO eventoEmergencia VALUES ('Luís Barbosa','Rua do Cais de Alcântara, Junto Avenida Vinte e Quatro de Julho','89','926869702','2018-08-12 02:33:00');
INSERT INTO eventoEmergencia VALUES ('Pedro Pires de Miranda','Campo Grande','40','960301817','2018-08-12 02:46:00');
INSERT INTO eventoEmergencia VALUES ('Fernando do Amaral','Praça de Londres, Junto 12 C','76','967034228','2018-08-12 19:34:00');
INSERT INTO eventoEmergencia VALUES ('Nuno Severiano Teixeira','Rua Prof. Fernando da Fonseca, Junto Rua Prof. Vieira de Almeida','52','966277408','2018-08-12 00:45:00');
INSERT INTO eventoEmergencia VALUES ('Miguel José Ribeiro Cadilhe','Avenida Vinte e Quatro de Julho, S/N','71','939619971','2018-08-12 06:18:00');
INSERT INTO eventoEmergencia VALUES ('José Cesário','Praça das Flores, Jardim','9','928560373','2018-08-12 15:59:00');
INSERT INTO eventoEmergencia VALUES ('Paulo Pedroso','Avenida de Roma, Frente 9 C','94','926580070','2018-08-12 15:18:00');
INSERT INTO eventoEmergencia VALUES ('António Costa','Rua do Arco do Marquês de Alegrete, Frente 6 F','72','935989723','2018-08-12 19:37:00');
INSERT INTO eventoEmergencia VALUES ('Francisco de Sousa Tavares','Rua Prof. Sousa da Câmara, Junto Avenida Engenheiro Duarte Pacheco','73','963728295','2018-08-12 00:47:00');
INSERT INTO eventoEmergencia VALUES ('António Sousa Lara','Avenida Duque de Loulé, Junto 125','0','923331031','2018-08-12 06:40:00');
INSERT INTO eventoEmergencia VALUES ('Amândio de Azevedo','Avenida de Roma, Frente 103','12','926667808','2018-08-12 10:39:00');
INSERT INTO eventoEmergencia VALUES ('Carlos da Costa Neves','Rua João Frederico Ludovice, Frente 6 B','90','937298401','2018-08-12 22:10:00');
INSERT INTO eventoEmergencia VALUES ('Mário Cristina de Sousa','Largo das Portas do Sol, Junto Beco de Santa Helena','97','924264129','2018-08-12 05:07:00');
INSERT INTO eventoEmergencia VALUES ('Acácio Pereira Magro','Avenida Almirante Reis, Junto 141','4','928995795','2018-08-12 10:11:00');
INSERT INTO eventoEmergencia VALUES ('Ana Teresa Lehmann','Rua Castilho, Junto 90','29','939740424','2018-08-12 09:58:00');
INSERT INTO eventoEmergencia VALUES ('Luís Barbosa','Estrada de Benfica, Junto 662 A','95','933236243','2018-08-12 08:18:00');
INSERT INTO eventoEmergencia VALUES ('António Moura','Rua Paulo Renato(antiga Rua 1 à Estrada de Benfica), Placa central, frente 1 G','79','933920568','2018-08-12 23:23:00');
INSERT INTO eventoEmergencia VALUES ('Carlos da Costa Neves','Avenida Cinco de Outubro, Passeio Central  frente 168','90','938736217','2018-08-12 04:51:00');
INSERT INTO eventoEmergencia VALUES ('Paulo Silva Lemos','Rua Domingos Sequeira, Junto 30','65','930333554','2018-08-12 09:39:00');
INSERT INTO eventoEmergencia VALUES ('José Medeiros Ferreira','Avenida Grão Vasco, Passeio central frente 32','41','921047432','2018-08-12 11:53:00');
INSERT INTO eventoEmergencia VALUES ('Manuel Castro Almeida','Alameda das Linhas de Torres, Junto 251 A / 253','31','936450425','2018-08-12 19:57:00');
INSERT INTO eventoEmergencia VALUES ('Luís Barbosa','Largo das Portas do Sol, Junto Beco de Santa Helena','95','935116054','2018-08-12 06:37:00');
INSERT INTO eventoEmergencia VALUES ('Eurico de Melo','Avenida Infante Dom Henrique, Acesso estação fluvial','24','969755284','2018-08-12 22:19:00');
INSERT INTO eventoEmergencia VALUES ('Ana Paula Vitorino','Avenida Duque de Loulé, Junto 125','80','930338944','2018-08-12 08:54:00');
INSERT INTO eventoEmergencia VALUES ('Manuela Arcanjo','Avenida do Uruguai, Junto Rua Dr. Pereira Bernardes','11','965976441','2018-08-12 23:26:00');
INSERT INTO eventoEmergencia VALUES ('Sérgio Silva Monteiro','Avenida Almirante Reis, Junto 141','36','967264991','2018-08-12 00:25:00');
INSERT INTO eventoEmergencia VALUES ('José Cesário','Estrada de Benfica, Junto 662 A','9','968861100','2018-08-12 09:08:00');
INSERT INTO eventoEmergencia VALUES ('Maria Luís Albuquerque','Rua Carlos Testa, Junto 3 A','55','933417994','2018-08-12 01:10:00');
INSERT INTO eventoEmergencia VALUES ('Armando Vara','Miradouro Sophia Mello Breyner Andresen, junto Jardim Augusto Gil','86','938631103','2018-08-12 18:47:00');
INSERT INTO eventoEmergencia VALUES ('Basílio Horta','Avenida Almirante Reis, Junto 1','85','966979969','2018-08-12 22:09:00');
INSERT INTO eventoEmergencia VALUES ('Carlos Melancia','Avenida Gomes Pereira, Junto 6','58','926707698','2018-08-12 13:05:00');
INSERT INTO eventoEmergencia VALUES ('Adolfo Mesquita Nunes','Rua da Imprensa Nacional, Junto 116 F','19','968667343','2018-08-12 08:28:00');
INSERT INTO eventoEmergencia VALUES ('Rui Pena','Rua Aquiles Machado, Junto lote 1','66','964127125','2018-08-12 23:21:00');
INSERT INTO eventoEmergencia VALUES ('Basílio Horta','Avenida Cinco de Outubro, Passeio Central  junto Rua Pinheiro Chagas','85','928589852','2018-08-12 13:05:00');
INSERT INTO eventoEmergencia VALUES ('Maria Luís Albuquerque','Rua Carlos Testa, Junto 3 A','55','932451253','2018-08-12 22:15:00');
INSERT INTO eventoEmergencia VALUES ('Adolfo Mesquita Nunes','Campo Grande, Frente 1B (Entrecampos)','19','968902610','2018-08-12 02:26:00');
INSERT INTO eventoEmergencia VALUES ('Fernando Nogueira','Campas das Mártires da Pátria','59','963620969','2018-08-12 13:52:00');
INSERT INTO eventoEmergencia VALUES ('Jaime Gama','Avenida Barbosa du Bocage, Passeio Central frente 3','82','937033485','2018-08-12 05:07:00');
INSERT INTO eventoEmergencia VALUES ('Luís Mira Amaral','Rua Viriato, Passeio central  junto Avenida Cinco de Outubro','49','933901990','2018-08-12 23:45:00');
INSERT INTO eventoEmergencia VALUES ('Joaquim Ferreira do Amaral','Avenida Infante Dom Henrique, Junto Estação Sul e Sueste','20','920510029','2018-08-12 06:25:00');
INSERT INTO eventoEmergencia VALUES ('Carlos Melancia','Circular Norte do Bairro da Encarnação, Junto Rua 1º Cabo José Martins Silvestre','58','926388347','2018-08-12 18:24:00');
INSERT INTO eventoEmergencia VALUES ('António Bagão Félix','Praça da Estrela, Jardim Cinco de Outubro junto Basílica','75','961070046','2018-08-12 12:00:00');
INSERT INTO eventoEmergencia VALUES ('José António Vieira da Silva','Avenida da Liberdade, Frente 45','48','927835331','2018-08-12 03:55:00');
INSERT INTO eventoEmergencia VALUES ('Manuel Caldeira Cabral','Avenida dos Estados Unidos da América, Frente 44 A','27','925532778','2018-08-12 03:40:00');
INSERT INTO eventoEmergencia VALUES ('Octávio Oliveira','Rua Aquiles Machado, Junto lote 1','91','964178486','2018-08-12 22:27:00');
INSERT INTO eventoEmergencia VALUES ('Rui Machete','Avenida Vinte e Quatro de Julho, S/N','69','927538387','2018-08-12 05:02:00');
INSERT INTO eventoEmergencia VALUES ('Eurico Ferreira Nunes','Avenida da Liberdade, Passeio Central,  frente 36 A','45','927977316','2018-08-12 15:09:00');
INSERT INTO eventoEmergencia VALUES ('António Bagão Félix','Avenida Fontes Pereira de Melo, Junto Rua Pinheiro Chagas','75','928242349','2018-08-12 01:04:00');
INSERT INTO eventoEmergencia VALUES ('Maria de Belém Roseira','Praça das Flores, Jardim','83','969162418','2018-08-12 19:07:00');
INSERT INTO eventoEmergencia VALUES ('Eurico de Melo','Avenida da Liberdade, Frente 45','24','938684043','2018-08-12 01:43:00');
INSERT INTO eventoEmergencia VALUES ('Ana Sofia Antunes','Rua Carlos Testa, Junto 3 A','17','933932237','2018-08-12 02:43:00');
INSERT INTO eventoEmergencia VALUES ('Francisco de Sousa Tavares','Praça Luís de Camões, Placa Central','73','933910267','2018-08-12 19:10:00');
INSERT INTO eventoEmergencia VALUES ('Luís Capoulas Santos','Alameda Dom Afonso Henriques, Junto 2','63','961778829','2018-08-12 20:11:00');
INSERT INTO eventoEmergencia VALUES ('Carlos Melancia','Rua Natália Correia, Junto Rua dos Sapadores','58','936352327','2018-08-12 18:19:00');
INSERT INTO eventoEmergencia VALUES ('Emídio Guerreiro','Avenida da Liberdade, placa central, frente 77','43','962587188','2018-08-12 01:29:00');
INSERT INTO eventoEmergencia VALUES ('Ricardo Bayão Horta','Avenida Duque de Loulé, Junto 125','10','926653444','2018-08-12 17:41:00');
INSERT INTO eventoEmergencia VALUES ('Mário Sottomayor Cardia','Avenida dos Estados Unidos da América, Frente 44 A','37','924035498','2018-08-12 07:45:00');
INSERT INTO eventoEmergencia VALUES ('Mário Sottomayor Cardia','Rua José Estêvão, No jardim Constantino, passeio oposto frente 129','37','920449359','2018-08-12 22:03:00');
INSERT INTO eventoEmergencia VALUES ('Pedro Lynce','Travessa da Praça, Junto 12','44','925415217','2018-08-12 22:00:00');
INSERT INTO eventoEmergencia VALUES ('Eurico de Melo','Praça de Londres, Junto 12 C','24','967823609','2018-08-12 22:34:00');
INSERT INTO eventoEmergencia VALUES ('Paulo Pedroso','Estrada de Benfica, Junto 451A','94','931589617','2018-08-12 06:12:00');
INSERT INTO eventoEmergencia VALUES ('Francisco Nunes Correia','Rua Aquiles Machado, Junto lote 1','30','960980177','2018-08-12 11:14:00');
INSERT INTO eventoEmergencia VALUES ('António Serrano','Avenida Cinco de Outubro, Junto Avenida das Forças Armadas','7','932270454','2018-08-12 04:35:00');
INSERT INTO eventoEmergencia VALUES ('Arlindo Cunha','Rua Fernando Namora, junto Rua Prof. João Barreira','60','939712155','2018-08-12 22:34:00');
INSERT INTO eventoEmergencia VALUES ('Luís Braga da Cruz','Avenida de Roma, Junto 3 A','35','939908864','2018-08-12 11:33:00');
INSERT INTO eventoEmergencia VALUES ('Jorge Coelho','Avenida dos Estados Unidos da América, Frente 44 A','78','930378105','2018-08-12 19:17:00');
INSERT INTO eventoEmergencia VALUES ('Carlos da Costa Neves','Rua Ferreira Borges, Junto 12 A','90','926974813','2018-08-12 00:42:00');
INSERT INTO eventoEmergencia VALUES ('Jorge Coelho','Avenida Fontes Pereira de Melo, Junto Rua Pinheiro Chagas','78','923461748','2018-08-12 14:10:00');
INSERT INTO eventoEmergencia VALUES ('Emídio Guerreiro','Avenida da Liberdade, Frente 45','43','936339020','2018-08-12 05:56:00');
INSERT INTO eventoEmergencia VALUES ('Carlos Alberto Rosa','Campo dos Mártires da Pátria','77','927979565','2018-08-12 14:50:00');
INSERT INTO eventoEmergencia VALUES ('Luís Barbosa','Rua Aquiles Machado, Junto lote 1','95','926224461','2018-08-12 07:08:00');
INSERT INTO eventoEmergencia VALUES ('Fernando Nogueira','Avenida do Uruguai, Junto Rua Dr. Pereira Bernardes','28','925989185','2018-08-12 21:23:00');
INSERT INTO eventoEmergencia VALUES ('Alberto Oliveira e Silva','Praça D. Pedro IV, Junto 114','47','962801574','2018-08-12 05:34:00');
INSERT INTO eventoEmergencia VALUES ('Miguel José Ribeiro Cadilhe','Avenida Columbano Bordalo Pinheiro, Junto 5','71','968428332','2018-08-12 10:04:00');
INSERT INTO eventoEmergencia VALUES ('Mariana Vieira da Silva','Rua da Junqueira, Junto Travessa da Guarda','67','939653951','2018-08-12 06:02:00');
INSERT INTO eventoEmergencia VALUES ('Ana Sofia Antunes','Avenida Dom Carlos I, Frente 42  B','17','928325591','2018-08-12 09:50:00');
INSERT INTO eventoEmergencia VALUES ('Miguel José Ribeiro Cadilhe','Avenida Dom Rodrigo da Cunha, Junto 8','71','937658340','2018-08-12 12:11:00');
INSERT INTO eventoEmergencia VALUES ('Luís Barbosa','Circular Norte do Bairro da Encarnação, Junto Rua 1º Cabo José Martins Silvestre','95','925189406','2018-08-12 03:36:00');
INSERT INTO eventoEmergencia VALUES ('António Serrano','Rua de Santana (Santana) à Lapa, Junto Avenida Infante Santo','7','925570108','2018-08-12 12:07:00');
INSERT INTO eventoEmergencia VALUES ('José Sasportes','Rua do Arco do Marquês de Alegrete, Frente 6 F','13','938679169','2018-08-12 11:26:00');
INSERT INTO eventoEmergencia VALUES ('Mário Cristina de Sousa','Praça Espanha, Terminal Rodoviário','97','964030083','2018-08-12 13:21:00');
INSERT INTO eventoEmergencia VALUES ('Jorge Coelho','Avenida Gomes Pereira, Junto 6','78','960731218','2018-08-12 13:41:00');
INSERT INTO eventoEmergencia VALUES ('Ana Paula Vitorino','Rua Jau, Jardim','80','963271741','2018-08-12 01:44:00');
INSERT INTO eventoEmergencia VALUES ('Alberto Oliveira e Silva','Rua Andrade Corvo, Junto 10','47','926096186','2018-08-12 12:43:00');
INSERT INTO eventoEmergencia VALUES ('Nuno Severiano Teixeira','Praça Paiva Couceiro, junto 6','52','939405924','2018-08-12 16:25:00');
INSERT INTO eventoEmergencia VALUES ('Octávio Oliveira','Avenida da Liberdade, placa central, frente 77','91','921699501','2018-08-12 02:13:00');
INSERT INTO eventoEmergencia VALUES ('Octávio Oliveira','Rua Barata Salgueiro, Junto 26 A','91','927070303','2018-08-12 03:40:00');
INSERT INTO eventoEmergencia VALUES ('Luís Valente de Oliveira','Avenida Infante Santo, Junto 347','39','933735595','2018-08-12 14:36:00');
INSERT INTO eventoEmergencia VALUES ('Miguel Morais Leitão','Avenida Gomes Pereira, Junto 6','50','969646551','2018-08-12 15:20:00');
INSERT INTO eventoEmergencia VALUES ('Celeste Cardona','Passeio dos Heróis do Mar, Passeio do Tejo','98','935572658','2018-08-12 14:08:00');
INSERT INTO eventoEmergencia VALUES ('José Bento Gonçalves','Miradouro Sophia Mello Breyner Andresen, junto Jardim Augusto Gil','64','960403218','2018-08-12 17:53:00');
INSERT INTO eventoEmergencia VALUES ('Luís Marques Mendes','Avenida do Uruguai, Junto Rua Dr. Pereira Bernardes','16','936598106','2018-08-12 14:34:00');
INSERT INTO eventoEmergencia VALUES ('Mário Sottomayor Cardia','Avenida da Liberdade, Frente 45','37','936463387','2018-08-12 16:09:00');
INSERT INTO eventoEmergencia VALUES ('António Moura','Rua Prof. Sousa da Câmara, Junto Avenida Engenheiro Duarte Pacheco','79','938199050','2018-08-12 02:17:00');
INSERT INTO eventoEmergencia VALUES ('José Alberto Loureiro dos Santos','Avenida dos Estados Unidos da América, Junto Rua de Entrecampos','88','920480041','2018-08-12 02:28:00');
INSERT INTO eventoEmergencia VALUES ('Luís Mira Amaral','Estrada de Benfica, Junto 451A','49','960282180','2018-08-12 05:30:00');
INSERT INTO eventoEmergencia VALUES ('Manuel Soares Costa','Campo Grande','81','935716052','2018-08-12 20:20:00');
INSERT INTO eventoEmergencia VALUES ('Fernando do Amaral','Praça Luís de Camões, Placa Central','76','962949244','2018-08-12 05:47:00');
INSERT INTO eventoEmergencia VALUES ('Amândio de Azevedo','Rua do Cais de Alcântara, Junto Avenida Vinte e Quatro de Julho','12','964445152','2018-08-12 14:57:00');
INSERT INTO eventoEmergencia VALUES ('Jorge Lacão','Rua do Cais de Alcântara, Junto Avenida Vinte e Quatro de Julho','54','928797860','2018-08-12 17:14:00');
INSERT INTO eventoEmergencia VALUES ('Rui Gomes da Silva','Travessa da Praça, Junto 12','92','967767697','2018-08-12 00:23:00');
INSERT INTO eventoEmergencia VALUES ('Maria Luís Albuquerque','Rua Barata Salgueiro, Junto 26 A','55','935755484','2018-08-12 23:48:00');
INSERT INTO eventoEmergencia VALUES ('Graça Fonseca','Rua Jau, Jardim','46','922267879','2018-08-12 03:53:00');
INSERT INTO eventoEmergencia VALUES ('Miguel Morais Leitão','Estrada de Benfica, Junto 451A','50','922725495','2018-08-12 20:57:00');
INSERT INTO eventoEmergencia VALUES ('Miguel José Ribeiro Cadilhe','Miradouro Sophia Mello Breyner Andresen, junto Jardim Augusto Gil','71','932498234','2018-08-12 09:10:00');
INSERT INTO eventoEmergencia VALUES ('Luís Amado','Largo do Carmo, Placa Central','84','925784600','2018-08-12 12:01:00');
INSERT INTO eventoEmergencia VALUES ('Diamantino Durão','Praça da Estrela, Jardim Cinco de Outubro junto Basílica','51','927509205','2018-08-12 16:07:00');
INSERT INTO eventoEmergencia VALUES ('Ana Paula Vitorino','Circular Norte do Bairro da Encarnação, Junto Rua 1º Cabo José Martins Silvestre','80','922378690','2018-08-12 04:59:00');
INSERT INTO eventoEmergencia VALUES ('António Bagão Félix','Avenida Barbosa du Bocage, Passeio Central frente 3','75','922610417','2018-08-12 07:51:00');
INSERT INTO eventoEmergencia VALUES ('Raúl Junqueiro','Rua da Assunção, Frente 57','74','968630202','2018-08-12 19:40:00');
INSERT INTO eventoEmergencia VALUES ('José Alberto Loureiro dos Santos','Avenida da Liberdade, Frente 45','88','928643237','2018-08-12 21:28:00');
INSERT INTO eventoEmergencia VALUES ('Alberto Oliveira e Silva','Rua do Arco do Marquês de Alegrete, Frente 6 F','47','929987372','2018-08-12 04:49:00');
INSERT INTO eventoEmergencia VALUES ('Manuela Arcanjo','Avenida do Brasil, Junto Avenida de Roma','11','934243480','2018-08-12 14:34:00');
INSERT INTO eventoEmergencia VALUES ('Mário Sottomayor Cardia','Estrada de Benfica, Junto 662 A','2','923969912','2018-08-12 23:02:00');
INSERT INTO eventoEmergencia VALUES ('António Maldonado Gonelha','Rua Castilho, Junto 90','68','966753005','2018-08-12 07:09:00');
INSERT INTO eventoEmergencia VALUES ('Graça Fonseca','Rua Fernando Namora, junto Rua Prof. João Barreira','46','964589482','2018-08-12 16:50:00');
INSERT INTO eventoEmergencia VALUES ('Helena Mesquita Ribeiro','Avenida do Brasil, Junto Avenida de Roma','99','962935967','2018-08-12 00:54:00');
INSERT INTO eventoEmergencia VALUES ('Mário Sottomayor Cardia','Avenida Cinco de Outubro, Passeio Central  frente 168','37','929975259','2018-08-12 18:31:00');
INSERT INTO eventoEmergencia VALUES ('Raúl Junqueiro','Avenida da Liberdade, Frente 45','74','926390315','2018-08-12 06:00:00');
INSERT INTO eventoEmergencia VALUES ('Carlos Melancia','Avenida Dom Rodrigo da Cunha, Junto 8','58','967653193','2018-08-12 01:07:00');
INSERT INTO eventoEmergencia VALUES ('Diamantino Durão','Rua Castilho, Junto 90','51','965585954','2018-08-12 16:13:00');
INSERT INTO eventoEmergencia VALUES ('Manuel Caldeira Cabral','Avenida Columbano Bordalo Pinheiro, Junto 5','27','931806615','2018-08-12 07:51:00');
INSERT INTO eventoEmergencia VALUES ('Luís Valente de Oliveira','Avenida de Roma, Frente 9 C','39','965770861','2018-08-12 05:22:00');
INSERT INTO eventoEmergencia VALUES ('Luís Valente de Oliveira','Miradouro Sophia Mello Breyner Andresen, junto Jardim Augusto Gil','1','920782123','2018-08-12 12:17:00');
INSERT INTO eventoEmergencia VALUES ('Augusto Ferreira do Amaral','Praça Paiva Couceiro, junto 6','21','968625562','2018-08-12 19:55:00');
INSERT INTO eventoEmergencia VALUES ('Ricardo Bayão Horta','Rua Ferreira Borges, Junto 12 A','10','961690077','2018-08-12 20:05:00');
INSERT INTO eventoEmergencia VALUES ('Manuel Castro Almeida','Avenida dos Estados Unidos da América, Frente 44 A','31','924507159','2018-08-12 20:21:00');
INSERT INTO eventoEmergencia VALUES ('José Leite Martins','Miradouro Sophia Mello Breyner Andresen, junto Jardim Augusto Gil','5','922963140','2018-08-12 08:18:00');
INSERT INTO eventoEmergencia VALUES ('Álvaro Barreto','Rua Jau, Jardim','61','929553523','2018-08-12 23:54:00');
INSERT INTO eventoEmergencia VALUES ('Manuel Caldeira Cabral','Praça das Flores, Jardim','27','967120146','2018-08-12 08:42:00');
INSERT INTO eventoEmergencia VALUES ('Manuel Soares Costa','Rua Carvalho Araújo, Junto Largo Mendonça e Costa','81','965281592','2018-08-12 16:55:00');
INSERT INTO eventoEmergencia VALUES ('Álvaro Barreto','Avenida Infante Dom Henrique, Junto CP  Estação Santa Apolónia','14','927862923','2018-08-12 00:03:00');
INSERT INTO eventoEmergencia VALUES ('José Cesário','Rua Andrade Corvo, Junto 10','9','965972927','2018-08-12 09:09:00');
INSERT INTO eventoEmergencia VALUES ('Mário Soares','Avenida Cinco de Outubro, Passeio Central  junto Rua Pinheiro Chagas','18','964399381','2018-08-12 19:35:00');
INSERT INTO eventoEmergencia VALUES ('Mariana Vieira da Silva','Avenida Duque de Loulé, Junto 125','67','928281757','2018-08-12 01:07:00');
INSERT INTO eventoEmergencia VALUES ('Francisco Nunes Correia','Passeio dos Heróis do Mar, Passeio do Tejo','30','936165598','2018-08-12 10:14:00');
INSERT INTO eventoEmergencia VALUES ('António Costa','Avenida da Liberdade, Frente 45','72','937471997','2018-08-12 04:23:00');
INSERT INTO eventoEmergencia VALUES ('Luís Valente de Oliveira','Avenida Gomes Pereira, Junto 6','1','938946172','2018-08-12 02:19:00');
INSERT INTO eventoEmergencia VALUES ('Aníbal Cavaco Silva','Estrada dos Arneiros, Junto Rua Elvira Velez','34','934019463','2018-08-12 17:22:00');
INSERT INTO eventoEmergencia VALUES ('Mariana Vieira da Silva','Rua Maestro Frederico de Freitas, Junto 1 A','67','964905991','2018-08-12 18:18:00');
INSERT INTO eventoEmergencia VALUES ('Celeste Cardona','Estrada dos Arneiros, Junto Rua Elvira Velez','98','937366351','2018-08-12 22:43:00');
INSERT INTO eventoEmergencia VALUES ('Mário Soares','Rua de Santana (Santana) à Lapa, Junto Avenida Infante Santo','18','928451785','2018-08-12 12:28:00');
INSERT INTO eventoEmergencia VALUES ('Luís Capoulas Santos','Circular Norte do Bairro da Encarnação, Junto Rua 1º Cabo José Martins Silvestre','63','964256829','2018-08-12 08:53:00');
INSERT INTO eventoEmergencia VALUES ('Francisco Nunes Correia','Avenida da Liberdade, placa central, frente 77','30','920554584','2018-08-12 06:43:00');
INSERT INTO eventoEmergencia VALUES ('António Bagão Félix','Rua da Junqueira, Junto Travessa da Guarda','75','964079479','2018-08-12 02:42:00');
INSERT INTO eventoEmergencia VALUES ('Jorge Coelho','Rua Jau, Jardim','78','961801956','2018-08-12 07:22:00');
INSERT INTO eventoEmergencia VALUES ('Alberto Oliveira e Silva','Praça das Flores, Jardim','47','969764975','2018-08-12 08:37:00');
INSERT INTO eventoEmergencia VALUES ('Mário Cristina de Sousa','Avenida Gomes Pereira, Junto 6','97','932265955','2018-08-12 16:14:00');
INSERT INTO eventoEmergencia VALUES ('Francisco Nunes Correia','Alameda das Linhas de Torres, Quiosque Carris','30','933673008','2018-08-12 06:59:00');
INSERT INTO eventoEmergencia VALUES ('Francisco de Sousa Tavares','Rua Ferreira de Castro(antiga Rua E da Zona N1 de Chelas), Frente Lote 316','73','925518602','2018-08-12 03:25:00');
INSERT INTO eventoEmergencia VALUES ('Ana Paula Vitorino','Praça de Londres, Junto 12 C','80','933785017','2018-08-12 20:57:00');
INSERT INTO eventoEmergencia VALUES ('Luís Marques Guedes','Circular Norte do Bairro da Encarnação, Junto Rua 1º Cabo José Martins Silvestre','26','968192101','2018-08-12 09:24:00');
INSERT INTO eventoEmergencia VALUES ('Mário Sottomayor Cardia','Campo dos Mártires da Pátria','2','930747762','2018-08-12 01:01:00');
INSERT INTO eventoEmergencia VALUES ('Manuel Soares Costa','Rua Barata Salgueiro, Monchique','81','923294492','2018-08-12 20:19:00');
INSERT INTO eventoEmergencia VALUES ('Aníbal Cavaco Silva','Largo do Calhariz, Junto Rua da Rosa','34','927842026','2018-08-12 19:14:00');
INSERT INTO eventoEmergencia VALUES ('José Sasportes','Rua Carlos Testa, Junto 3 A','13','920370957','2018-08-12 20:13:00');
INSERT INTO eventoEmergencia VALUES ('Diamantino Durão','Avenida Duque de Loulé, Junto 125','51','968347812','2018-08-12 00:25:00');
INSERT INTO eventoEmergencia VALUES ('António Moura','Alameda de Santo António dos Capuchos, Junto 6 A','79','930276190','2018-08-12 12:21:00');
INSERT INTO eventoEmergencia VALUES ('Arlindo Cunha','Rua Natália Correia, Junto Rua dos Sapadores','60','926379757','2018-08-12 21:23:00');
INSERT INTO eventoEmergencia VALUES ('António Barreto','Avenida da Liberdade, Passeio Central,  frente 36 A','6','922903608','2018-08-12 03:13:00');
INSERT INTO eventoEmergencia VALUES ('Jorge Lacão','Praça da Estrela, Jardim Cinco de Outubro junto Basílica','54','964040448','2018-08-12 11:45:00');
INSERT INTO eventoEmergencia VALUES ('Manuel Caldeira Cabral','Avenida da Liberdade, Passeio Central, frente 117','27','935954401','2018-08-12 00:55:00');
INSERT INTO eventoEmergencia VALUES ('Pedro Pires de Miranda','Avenida Infante Santo, Junto 347','40','939377552','2018-08-12 07:34:00');
INSERT INTO eventoEmergencia VALUES ('Rui Pena','Avenida Dom Rodrigo da Cunha, Junto 8','66','968898804','2018-08-12 16:35:00');
INSERT INTO eventoEmergencia VALUES ('Henrique de Barros','Avenida Cinco de Outubro, Junto Avenida das Forças Armadas','25','929961336','2018-08-12 08:56:00');
INSERT INTO eventoEmergencia VALUES ('Amílcar Theias','Rua Jau, Jardim','15','931036815','2018-08-12 16:40:00');
INSERT INTO eventoEmergencia VALUES ('Amândio de Azevedo','Rua Jau, Jardim','12','923090110','2018-08-12 05:04:00');
INSERT INTO eventoEmergencia VALUES ('Nuno Severiano Teixeira','Avenida da Liberdade, Passeio Central, frente 117','52','966455487','2018-08-12 01:53:00');
INSERT INTO eventoEmergencia VALUES ('Helena Mesquita Ribeiro','Cais do Sodré, Jardim Roque Gameiro','99','924274005','2018-08-12 16:42:00');
INSERT INTO eventoEmergencia VALUES ('Celeste Cardona','Avenida Infante Dom Henrique, Junto Estação Sul e Sueste','98','934467792','2018-08-12 08:49:00');
INSERT INTO eventoEmergencia VALUES ('Amândio de Azevedo','Largo do Rato, Frente 4','12','927152093','2018-08-12 14:38:00');
INSERT INTO eventoEmergencia VALUES ('José Bento Gonçalves','Avenida de Roma, Junto 3 A','64','922560133','2018-08-12 16:35:00');
INSERT INTO eventoEmergencia VALUES ('Francisco de Sousa Tavares','Praça do Império, Frente Mosteiro dos Jerónimos','73','927494843','2018-08-12 01:34:00');
INSERT INTO eventoEmergencia VALUES ('Mariana Vieira da Silva','Rua José Estêvão, No jardim Constantino, passeio oposto frente 129','67','927532744','2018-08-12 04:42:00');
INSERT INTO eventoEmergencia VALUES ('José Alberto Loureiro dos Santos','Largo das Portas do Sol, Junto Beco de Santa Helena','88','967799270','2018-08-12 00:10:00');
INSERT INTO eventoEmergencia VALUES ('Luís Marques Mendes','Avenida Duque de Loulé, Junto 125','16','928367675','2018-08-12 14:22:00');
INSERT INTO eventoEmergencia VALUES ('Rui Gomes da Silva','Avenida da Liberdade, placa central, frente 77','92','937898444','2018-08-12 17:06:00');
INSERT INTO eventoEmergencia VALUES ('Luís Barbosa','Avenida Almirante Reis, Junto 141','95','927240955','2018-08-12 11:01:00');
INSERT INTO eventoEmergencia VALUES ('Ana Teresa Lehmann','Rua Domingos Sequeira, Junto 30','29','922477511','2018-08-12 10:23:00');
INSERT INTO eventoEmergencia VALUES ('Manuel Ferreira Teixeira','Alameda de Santo António dos Capuchos, Junto 6 A','3','927849344','2018-08-12 01:11:00');
INSERT INTO eventoEmergencia VALUES ('Carlos Alberto Rosa','Rua Viriato, Passeio central  junto Avenida Cinco de Outubro','77','961895833','2018-08-12 18:44:00');
INSERT INTO eventoEmergencia VALUES ('José Leite Martins','Rua do Cais de Alcântara, Junto Avenida Vinte e Quatro de Julho','5','925751768','2018-08-12 02:19:00');
INSERT INTO eventoEmergencia VALUES ('Mariana Vieira da Silva','Circular Norte do Bairro da Encarnação, Junto Rua 1º Cabo José Martins Silvestre','67','937896313','2018-08-12 16:00:00');
INSERT INTO eventoEmergencia VALUES ('Rui Machete','Rua da Imprensa Nacional, Junto 116 F','69','939970360','2018-08-12 13:41:00');
INSERT INTO eventoEmergencia VALUES ('Miguel José Ribeiro Cadilhe','Rua da Assunção, Frente 57','71','921585512','2018-08-12 19:26:00');
INSERT INTO eventoEmergencia VALUES ('Fernando Nogueira','Praça da Estrela, Jardim Cinco de Outubro junto Basílica','28','920800246','2018-08-12 01:21:00');
INSERT INTO eventoEmergencia VALUES ('Manuela Arcanjo','Praça Paiva Couceiro, junto 6','11','922882545','2018-08-12 20:16:00');
INSERT INTO eventoEmergencia VALUES ('Jaime Gama','Rua Prof. Sousa da Câmara, Junto Avenida Engenheiro Duarte Pacheco','82','937890516','2018-08-12 22:15:00');
INSERT INTO eventoEmergencia VALUES ('Graça Fonseca','Avenida dos Estados Unidos da América, Frente 44 A','46','928585719','2018-08-12 08:01:00');
INSERT INTO eventoEmergencia VALUES ('José Alberto Loureiro dos Santos','Alameda do Beato, Monchique','88','967332451','2018-08-12 13:28:00');
INSERT INTO eventoEmergencia VALUES ('Maria do Céu Cunha Rego','Campas das Mártires da Pátria','53','967649125','2018-08-12 14:21:00');
INSERT INTO eventoEmergencia VALUES ('Paulo Silva Lemos','Largo do Carmo, Placa Central','65','930734714','2018-08-12 15:49:00');
INSERT INTO eventoEmergencia VALUES ('Rui Machete','Praça do Império, Frente Mosteiro dos Jerónimos','69','922062628','2018-08-12 10:05:00');
INSERT INTO eventoEmergencia VALUES ('Eurico de Melo','Rua Castilho, Junto 90','24','932013798','2018-08-12 04:39:00');
INSERT INTO eventoEmergencia VALUES ('Pedro Pires de Miranda','Rua Ferreira Borges, Junto 12 A','40','964590943','2018-08-12 01:58:00');
INSERT INTO eventoEmergencia VALUES ('Eurico de Melo','Rua Prof. Fernando da Fonseca, Junto Rua Prof. Vieira de Almeida','24','935198094','2018-08-12 18:07:00');
INSERT INTO eventoEmergencia VALUES ('António Maldonado Gonelha','Campo Grande','68','966253941','2018-08-12 04:11:00');
INSERT INTO eventoEmergencia VALUES ('Amândio de Azevedo','Rua Andrade Corvo, Junto 10','12','928175703','2018-08-12 03:39:00');
INSERT INTO eventoEmergencia VALUES ('Mário Raposo','Avenida da Liberdade, Passeio Central, frente 117','23','931690275','2018-08-12 20:38:00');
INSERT INTO eventoEmergencia VALUES ('Carlos Melancia','Avenida Dom Rodrigo da Cunha, Junto 8','58','929635625','2018-08-12 10:56:00');
INSERT INTO eventoEmergencia VALUES ('António Capucho','Rua Prof. Fernando da Fonseca, Junto Rua Prof. Vieira de Almeida','57','964735914','2018-08-12 08:28:00');
INSERT INTO eventoEmergencia VALUES ('Miguel Poiares Maduro','Avenida Cinco de Outubro, Passeio Central  junto Rua Pinheiro Chagas','8','966162967','2018-08-12 13:30:00');
INSERT INTO eventoEmergencia VALUES ('António Barreto','Rua Prof. Sousa da Câmara, Junto Avenida Engenheiro Duarte Pacheco','6','964332129','2018-08-12 09:43:00');
INSERT INTO eventoEmergencia VALUES ('Jaime Gama','Avenida Cinco de Outubro, Passeio Central  junto Rua Pinheiro Chagas','82','936366739','2018-08-12 05:45:00');
INSERT INTO eventoEmergencia VALUES ('José Bento Gonçalves','Avenida Barbosa du Bocage, Passeio Central frente 3','64','934275130','2018-08-12 01:16:00');
INSERT INTO eventoEmergencia VALUES ('Rui Gomes da Silva','Rua Prof. Sousa da Câmara, Junto Avenida Engenheiro Duarte Pacheco','92','962356692','2018-08-12 14:07:00');
INSERT INTO eventoEmergencia VALUES ('Manuel Ferreira Teixeira','Rua Ferreira de Castro(antiga Rua E da Zona N1 de Chelas), Frente Lote 316','3','935887053','2018-08-12 23:24:00');
INSERT INTO eventoEmergencia VALUES ('António Serrano','Rua Barata Salgueiro, Monchique','7','924685230','2018-08-12 02:39:00');
INSERT INTO eventoEmergencia VALUES ('Rui Machete','Rua do Cais de Alcântara, Junto Avenida Vinte e Quatro de Julho','69','920729836','2018-08-12 16:31:00');
INSERT INTO eventoEmergencia VALUES ('Francisco Nunes Correia','Avenida Infante Dom Henrique, Acesso estação fluvial','30','968282364','2018-08-12 06:41:00');
INSERT INTO eventoEmergencia VALUES ('Álvaro Barreto','Avenida dos Estados Unidos da América, Junto Rua de Entrecampos','14','933497893','2018-08-12 21:26:00');
INSERT INTO eventoEmergencia VALUES ('Acácio Pereira Magro','Avenida Cinco de Outubro, Passeio Central  junto Rua Pinheiro Chagas','4','921723748','2018-08-12 03:58:00');
INSERT INTO eventoEmergencia VALUES ('Jaime Gama','Campo Grande, Frente 1B (Entrecampos)','82','939128028','2018-08-12 04:00:00');
INSERT INTO eventoEmergencia VALUES ('Manuel Caldeira Cabral','Passeio dos Heróis do Mar, Passeio do Tejo','27','936782754','2018-08-12 10:02:00');
INSERT INTO eventoEmergencia VALUES ('José Cesário','Rua Fernando Namora, junto Rua Prof. João Barreira','9','965992173','2018-08-12 03:56:00');
INSERT INTO eventoEmergencia VALUES ('José Sasportes','Miradouro Sophia Mello Breyner Andresen, junto Jardim Augusto Gil','13','960952642','2018-08-12 04:13:00');
INSERT INTO eventoEmergencia VALUES ('Armando Vara','Avenida de Roma, Frente 9 C','86','921900162','2018-08-12 23:38:00');
INSERT INTO eventoEmergencia VALUES ('Manuel Caldeira Cabral','Avenida Infante Santo, Junto 347','27','924957169','2018-08-12 17:30:00');
INSERT INTO eventoEmergencia VALUES ('Henrique de Barros','Praça do Príncipe Real','25','936196506','2018-08-12 14:50:00');
INSERT INTO eventoEmergencia VALUES ('Adolfo Mesquita Nunes','Passeio dos Heróis do Mar, Passeio do Tejo','19','931004293','2018-08-12 06:57:00');
INSERT INTO eventoEmergencia VALUES ('Henrique de Barros','Praça do Príncipe Real','25','960029044','2018-08-12 17:40:00');
INSERT INTO eventoEmergencia VALUES ('José Sasportes','Avenida Almirante Reis, Junto24','13','930447795','2018-08-12 04:30:00');
INSERT INTO eventoEmergencia VALUES ('Luís Valente de Oliveira','Avenida Cinco de Outubro, Passeio Central  frente 168','1','920686324','2018-08-12 17:39:00');
INSERT INTO eventoEmergencia VALUES ('Mariana Vieira da Silva','Avenida Guerra Junqueiro, Junto 2 B','67','966344893','2018-08-12 05:52:00');
INSERT INTO eventoEmergencia VALUES ('Luís Barbosa','Travessa da Praça, Junto 12','89','933939954','2018-08-12 21:22:00');
INSERT INTO eventoEmergencia VALUES ('Paulo Silva Lemos','Rua Maestro Frederico de Freitas, Junto 1 A','65','927491152','2018-08-12 18:55:00');
INSERT INTO eventoEmergencia VALUES ('Basílio Horta','Rua Aquiles Machado, Junto lote 1','85','961762534','2018-08-12 07:06:00');
INSERT INTO eventoEmergencia VALUES ('Joaquim Ferreira do Amaral','Praça de Londres, Junto 12 C','20','921892100','2018-08-12 00:00:00');
INSERT INTO eventoEmergencia VALUES ('Carlos Melancia','Rua Dr. João Couto, Junto Avenida do Colégio Militar','58','932146405','2018-08-12 06:31:00');
INSERT INTO eventoEmergencia VALUES ('António Bagão Félix','Avenida Cinco de Outubro, Passeio Central  frente 168','75','962417681','2018-08-12 09:00:00');
INSERT INTO eventoEmergencia VALUES ('Jorge Lacão','Rua Barata Salgueiro, Junto 26 A','54','929005014','2018-08-12 08:28:00');
INSERT INTO eventoEmergencia VALUES ('António Correia de Campos','Rua Carlos Testa, Junto 3 A','56','961767405','2018-08-12 21:29:00');
INSERT INTO eventoEmergencia VALUES ('Manuel Caldeira Cabral','Avenida Infante Dom Henrique, Junto CP  Estação Santa Apolónia','27','925739791','2018-08-12 02:44:00');
INSERT INTO eventoEmergencia VALUES ('Luís Barbosa','Alameda do Beato, Monchique','95','968214637','2018-08-12 09:11:00');
INSERT INTO eventoEmergencia VALUES ('Fernando do Amaral','Avenida Infante Dom Henrique, Acesso estação fluvial','76','933575939','2018-08-12 07:04:00');
INSERT INTO eventoEmergencia VALUES ('António Capucho','Largo do Calhariz, Junto Rua da Rosa','57','938514338','2018-08-12 03:53:00');
INSERT INTO eventoEmergencia VALUES ('Mário Sottomayor Cardia','Rua Barata Salgueiro, Monchique','2','964951468','2018-08-12 18:10:00');
INSERT INTO eventoEmergencia VALUES ('António Costa','Avenida Vinte e Quatro de Julho, S/N','72','962572671','2018-08-12 05:30:00');
INSERT INTO eventoEmergencia VALUES ('Mário Raposo','Avenida Fontes Pereira de Melo, Junto Rua Pinheiro Chagas','23','964508018','2018-08-12 03:02:00');
INSERT INTO eventoEmergencia VALUES ('Fernando Nogueira','Avenida Barbosa du Bocage, Passeio Central frente 3','28','962094634','2018-08-12 14:38:00');
INSERT INTO eventoEmergencia VALUES ('Mário Raposo','Monchique','23','927111294','2018-08-12 12:19:00');
INSERT INTO eventoEmergencia VALUES ('Joaquim Ferreira do Amaral','Avenida Gomes Pereira, Junto 6','20','922552954','2018-08-12 15:40:00');
INSERT INTO eventoEmergencia VALUES ('António Capucho','Avenida Almirante Reis, Junto 141','57','936816596','2018-08-12 19:32:00');
INSERT INTO eventoEmergencia VALUES ('Luís Valente de Oliveira','Avenida Infante Dom Henrique, Acesso estação fluvial','1','964302420','2018-08-12 14:27:00');
INSERT INTO eventoEmergencia VALUES ('Ana Sofia Antunes','Avenida Dom Carlos I, Frente 42  B','17','929086093','2018-08-12 02:58:00');
INSERT INTO eventoEmergencia VALUES ('Joaquim Ferreira do Amaral','Avenida dos Estados Unidos da América, Frente 44 A','38','960873181','2018-08-12 02:33:00');
INSERT INTO eventoEmergencia VALUES ('Ludovico Cândido','Estrada dos Arneiros, Junto Rua Elvira Velez','96','927083238','2018-08-12 22:39:00');
INSERT INTO eventoEmergencia VALUES ('Joaquim Ferreira do Amaral','Rua Dr. João Couto, Junto Avenida do Colégio Militar','20','936339023','2018-08-12 17:35:00');
INSERT INTO eventoEmergencia VALUES ('Ricardo Bayão Horta','Praça D. Pedro IV, Junto 114','10','922042747','2018-08-12 00:59:00');
INSERT INTO eventoEmergencia VALUES ('António Correia de Campos','Rua Fernando Namora, junto Rua Prof. João Barreira','56','968154860','2018-08-12 15:53:00');
INSERT INTO eventoEmergencia VALUES ('Arlindo de Carvalho','Praça do Príncipe Real','87','925689133','2018-08-12 13:44:00');
INSERT INTO eventoEmergencia VALUES ('Fernando Nogueira','Alameda de Santo António dos Capuchos, Junto 6 A','59','931182082','2018-08-12 14:03:00');
INSERT INTO eventoEmergencia VALUES ('Francisco Nunes Correia','Rua Domingos Sequeira, Junto 30','30','936761153','2018-08-12 13:08:00');
INSERT INTO eventoEmergencia VALUES ('António Capucho','Rua Barata Salgueiro, Monchique','57','926202425','2018-08-12 21:37:00');
INSERT INTO eventoEmergencia VALUES ('José Alberto Loureiro dos Santos','Avenida do Brasil, Junto Avenida de Roma','88','922926393','2018-08-12 07:53:00');
INSERT INTO eventoEmergencia VALUES ('Luís Marques Guedes','Avenida dos Estados Unidos da América, Frente 44 A','26','961174259','2018-08-12 18:43:00');
INSERT INTO eventoEmergencia VALUES ('Amândio de Azevedo','Rua Ferreira Borges, Junto 12 A','12','933342942','2018-08-12 03:46:00');
INSERT INTO eventoEmergencia VALUES ('Miguel Poiares Maduro','Alameda de Santo António dos Capuchos, Junto 6 A','8','964187017','2018-08-12 00:00:00');
INSERT INTO eventoEmergencia VALUES ('Arlindo Cunha','Avenida Afonso III, Frente 59','60','964336684','2018-08-12 03:24:00');
INSERT INTO eventoEmergencia VALUES ('Pedro Pires de Miranda','Avenida Grão Vasco, Passeio central frente 32','40','925162364','2018-08-12 06:55:00');
INSERT INTO eventoEmergencia VALUES ('Paulo Silva Lemos','Avenida da Liberdade, Frente 45','65','927133198','2018-08-12 17:51:00');
INSERT INTO eventoEmergencia VALUES ('José Leite Martins','Avenida de Roma, Frente 103','5','927289341','2018-08-12 16:15:00');
INSERT INTO eventoEmergencia VALUES ('Arlindo Cunha','Estrada do Calhariz de Benfica, Junto Rua José da Purificação Chaves','60','920712246','2018-08-12 07:04:00');
INSERT INTO eventoEmergencia VALUES ('Mário Raposo','Avenida Afonso Costa, Junto 6','23','960034392','2018-08-12 14:13:00');
INSERT INTO eventoEmergencia VALUES ('António Sousa Lara','Praça das Flores, Jardim','0','921330784','2018-08-12 07:31:00');
INSERT INTO eventoEmergencia VALUES ('Mário Cristina de Sousa','Avenida Guerra Junqueiro, Junto 2 B','97','924548211','2018-08-12 18:28:00');
INSERT INTO eventoEmergencia VALUES ('António Costa','Avenida Infante Dom Henrique, Junto CP  Estação Santa Apolónia','72','928065501','2018-08-12 11:19:00');
INSERT INTO eventoEmergencia VALUES ('Acácio Pereira Magro','Rua de São Nicolau, Frente 98','4','925345262','2018-08-12 01:45:00');
INSERT INTO eventoEmergencia VALUES ('Luís Amado','Miradouro Sophia Mello Breyner Andresen, junto Jardim Augusto Gil','84','961803898','2018-08-12 08:54:00');
INSERT INTO eventoEmergencia VALUES ('Francisco Nunes Correia','Largo do Rato, Frente 4','30','922114778','2018-08-12 06:33:00');
INSERT INTO eventoEmergencia VALUES ('Ludovico Cândido','Rua Carvalho Araújo, Junto Largo Mendonça e Costa','96','964976439','2018-08-12 00:31:00');
INSERT INTO eventoEmergencia VALUES ('José António Vieira da Silva','Avenida Columbano Bordalo Pinheiro, Junto 5','48','926296119','2018-08-12 07:31:00');
INSERT INTO eventoEmergencia VALUES ('Luís Barbosa','Avenida Grão Vasco, Passeio central frente 32','95','925749374','2018-08-12 12:52:00');
INSERT INTO eventoEmergencia VALUES ('Joaquim Ferreira do Amaral','Avenida Dom Carlos I, Frente 42  B','20','933498440','2018-08-12 18:42:00');
INSERT INTO eventoEmergencia VALUES ('Joaquim Ferreira do Amaral','Avenida Cinco de Outubro, Passeio Central  junto Rua Pinheiro Chagas','20','938852754','2018-08-12 03:48:00');
INSERT INTO eventoEmergencia VALUES ('Vitor Pereira Crespo','Praça de Londres, Junto 12 C','93','966326818','2018-08-12 22:08:00');
INSERT INTO eventoEmergencia VALUES ('Luís Capoulas Santos','Avenida da Liberdade, placa central, frente 77','63','924662322','2018-08-12 07:17:00');
INSERT INTO eventoEmergencia VALUES ('Luís Mira Amaral','Avenida Cinco de Outubro, Junto Avenida das Forças Armadas','49','932851306','2018-08-12 11:48:00');
INSERT INTO eventoEmergencia VALUES ('Mariana Vieira da Silva','Rua Maestro Frederico de Freitas, Junto 1 A','67','927654635','2018-08-12 23:24:00');
INSERT INTO eventoEmergencia VALUES ('José Medeiros Ferreira','Rua Prof. Sousa da Câmara, Junto Avenida Engenheiro Duarte Pacheco','41','934653058','2018-08-12 12:30:00');
INSERT INTO eventoEmergencia VALUES ('Manuel Ferreira Teixeira','Avenida Infante Dom Henrique, Junto Estação Sul e Sueste','3','935553783','2018-08-12 22:24:00');
INSERT INTO eventoEmergencia VALUES ('Miguel José Ribeiro Cadilhe','Passeio dos Heróis do Mar, Passeio do Tejo','71','933544541','2018-08-12 11:35:00');
INSERT INTO eventoEmergencia VALUES ('Francisco Marcelo Curto','Rua da Junqueira, Junto Travessa da Guarda','33','965956215','2018-08-12 00:26:00');
INSERT INTO eventoEmergencia VALUES ('Joaquim Ferreira do Amaral','Avenida da Liberdade, Passeio Central, frente 117','22','969312082','2018-08-12 11:20:00');
INSERT INTO eventoEmergencia VALUES ('Ludovico Cândido','Avenida de Roma, Frente 103','96','926929764','2018-08-12 00:43:00');
INSERT INTO eventoEmergencia VALUES ('António Capucho','Avenida Fontes Pereira de Melo, Junto Rua Pinheiro Chagas','57','962025958','2018-08-12 16:56:00');
INSERT INTO eventoEmergencia VALUES ('Álvaro Barreto','Avenida Dom Carlos I, Frente 42  B','14','968069275','2018-08-12 00:05:00');
INSERT INTO eventoEmergencia VALUES ('Pedro Lynce','Travessa da Praça, Junto 12','44','963211728','2018-08-12 07:16:00');
INSERT INTO eventoEmergencia VALUES ('Sérgio Silva Monteiro','Campo Grande, Frente 1B (Entrecampos)','36','962669734','2018-08-12 11:06:00');
INSERT INTO eventoEmergencia VALUES ('José Cesário','Largo do Rato, Frente 4','9','963331831','2018-08-12 22:14:00');
INSERT INTO eventoEmergencia VALUES ('Fernando Nogueira','Rua Prof. Sousa da Câmara, Junto Avenida Engenheiro Duarte Pacheco','59','962675425','2018-08-12 02:17:00');
INSERT INTO eventoEmergencia VALUES ('Ricardo Bayão Horta','Avenida Columbano Bordalo Pinheiro, Junto 5','10','964373607','2018-08-12 02:14:00');
INSERT INTO eventoEmergencia VALUES ('Octávio Oliveira','Rua Barata Salgueiro, Monchique','91','938723537','2018-08-12 19:27:00');
INSERT INTO eventoEmergencia VALUES ('Ludovico Cândido','Praça do Príncipe Real','96','932767350','2018-08-12 01:35:00');
INSERT INTO eventoEmergencia VALUES ('António Maldonado Gonelha','Rua de São Nicolau, Frente 98','62','968885873','2018-08-12 20:11:00');
INSERT INTO eventoEmergencia VALUES ('Mário Soares','Avenida Barbosa du Bocage, Passeio Central frente 3','18','961128095','2018-08-12 05:33:00');
INSERT INTO eventoEmergencia VALUES ('Arlindo de Carvalho','Rua João Frederico Ludovice, Frente 6 B','87','920331438','2018-08-12 21:01:00');
INSERT INTO eventoEmergencia VALUES ('Henrique de Barros','Largo das Portas do Sol, Junto Beco de Santa Helena','25','967363992','2018-08-12 08:45:00');
INSERT INTO eventoEmergencia VALUES ('Fernando Nogueira','Avenida de Roma, Frente 9 C','28','931386080','2018-08-12 11:08:00');
INSERT INTO eventoEmergencia VALUES ('Vitor Pereira Crespo','Largo do Rato, Frente 4','93','936559501','2018-08-12 09:04:00');
INSERT INTO eventoEmergencia VALUES ('Luís Barbosa','Rua Carvalho Araújo, Junto Largo Mendonça e Costa','89','924644380','2018-08-12 02:18:00');
INSERT INTO eventoEmergencia VALUES ('Diamantino Durão','Avenida Gomes Pereira, Frente 61 A','51','937935399','2018-08-12 18:41:00');
INSERT INTO eventoEmergencia VALUES ('Mário Raposo','Rua Prof. Sousa da Câmara, Junto Avenida Engenheiro Duarte Pacheco','42','925255298','2018-08-12 03:29:00');
INSERT INTO eventoEmergencia VALUES ('Eurico de Melo','Cais do Sodré, Jardim Roque Gameiro','24','969879922','2018-08-12 22:01:00');
INSERT INTO eventoEmergencia VALUES ('Rui Pena','Rua da Imprensa Nacional, Junto 116 F','66','927637317','2018-08-12 19:52:00');
INSERT INTO eventoEmergencia VALUES ('Sérgio Silva Monteiro','Rua Natália Correia, Junto Rua dos Sapadores','36','962120937','2018-08-12 07:32:00');
INSERT INTO eventoEmergencia VALUES ('António Barreto','Largo das Portas do Sol, Junto Beco de Santa Helena','6','923897324','2018-08-12 20:32:00');
INSERT INTO eventoEmergencia VALUES ('Paulo Silva Lemos','Avenida Almirante Reis, Junto 141','65','937187116','2018-08-12 04:44:00');
INSERT INTO eventoEmergencia VALUES ('Vitor Pereira Crespo','Rua Prof. Sousa da Câmara, Junto Avenida Engenheiro Duarte Pacheco','93','923005053','2018-08-12 16:21:00');
INSERT INTO eventoEmergencia VALUES ('Ana Teresa Lehmann','Avenida dos Estados Unidos da América, Frente 44 A','29','925384854','2018-08-12 09:01:00');
INSERT INTO eventoEmergencia VALUES ('Amândio de Azevedo','Campo Grande, Frente 1B (Entrecampos)','12','932939703','2018-08-12 22:07:00');
INSERT INTO eventoEmergencia VALUES ('Armando Vara','Rua Ferreira de Castro(antiga Rua E da Zona N1 de Chelas), Frente Lote 316','86','939396412','2018-08-12 10:08:00');
INSERT INTO eventoEmergencia VALUES ('Helena Mesquita Ribeiro','Avenida Infante Dom Henrique, Junto CP  Estação Santa Apolónia','99','939652376','2018-08-12 07:25:00');
INSERT INTO eventoEmergencia VALUES ('Manuel Soares Costa','Estrada de Benfica, Junto 662 A','81','964877443','2018-08-12 21:33:00');
INSERT INTO eventoEmergencia VALUES ('António Bagão Félix','Rua do Arco do Marquês de Alegrete, Frente 6 F','75','969222043','2018-08-12 17:26:00');
INSERT INTO eventoEmergencia VALUES ('António Capucho','Miradouro Sophia Mello Breyner Andresen, junto Jardim Augusto Gil','57','930912327','2018-08-12 19:57:00');
INSERT INTO eventoEmergencia VALUES ('José Bento Gonçalves','Alameda Dom Afonso Henriques, Junto 2','64','965574407','2018-08-12 15:07:00');
INSERT INTO eventoEmergencia VALUES ('Maria de Belém Roseira','Passeio dos Heróis do Mar, Passeio do Tejo','83','922843310','2018-08-12 05:14:00');
INSERT INTO eventoEmergencia VALUES ('Sérgio Silva Monteiro','Rua Dr. João Couto, Junto Avenida do Colégio Militar','36','937279741','2018-08-12 18:39:00');
INSERT INTO eventoEmergencia VALUES ('Mário Raposo','Avenida do Uruguai, Junto Rua Dr. Pereira Bernardes','42','927347909','2018-08-12 02:27:00');
INSERT INTO eventoEmergencia VALUES ('Nuno Severiano Teixeira','Praça do Império, Frente Mosteiro dos Jerónimos','52','922832337','2018-08-12 03:06:00');
INSERT INTO eventoEmergencia VALUES ('Luís Marques Guedes','Estrada de Benfica, Junto 662 A','26','938024580','2018-08-12 03:14:00');
INSERT INTO eventoEmergencia VALUES ('Eurico Ferreira Nunes','Praça do Príncipe Real','45','963291777','2018-08-12 12:13:00');
INSERT INTO eventoEmergencia VALUES ('Arlindo de Carvalho','Cais do Sodré, Jardim Roque Gameiro','87','923393911','2018-08-12 07:48:00');
INSERT INTO eventoEmergencia VALUES ('António Costa','Rua Aquiles Machado, Junto lote 1','72','960144501','2018-08-12 08:21:00');
INSERT INTO eventoEmergencia VALUES ('Eurico de Melo','Avenida Afonso Costa, Junto 6','24','967352112','2018-08-12 03:22:00');
INSERT INTO eventoEmergencia VALUES ('Mariana Vieira da Silva','Avenida Gomes Pereira, Frente 61 A','67','962120167','2018-08-12 05:01:00');
INSERT INTO eventoEmergencia VALUES ('Francisco Nunes Correia','Praça do Império, Frente Mosteiro dos Jerónimos','30','963772851','2018-08-12 09:57:00');
INSERT INTO eventoEmergencia VALUES ('Pedro Lynce','Avenida Infante Dom Henrique, Acesso estação fluvial','44','924966282','2018-08-12 08:08:00');
INSERT INTO eventoEmergencia VALUES ('Diamantino Durão','Rua do Arco do Marquês de Alegrete, Frente 6 F','51','967441607','2018-08-12 03:39:00');
INSERT INTO eventoEmergencia VALUES ('Maria de Belém Roseira','Rua Castilho, Junto 90','83','920004754','2018-08-12 17:01:00');
INSERT INTO eventoEmergencia VALUES ('Diamantino Durão','Estrada de Benfica, Junto 662 A','51','939656242','2018-08-12 03:51:00');
INSERT INTO eventoEmergencia VALUES ('Ludovico Cândido','Avenida de Roma, Frente 103','96','967143422','2018-08-12 04:48:00');
INSERT INTO eventoEmergencia VALUES ('Rui Pena','Rua da Imprensa Nacional, Junto 116 F','66','934899232','2018-08-12 18:20:00');
INSERT INTO eventoEmergencia VALUES ('Rui Gomes da Silva','Miradouro Sophia Mello Breyner Andresen, junto Jardim Augusto Gil','92','939129345','2018-08-12 15:25:00');
INSERT INTO eventoEmergencia VALUES ('Aníbal Cavaco Silva','Alameda Dom Afonso Henriques, Junto 2','34','965821125','2018-08-12 21:12:00');
INSERT INTO eventoEmergencia VALUES ('António Maldonado Gonelha','Avenida de Roma, Frente 103','62','921634825','2018-08-12 22:11:00');
INSERT INTO eventoEmergencia VALUES ('Alberto Oliveira e Silva','Avenida Almirante Reis, Junto 141','47','924652622','2018-08-12 18:53:00');
INSERT INTO eventoEmergencia VALUES ('Pedro Pires de Miranda','Campas das Mártires da Pátria','40','927289493','2018-08-12 22:51:00');
INSERT INTO eventoEmergencia VALUES ('Amílcar Theias','Praça Paiva Couceiro, junto 6','15','966582784','2018-08-12 17:15:00');
INSERT INTO eventoEmergencia VALUES ('Rui Gomes da Silva','Avenida dos Estados Unidos da América, Frente 44 A','92','966913394','2018-08-12 03:55:00');
INSERT INTO eventoEmergencia VALUES ('Luís Barbosa','Largo do Carmo, Placa Central','95','969146850','2018-08-12 20:00:00');
INSERT INTO eventoEmergencia VALUES ('Arlindo de Carvalho','Praça da Estrela, Jardim Cinco de Outubro junto Basílica','87','937062019','2018-08-12 23:09:00');
INSERT INTO eventoEmergencia VALUES ('António Azevedo Gomes','Avenida da Igreja, Frente 32','32','967865569','2018-08-12 03:22:00');
INSERT INTO eventoEmergencia VALUES ('Ricardo Bayão Horta','Campo Grande, Frente 1B (Entrecampos)','10','923558090','2018-08-12 08:16:00');
INSERT INTO eventoEmergencia VALUES ('Francisco Nunes Correia','Praça Luís de Camões, Placa Central','30','968710833','2018-08-12 21:20:00');
INSERT INTO eventoEmergencia VALUES ('Miguel José Ribeiro Cadilhe','Rua Paulo Renato(antiga Rua 1 à Estrada de Benfica), Placa central, frente 1 G','71','960255419','2018-08-12 02:32:00');
INSERT INTO eventoEmergencia VALUES ('Maria de Belém Roseira','Praça Paiva Couceiro, junto 6','83','927939827','2018-08-12 13:33:00');
INSERT INTO eventoEmergencia VALUES ('Luís Capoulas Santos','Avenida Gomes Pereira, Junto 6','63','925607201','2018-08-12 04:31:00');
INSERT INTO eventoEmergencia VALUES ('Luís Capoulas Santos','Rua Barata Salgueiro, Monchique','63','968197837','2018-08-12 05:44:00');
INSERT INTO eventoEmergencia VALUES ('António Sousa Lara','Praça Espanha, Terminal Rodoviário','0','920227522','2018-08-12 17:17:00');
INSERT INTO eventoEmergencia VALUES ('Luís Barbosa','Avenida Guerra Junqueiro, Junto 2 B','95','928559096','2018-08-12 06:27:00');
INSERT INTO eventoEmergencia VALUES ('António Correia de Campos','Avenida Afonso III, Frente 59','56','936274670','2018-08-12 11:34:00');
INSERT INTO eventoEmergencia VALUES ('Luís Marques Guedes','Estrada dos Arneiros, Junto Rua Elvira Velez','26','937423206','2018-08-12 23:58:00');
INSERT INTO eventoEmergencia VALUES ('Rui Machete','Estrada do Calhariz de Benfica, Junto Rua José da Purificação Chaves','69','937003127','2018-08-12 11:31:00');
INSERT INTO eventoEmergencia VALUES ('José Alberto Loureiro dos Santos','Miradouro Sophia Mello Breyner Andresen, junto Jardim Augusto Gil','88','962227573','2018-08-12 18:35:00');
INSERT INTO eventoEmergencia VALUES ('Maria do Céu Cunha Rego','Rua Jau, Jardim','53','923962632','2018-08-12 21:47:00');
INSERT INTO eventoEmergencia VALUES ('Filipe Lobo dÁvila','Campo dos Mártires da Pátria','70','926294127','2018-08-12 22:24:00');
INSERT INTO eventoEmergencia VALUES ('Augusto Ferreira do Amaral','Praça das Flores, Jardim','21','960950012','2018-08-12 22:05:00');
INSERT INTO eventoEmergencia VALUES ('Pedro Lynce','Avenida Infante Dom Henrique, Junto Estação Sul e Sueste','44','964055047','2018-08-12 01:21:00');
INSERT INTO eventoEmergencia VALUES ('Alberto Oliveira e Silva','Largo do Calhariz, Junto Rua da Rosa','47','968071898','2018-08-12 11:42:00');
INSERT INTO eventoEmergencia VALUES ('Ana Paula Vitorino','Praça das Flores, Jardim','80','926003037','2018-08-12 13:42:00');
INSERT INTO eventoEmergencia VALUES ('Carlos da Costa Neves','Alameda das Linhas de Torres, Junto 251 A / 253','90','969085217','2018-08-12 16:11:00');
INSERT INTO eventoEmergencia VALUES ('Ana Teresa Lehmann','Estrada de Benfica, Junto 451A','29','924758421','2018-08-12 00:28:00');
INSERT INTO eventoEmergencia VALUES ('Luís Valente de Oliveira','Estrada do Calhariz de Benfica, Junto Rua José da Purificação Chaves','39','964758656','2018-08-12 01:37:00');
INSERT INTO eventoEmergencia VALUES ('Maria de Belém Roseira','Praça da Estrela, Jardim Cinco de Outubro junto Basílica','83','930948612','2018-08-12 11:28:00');
INSERT INTO eventoEmergencia VALUES ('Basílio Horta','Alameda das Linhas de Torres, Quiosque Carris','85','924006831','2018-08-12 14:51:00');
INSERT INTO eventoEmergencia VALUES ('Luís Valente de Oliveira','Avenida Cinco de Outubro, Junto Avenida das Forças Armadas','1','924246967','2018-08-12 18:33:00');
INSERT INTO eventoEmergencia VALUES ('Arlindo Cunha','Rua da Assunção, Frente 57','60','931066058','2018-08-12 16:38:00');
INSERT INTO eventoEmergencia VALUES ('Amílcar Theias','Avenida Cinco de Outubro, Passeio Central  junto Rua Pinheiro Chagas','15','920571898','2018-08-12 09:26:00');
INSERT INTO eventoEmergencia VALUES ('Manuel Caldeira Cabral','Praça da Estrela, Jardim Cinco de Outubro junto Basílica','27','932408035','2018-08-12 05:42:00');
INSERT INTO eventoEmergencia VALUES ('Augusto Ferreira do Amaral','Circular Norte do Bairro da Encarnação, Junto Rua 1º Cabo José Martins Silvestre','21','936132805','2018-08-12 14:59:00');
INSERT INTO eventoEmergencia VALUES ('Ana Sofia Antunes','Rua Carlos Testa, Junto 3 A','17','964622565','2018-08-12 11:43:00');
INSERT INTO eventoEmergencia VALUES ('Manuel Ferreira Teixeira','Praça D. Pedro IV, Junto 114','3','968960281','2018-08-12 23:15:00');
INSERT INTO eventoEmergencia VALUES ('Luís Mira Amaral','Campo Grande, Frente 1B (Entrecampos)','49','932468678','2018-08-12 23:18:00');
INSERT INTO eventoEmergencia VALUES ('Mário Sottomayor Cardia','Avenida Grão Vasco, Passeio central frente 32','2','925069414','2018-08-12 21:23:00');
INSERT INTO eventoEmergencia VALUES ('Maria Luís Albuquerque','Campo Pequeno','55','936216424','2018-08-12 08:32:00');
INSERT INTO eventoEmergencia VALUES ('Mário Sottomayor Cardia','Alameda de Santo António dos Capuchos, Junto 6 A','2','965859072','2018-08-12 23:27:00');
INSERT INTO eventoEmergencia VALUES ('Arlindo Cunha','Avenida de Roma, Frente 9 C','60','939713118','2018-08-12 23:08:00');
INSERT INTO eventoEmergencia VALUES ('Luís Amado','Estrada do Calhariz de Benfica, Junto Rua José da Purificação Chaves','84','925108575','2018-08-12 18:16:00');
INSERT INTO eventoEmergencia VALUES ('Paulo Pedroso','Avenida da Liberdade, Passeio Central, frente 117','94','960864364','2018-08-12 18:55:00');
INSERT INTO eventoEmergencia VALUES ('Ana Paula Vitorino','Rua de São Nicolau, Frente 98','80','924342892','2018-08-12 04:40:00');
INSERT INTO eventoEmergencia VALUES ('António Bagão Félix','Cais do Sodré, Jardim Roque Gameiro','75','921588590','2018-08-12 09:30:00');
INSERT INTO eventoEmergencia VALUES ('Mário Raposo','Avenida do Uruguai, Junto Rua Dr. Pereira Bernardes','23','929836230','2018-08-12 06:04:00');
INSERT INTO eventoEmergencia VALUES ('Arlindo de Carvalho','Praça das Flores, Jardim','87','921981801','2018-08-12 00:55:00');
INSERT INTO eventoEmergencia VALUES ('Luís Valente de Oliveira','Avenida do Uruguai, Junto Rua Dr. Pereira Bernardes','1','926825483','2018-08-12 12:48:00');
INSERT INTO eventoEmergencia VALUES ('Mário Sottomayor Cardia','Rua João Frederico Ludovice, Frente 6 B','2','926211978','2018-08-12 06:53:00');
INSERT INTO eventoEmergencia VALUES ('Miguel Morais Leitão','Avenida Gomes Pereira, Frente 61 A','50','929415213','2018-08-12 17:01:00');
INSERT INTO eventoEmergencia VALUES ('Eurico Ferreira Nunes','Estrada de Benfica, Junto 451A','45','929858211','2018-08-12 04:29:00');
INSERT INTO eventoEmergencia VALUES ('Alberto Oliveira e Silva','Largo do Rato, Frente 4','47','932894497','2018-08-12 15:13:00');
INSERT INTO eventoEmergencia VALUES ('Adolfo Mesquita Nunes','Rua Ferreira Borges, Junto 12 A','19','929471628','2018-08-12 15:20:00');
INSERT INTO eventoEmergencia VALUES ('Mário Raposo','Rua Paulo Renato(antiga Rua 1 à Estrada de Benfica), Placa central, frente 1 G','42','921726868','2018-08-12 09:51:00');
INSERT INTO eventoEmergencia VALUES ('Maria Luís Albuquerque','Avenida de Roma, Frente 9 C','55','932315519','2018-08-12 13:35:00');
INSERT INTO eventoEmergencia VALUES ('Nuno Severiano Teixeira','Avenida da Igreja, Frente 32','52','934555921','2018-08-12 01:56:00');
INSERT INTO eventoEmergencia VALUES ('Manuel Caldeira Cabral','Rua Fernando Namora, junto Rua Prof. João Barreira','27','961600115','2018-08-12 14:25:00');
INSERT INTO eventoEmergencia VALUES ('Filipe Lobo dÁvila','Rua Barata Salgueiro, Junto 26 A','70','935507580','2018-08-12 19:12:00');
INSERT INTO eventoEmergencia VALUES ('Amílcar Theias','Alameda Dom Afonso Henriques, Passeio oposto frente 82','15','967941074','2018-08-12 16:46:00');
INSERT INTO eventoEmergencia VALUES ('Luís Barbosa','Rua Carvalho Araújo, Junto Largo Mendonça e Costa','95','935973610','2018-08-12 13:14:00');
INSERT INTO eventoEmergencia VALUES ('Pedro Lynce','Avenida Vinte e Quatro de Julho, S/N','44','929394497','2018-08-12 00:56:00');
INSERT INTO eventoEmergencia VALUES ('Rui Gomes da Silva','Avenida Almirante Reis, Junto 141','92','968094630','2018-08-12 18:51:00');
INSERT INTO eventoEmergencia VALUES ('Adolfo Mesquita Nunes','Avenida Grão Vasco, Passeio central frente 32','19','964001708','2018-08-12 04:46:00');
INSERT INTO eventoEmergencia VALUES ('Octávio Oliveira','Travessa da Praça, Junto 12','91','937888005','2018-08-12 08:25:00');
INSERT INTO eventoEmergencia VALUES ('Joaquim Ferreira do Amaral','Avenida Almirante Reis, Junto24','20','925295287','2018-08-12 09:06:00');
INSERT INTO eventoEmergencia VALUES ('Arlindo Cunha','Avenida Infante Dom Henrique, Junto CP  Estação Santa Apolónia','60','935086902','2018-08-12 02:55:00');
INSERT INTO eventoEmergencia VALUES ('Rui Pena','Travessa da Praça, Junto 12','66','937894885','2018-08-12 00:09:00');
INSERT INTO eventoEmergencia VALUES ('António Serrano','Estrada de Benfica, Junto 662 A','7','931645654','2018-08-12 17:23:00');
INSERT INTO eventoEmergencia VALUES ('Raúl Junqueiro','Avenida Fontes Pereira de Melo, Junto Rua Pinheiro Chagas','74','939748698','2018-08-12 14:22:00');
INSERT INTO eventoEmergencia VALUES ('Ana Teresa Lehmann','Rua Dr. João Couto, Junto Avenida do Colégio Militar','29','965823163','2018-08-12 17:57:00');
INSERT INTO eventoEmergencia VALUES ('Emídio Guerreiro','Avenida Grão Vasco, Passeio central frente 32','43','935405165','2018-08-12 15:55:00');
INSERT INTO eventoEmergencia VALUES ('Luís Valente de Oliveira','Rua Ferreira de Castro(antiga Rua E da Zona N1 de Chelas), Frente Lote 316','1','967622070','2018-08-12 03:11:00');
INSERT INTO eventoEmergencia VALUES ('Ludovico Cândido','Campo dos Mártires da Pátria','96','927082975','2018-08-12 18:57:00');
INSERT INTO eventoEmergencia VALUES ('Armando Vara','Avenida Almirante Reis, Junto 141','86','937532793','2018-08-12 03:25:00');
INSERT INTO eventoEmergencia VALUES ('José Alberto Loureiro dos Santos','Praça Espanha, Terminal Rodoviário','88','966661438','2018-08-12 11:16:00');
INSERT INTO eventoEmergencia VALUES ('Luís Capoulas Santos','Avenida Dom Carlos I, Frente 42  B','63','926769141','2018-08-12 03:12:00');
INSERT INTO eventoEmergencia VALUES ('Joaquim Ferreira do Amaral','Avenida do Uruguai, Junto 30 A','22','938756290','2018-08-12 18:01:00');
INSERT INTO eventoEmergencia VALUES ('Carlos da Costa Neves','Rua Barata Salgueiro, Monchique','90','933492911','2018-08-12 11:56:00');
INSERT INTO eventoEmergencia VALUES ('Jaime Gama','Avenida Miguel Bombarda, Frente 68- jardim','82','925139732','2018-08-12 22:13:00');
INSERT INTO eventoEmergencia VALUES ('Paulo Pedroso','Campo Pequeno','94','935389858','2018-08-12 03:18:00');
INSERT INTO eventoEmergencia VALUES ('Ana Teresa Lehmann','Avenida da Liberdade, Frente 45','29','962471881','2018-08-12 09:40:00');
INSERT INTO eventoEmergencia VALUES ('Basílio Horta','Campo Grande, Frente 1B (Entrecampos)','85','936540743','2018-08-12 00:30:00');
INSERT INTO eventoEmergencia VALUES ('Francisco Marcelo Curto','Praça do Príncipe Real','33','925266623','2018-08-12 12:20:00');
INSERT INTO eventoEmergencia VALUES ('Eurico Ferreira Nunes','Praça Luís de Camões, Placa Central','45','933402842','2018-08-12 03:55:00');
INSERT INTO eventoEmergencia VALUES ('Arlindo de Carvalho','Rua Barata Salgueiro, Junto 26 A','87','929053548','2018-08-12 06:19:00');
INSERT INTO eventoEmergencia VALUES ('Mário Sottomayor Cardia','Largo do Carmo, Placa Central','37','936583635','2018-08-12 09:31:00');
INSERT INTO eventoEmergencia VALUES ('Maria do Céu Cunha Rego','Rua Barata Salgueiro, Monchique','53','931774719','2018-08-12 03:24:00');
INSERT INTO eventoEmergencia VALUES ('Ana Sofia Antunes','Campo dos Mártires da Pátria','17','935698993','2018-08-12 18:14:00');
INSERT INTO eventoEmergencia VALUES ('Luís Braga da Cruz','Rua Fernando Namora, junto Rua Prof. João Barreira','35','931224625','2018-08-12 21:44:00');
INSERT INTO eventoEmergencia VALUES ('Luís Barbosa','Avenida Infante Dom Henrique, Junto CP  Estação Santa Apolónia','95','968832265','2018-08-12 03:42:00');
INSERT INTO eventoEmergencia VALUES ('Luís Marques Guedes','Avenida Infante Dom Henrique, Acesso estação fluvial','26','968376001','2018-08-12 05:40:00');
INSERT INTO eventoEmergencia VALUES ('Vitor Pereira Crespo','Rua Viriato, Passeio central  junto Avenida Cinco de Outubro','93','967174496','2018-08-12 09:08:00');
INSERT INTO eventoEmergencia VALUES ('António Barreto','Avenida Guerra Junqueiro, Junto 2 B','6','966948636','2018-08-12 22:13:00');
INSERT INTO eventoEmergencia VALUES ('Arlindo de Carvalho','Avenida do Uruguai, Junto Rua Dr. Pereira Bernardes','87','934034068','2018-08-12 13:57:00');
INSERT INTO eventoEmergencia VALUES ('Francisco de Sousa Tavares','Rua Natália Correia, Junto Rua dos Sapadores','73','920705073','2018-08-12 14:38:00');
INSERT INTO eventoEmergencia VALUES ('Rui Machete','Rua Ferreira Borges, Junto 12 A','69','964031754','2018-08-12 00:31:00');
INSERT INTO eventoEmergencia VALUES ('Manuel Caldeira Cabral','Rua Carlos Testa, Junto 3 A','27','965904179','2018-08-12 07:46:00');
INSERT INTO eventoEmergencia VALUES ('Fernando Nogueira','Rua Prof. Fernando da Fonseca, Junto Rua Prof. Vieira de Almeida','59','921359756','2018-08-12 11:59:00');
INSERT INTO eventoEmergencia VALUES ('Acácio Pereira Magro','Alameda das Linhas de Torres, Junto 251 A / 253','4','933846817','2018-08-12 17:01:00');
INSERT INTO eventoEmergencia VALUES ('Carlos Alberto Rosa','Travessa da Praça, Junto 12','77','963747325','2018-08-12 01:17:00');
INSERT INTO eventoEmergencia VALUES ('Armando Vara','Rua João Frederico Ludovice, Frente 6 B','86','964110394','2018-08-12 12:59:00');
INSERT INTO eventoEmergencia VALUES ('Álvaro Barreto','Avenida Almirante Reis, Junto 141','14','961378752','2018-08-12 21:53:00');
INSERT INTO eventoEmergencia VALUES ('Emídio Guerreiro','Campo Grande','43','961597511','2018-08-12 02:10:00');
INSERT INTO eventoEmergencia VALUES ('Rui Machete','Praça Luís de Camões, Placa Central','69','920263164','2018-08-12 16:10:00');
INSERT INTO eventoEmergencia VALUES ('Carlos da Costa Neves','Avenida Miguel Bombarda, Frente 68- jardim','90','932031138','2018-08-12 03:55:00');
INSERT INTO eventoEmergencia VALUES ('José Bento Gonçalves','Rua Barata Salgueiro, Monchique','64','963458322','2018-08-12 12:41:00');
INSERT INTO eventoEmergencia VALUES ('António Maldonado Gonelha','Rua José Estêvão, No jardim Constantino, passeio oposto frente 129','62','927807713','2018-08-12 10:28:00');
INSERT INTO eventoEmergencia VALUES ('Carlos Melancia','Praça das Flores, Jardim','58','929864801','2018-08-12 19:00:00');
INSERT INTO eventoEmergencia VALUES ('Augusto Ferreira do Amaral','Rua Aquiles Machado, Junto lote 1','21','933413801','2018-08-12 21:55:00');
INSERT INTO eventoEmergencia VALUES ('Nuno Severiano Teixeira','Rua Prof. Sousa da Câmara, Junto Avenida Engenheiro Duarte Pacheco','52','938670669','2018-08-12 05:48:00');
INSERT INTO eventoEmergencia VALUES ('Carlos da Costa Neves','Avenida de Roma, Frente 103','90','930502146','2018-08-12 21:46:00');
INSERT INTO eventoEmergencia VALUES ('Maria do Céu Cunha Rego','Rua Carlos Testa, Junto 3 A','53','925719435','2018-08-12 03:58:00');
INSERT INTO eventoEmergencia VALUES ('Luís Valente de Oliveira','Avenida Almirante Reis, Junto 1','39','960405843','2018-08-12 02:32:00');
INSERT INTO eventoEmergencia VALUES ('Mário Soares','Praça Paiva Couceiro, junto 6','18','931988468','2018-08-12 08:39:00');
INSERT INTO eventoEmergencia VALUES ('Eurico de Melo','Rua Paulo Renato(antiga Rua 1 à Estrada de Benfica), Placa central, frente 1 G','24','960522901','2018-08-12 09:43:00');
INSERT INTO eventoEmergencia VALUES ('Miguel Poiares Maduro','Avenida Almirante Reis, Junto24','8','932472017','2018-08-12 01:02:00');
INSERT INTO eventoEmergencia VALUES ('Maria de Belém Roseira','Rua da Junqueira, Junto Travessa da Guarda','83','931047894','2018-08-12 02:40:00');
INSERT INTO eventoEmergencia VALUES ('Rui Pena','Rua Prof. Fernando da Fonseca, Junto Rua Prof. Vieira de Almeida','66','937172559','2018-08-12 12:16:00');
INSERT INTO eventoEmergencia VALUES ('Mário Cristina de Sousa','Alameda do Beato, Monchique','97','933218447','2018-08-12 07:10:00');
INSERT INTO eventoEmergencia VALUES ('Henrique de Barros','Rua de Santana (Santana) à Lapa, Junto Avenida Infante Santo','25','927487549','2018-08-12 04:54:00');
INSERT INTO eventoEmergencia VALUES ('António Maldonado Gonelha','Praça D. Pedro IV, Junto 114','68','925575405','2018-08-12 07:57:00');
INSERT INTO eventoEmergencia VALUES ('Pedro Lynce','Rua da Assunção, Frente 57','44','930731568','2018-08-12 05:27:00');
INSERT INTO eventoEmergencia VALUES ('Francisco Nunes Correia','Avenida dos Estados Unidos da América, Junto Rua de Entrecampos','30','967057330','2018-08-12 16:47:00');
INSERT INTO eventoEmergencia VALUES ('Luís Marques Guedes','Avenida Afonso Costa, Junto 6','26','933399530','2018-08-12 11:25:00');
INSERT INTO eventoEmergencia VALUES ('Carlos Melancia','Rua Dr. João Couto, Junto Avenida do Colégio Militar','58','965157854','2018-08-12 07:20:00');
INSERT INTO eventoEmergencia VALUES ('Luís Barbosa','Rua Ferreira Borges, Junto 12 A','95','929420233','2018-08-12 11:15:00');
INSERT INTO eventoEmergencia VALUES ('Paulo Silva Lemos','Rua Viriato, Passeio central  junto Avenida Cinco de Outubro','65','968993476','2018-08-12 21:28:00');
INSERT INTO eventoEmergencia VALUES ('Amândio de Azevedo','Avenida Gomes Pereira, Junto 6','12','927894016','2018-08-12 20:47:00');
INSERT INTO eventoEmergencia VALUES ('Manuel Castro Almeida','Avenida Cinco de Outubro, Passeio Central  junto Rua Pinheiro Chagas','31','960772704','2018-08-12 15:52:00');
INSERT INTO eventoEmergencia VALUES ('Luís Valente de Oliveira','Avenida Cinco de Outubro, Junto Avenida das Forças Armadas','39','965904272','2018-08-12 07:55:00');
INSERT INTO eventoEmergencia VALUES ('Carlos Melancia','Rua Ferreira Borges, Junto 12 A','58','967755216','2018-08-12 11:42:00');
INSERT INTO eventoEmergencia VALUES ('Filipe Lobo dÁvila','Estrada dos Arneiros, Junto Rua Elvira Velez','70','920988003','2018-08-12 10:19:00');
INSERT INTO eventoEmergencia VALUES ('Manuel Castro Almeida','Miradouro Sophia Mello Breyner Andresen, junto Jardim Augusto Gil','31','928401212','2018-08-12 09:38:00');
INSERT INTO eventoEmergencia VALUES ('Mariana Vieira da Silva','Estrada dos Arneiros, Junto Rua Elvira Velez','67','929204780','2018-08-12 23:03:00');
INSERT INTO eventoEmergencia VALUES ('Paulo Silva Lemos','Praça de Londres, Junto 12 C','65','920051427','2018-08-12 04:11:00');
INSERT INTO eventoEmergencia VALUES ('Filipe Lobo dÁvila','Rua Carvalho Araújo, Junto Largo Mendonça e Costa','70','966845329','2018-08-12 12:39:00');
INSERT INTO eventoEmergencia VALUES ('Manuela Arcanjo','Praça das Flores, Jardim','11','936247090','2018-08-12 15:01:00');
INSERT INTO eventoEmergencia VALUES ('Nuno Severiano Teixeira','Campos Grandes','52','939473393','2018-08-12 12:41:00');
INSERT INTO eventoEmergencia VALUES ('Diamantino Durão','Rua Dr. João Couto, Junto Avenida do Colégio Militar','51','930311051','2018-08-12 20:05:00');
INSERT INTO eventoEmergencia VALUES ('Armando Vara','Rua José Estêvão, No jardim Constantino, passeio oposto frente 129','86','923615353','2018-08-12 06:38:00');
INSERT INTO eventoEmergencia VALUES ('José Leite Martins','Avenida do Brasil, Junto Avenida de Roma','5','927236221','2018-08-12 22:40:00');
INSERT INTO eventoEmergencia VALUES ('Jorge Lacão','Rua Carlos Testa, Junto 3 A','54','936279350','2018-08-12 23:33:00');
INSERT INTO eventoEmergencia VALUES ('Adolfo Mesquita Nunes','Avenida Gomes Pereira, Junto 6','19','963591560','2018-08-12 09:18:00');
INSERT INTO eventoEmergencia VALUES ('Mário Raposo','Estrada do Calhariz de Benfica, Junto Rua José da Purificação Chaves','42','938747833','2018-08-12 02:46:00');
INSERT INTO eventoEmergencia VALUES ('Francisco Marcelo Curto','Rua José Estêvão, No jardim Constantino, passeio oposto frente 129','33','922832587','2018-08-12 03:39:00');
INSERT INTO eventoEmergencia VALUES ('Luís Amado','Avenida Infante Dom Henrique, Junto CP  Estação Santa Apolónia','84','924876645','2018-08-12 08:48:00');
INSERT INTO eventoEmergencia VALUES ('José Leite Martins','Avenida Fontes Pereira de Melo, Junto Rua Pinheiro Chagas','5','938393379','2018-08-12 05:36:00');
INSERT INTO eventoEmergencia VALUES ('Mário Soares','Rua João Frederico Ludovice, Frente 6 B','18','930048775','2018-08-12 12:00:00');
INSERT INTO eventoEmergencia VALUES ('Armando Vara','Avenida da Liberdade, placa central, frente 77','86','965021599','2018-08-12 18:39:00');
INSERT INTO eventoEmergencia VALUES ('Eurico Ferreira Nunes','Avenida da Liberdade, Passeio Central,  frente 36 A','45','938450675','2018-08-12 12:41:00');
INSERT INTO eventoEmergencia VALUES ('António Serrano','Avenida Almirante Reis, Junto24','7','965319570','2018-08-12 23:50:00');
INSERT INTO eventoEmergencia VALUES ('Nuno Severiano Teixeira','Rua Prof. Sousa da Câmara, Junto Avenida Engenheiro Duarte Pacheco','52','936933019','2018-08-12 23:02:00');
INSERT INTO eventoEmergencia VALUES ('Manuel Caldeira Cabral','Rua Carvalho Araújo, Junto Largo Mendonça e Costa','27','924411151','2018-08-12 16:06:00');
INSERT INTO eventoEmergencia VALUES ('Carlos Alberto Rosa','Avenida Columbano Bordalo Pinheiro, Junto 5','77','960851193','2018-08-12 10:47:00');
INSERT INTO eventoEmergencia VALUES ('Mário Soares','Rua Domingos Sequeira, Junto 30','18','936556501','2018-08-12 19:41:00');
INSERT INTO eventoEmergencia VALUES ('Miguel Poiares Maduro','Avenida de Roma, Frente 103','8','965945648','2018-08-12 15:17:00');
INSERT INTO eventoEmergencia VALUES ('Acácio Pereira Magro','Rua Natália Correia, Junto Rua dos Sapadores','4','937389434','2018-08-12 07:02:00');
INSERT INTO eventoEmergencia VALUES ('Luís Valente de Oliveira','Rua Barata Salgueiro, Monchique','1','921496841','2018-08-12 13:52:00');
INSERT INTO eventoEmergencia VALUES ('Luís Barbosa','Avenida de Roma, Frente 103','89','928827238','2018-08-12 02:04:00');
INSERT INTO eventoEmergencia VALUES ('Helena Mesquita Ribeiro','Avenida Almirante Reis, Junto 141','99','928357898','2018-08-12 17:10:00');
INSERT INTO eventoEmergencia VALUES ('Ana Teresa Lehmann','Praça Luís de Camões, Placa Central','29','928574455','2018-08-12 17:51:00');
INSERT INTO eventoEmergencia VALUES ('Luís Marques Guedes','Avenida Guerra Junqueiro, Junto 2 B','26','969447971','2018-08-12 07:00:00');
INSERT INTO eventoEmergencia VALUES ('Miguel José Ribeiro Cadilhe','Rua Andrade Corvo, Junto 10','71','925262246','2018-08-12 20:02:00');
INSERT INTO eventoEmergencia VALUES ('Paulo Pedroso','Rua do Cais de Alcântara, Junto Avenida Vinte e Quatro de Julho','94','924599599','2018-08-12 12:46:00');
INSERT INTO eventoEmergencia VALUES ('Arlindo de Carvalho','Monchique','87','921636195','2018-08-12 12:29:00');
INSERT INTO eventoEmergencia VALUES ('Joaquim Ferreira do Amaral','Avenida Grão Vasco, Passeio central frente 32','38','961841756','2018-08-12 13:14:00');
INSERT INTO eventoEmergencia VALUES ('Carlos Alberto Rosa','Alameda de Santo António dos Capuchos, Junto 6 A','77','963366171','2018-08-12 19:49:00');
INSERT INTO eventoEmergencia VALUES ('Graça Fonseca','Alameda das Linhas de Torres, Junto 251 A / 253','46','927942947','2018-08-12 10:14:00');
INSERT INTO eventoEmergencia VALUES ('José Sasportes','Avenida Miguel Bombarda, Frente 68- jardim','13','967343936','2018-08-12 23:13:00');
INSERT INTO eventoEmergencia VALUES ('Miguel Poiares Maduro','Avenida Infante Dom Henrique, Junto Estação Sul e Sueste','8','967433379','2018-08-12 07:15:00');
INSERT INTO eventoEmergencia VALUES ('Pedro Lynce','Avenida Miguel Bombarda, Frente 68- jardim','44','939843190','2018-08-12 23:03:00');
INSERT INTO eventoEmergencia VALUES ('António Moura','Avenida do Brasil, Junto Avenida de Roma','79','921785593','2018-08-12 20:12:00');
INSERT INTO eventoEmergencia VALUES ('Jaime Gama','Campas das Mártires da Pátria','82','929495205','2018-08-12 13:56:00');
INSERT INTO eventoEmergencia VALUES ('Joaquim Ferreira do Amaral','Avenida Almirante Reis, Junto 141','38','922139810','2018-08-12 19:47:00');
INSERT INTO eventoEmergencia VALUES ('Ana Paula Vitorino','Avenida da Liberdade, placa central, frente 77','80','934824745','2018-08-12 21:32:00');
INSERT INTO eventoEmergencia VALUES ('Amílcar Theias','Avenida Dom Carlos I, Frente 42  B','15','964858916','2018-08-12 01:08:00');
INSERT INTO eventoEmergencia VALUES ('Carlos Alberto Rosa','Avenida Vinte e Quatro de Julho, S/N','77','924287488','2018-08-12 15:10:00');
INSERT INTO eventoEmergencia VALUES ('Maria de Belém Roseira','Rua Aquiles Machado, Junto lote 1','83','922455056','2018-08-12 12:30:00');
INSERT INTO eventoEmergencia VALUES ('Jaime Gama','Praça Luís de Camões, Placa Central','82','939985878','2018-08-12 18:26:00');
INSERT INTO eventoEmergencia VALUES ('Luís Valente de Oliveira','Avenida Grão Vasco, Passeio central frente 32','1','939555673','2018-08-12 13:32:00');
INSERT INTO eventoEmergencia VALUES ('José Alberto Loureiro dos Santos','Campo Pequeno','88','939905360','2018-08-12 09:55:00');
INSERT INTO eventoEmergencia VALUES ('Adolfo Mesquita Nunes','Rua Natália Correia, Junto Rua dos Sapadores','19','933942568','2018-08-12 09:49:00');
INSERT INTO eventoEmergencia VALUES ('Francisco Nunes Correia','Alameda Dom Afonso Henriques, Passeio oposto frente 82','30','966202117','2018-08-12 13:33:00');
INSERT INTO eventoEmergencia VALUES ('Luís Marques Guedes','Avenida Infante Dom Henrique, Junto Estação Sul e Sueste','26','967042268','2018-08-12 20:27:00');
INSERT INTO eventoEmergencia VALUES ('Acácio Pereira Magro','Avenida Almirante Reis, Junto 141','4','961836323','2018-08-12 14:59:00');
INSERT INTO eventoEmergencia VALUES ('António Azevedo Gomes','Praça Espanha, Terminal Rodoviário','32','937875367','2018-08-12 19:08:00');
INSERT INTO eventoEmergencia VALUES ('António Sousa Lara','Avenida da Igreja, Frente 32','0','920909060','2018-08-12 11:36:00');
INSERT INTO eventoEmergencia VALUES ('Arlindo Cunha','Avenida da Liberdade, Passeio Central,  frente 36 A','60','932675151','2018-08-12 09:41:00');
INSERT INTO eventoEmergencia VALUES ('Ludovico Cândido','Rua Dr. João Couto, Junto Avenida do Colégio Militar','96','969862097','2018-08-12 20:29:00');
INSERT INTO eventoEmergencia VALUES ('José António Vieira da Silva','Avenida Afonso III, Frente 59','48','924648484','2018-08-12 19:47:00');
INSERT INTO eventoEmergencia VALUES ('Francisco Marcelo Curto','Alameda de Santo António dos Capuchos, Junto 6 A','33','936120645','2018-08-12 01:34:00');
INSERT INTO eventoEmergencia VALUES ('Mário Cristina de Sousa','Avenida Infante Dom Henrique, Junto CP  Estação Santa Apolónia','97','925496781','2018-08-12 00:42:00');
INSERT INTO eventoEmergencia VALUES ('Maria Luís Albuquerque','Rua Prof. Sousa da Câmara, Junto Avenida Engenheiro Duarte Pacheco','55','925129874','2018-08-12 09:11:00');
INSERT INTO eventoEmergencia VALUES ('José António Vieira da Silva','Rua da Junqueira, Junto Travessa da Guarda','48','969660742','2018-08-12 14:22:00');
INSERT INTO eventoEmergencia VALUES ('Fernando Nogueira','Avenida dos Estados Unidos da América, Junto Rua de Entrecampos','28','929790614','2018-08-12 21:12:00');
INSERT INTO eventoEmergencia VALUES ('José Alberto Loureiro dos Santos','Estrada dos Arneiros, Junto Rua Elvira Velez','88','969468323','2018-08-12 08:35:00');
INSERT INTO eventoEmergencia VALUES ('Mariana Vieira da Silva','Avenida Gomes Pereira, Junto 6','67','939277050','2018-08-12 00:39:00');
INSERT INTO eventoEmergencia VALUES ('Pedro Pires de Miranda','Avenida da Liberdade, placa central, frente 77','40','928741190','2018-08-12 01:09:00');
INSERT INTO eventoEmergencia VALUES ('Augusto Ferreira do Amaral','Rua João Frederico Ludovice, Frente 6 B','21','964211816','2018-08-12 13:15:00');
INSERT INTO eventoEmergencia VALUES ('Ana Paula Vitorino','Campo Grande','80','961823816','2018-08-12 05:18:00');
INSERT INTO eventoEmergencia VALUES ('Miguel Poiares Maduro','Rua Ferreira Borges, Junto 12 A','8','969921094','2018-08-12 05:11:00');
INSERT INTO eventoEmergencia VALUES ('Luís Valente de Oliveira','Alameda das Linhas de Torres, Junto 251 A / 253','1','934255498','2018-08-12 06:28:00');
INSERT INTO eventoEmergencia VALUES ('António Correia de Campos','Campos Grandes','56','965055171','2018-08-12 08:48:00');
INSERT INTO eventoEmergencia VALUES ('Luís Marques Mendes','Miradouro Sophia Mello Breyner Andresen, junto Jardim Augusto Gil','16','930212878','2018-08-12 14:51:00');
INSERT INTO eventoEmergencia VALUES ('Luís Mira Amaral','Rua Ferreira de Castro(antiga Rua E da Zona N1 de Chelas), Frente Lote 316','49','935440632','2018-08-12 03:42:00');
INSERT INTO eventoEmergencia VALUES ('António Costa','Avenida Almirante Reis, Junto 141','72','963273060','2018-08-12 08:07:00');
INSERT INTO eventoEmergencia VALUES ('António Costa','Praça de Londres, Junto 12 C','72','961794288','2018-08-12 18:24:00');
INSERT INTO eventoEmergencia VALUES ('Henrique de Barros','Avenida Dom Carlos I, Frente 42  B','25','928307422','2018-08-12 10:00:00');
INSERT INTO eventoEmergencia VALUES ('Joaquim Ferreira do Amaral','Rua João Frederico Ludovice, Frente 6 B','38','966050753','2018-08-12 05:03:00');
INSERT INTO eventoEmergencia VALUES ('António Moura','Alameda Dom Afonso Henriques, Junto 2','79','928313007','2018-08-12 12:56:00');
INSERT INTO eventoEmergencia VALUES ('Mário Raposo','Rua Paulo Renato(antiga Rua 1 à Estrada de Benfica), Placa central, frente 1 G','42','929838734','2018-08-12 10:44:00');
INSERT INTO eventoEmergencia VALUES ('Mariana Vieira da Silva','Praça do Príncipe Real','67','923394023','2018-08-12 14:09:00');
INSERT INTO eventoEmergencia VALUES ('Miguel José Ribeiro Cadilhe','Avenida da Liberdade, Passeio Central,  frente 36 A','71','965237319','2018-08-12 15:42:00');
INSERT INTO eventoEmergencia VALUES ('Carlos Alberto Rosa','Rua da Assunção, Frente 57','77','936636284','2018-08-12 13:49:00');
INSERT INTO eventoEmergencia VALUES ('Manuela Arcanjo','Avenida Guerra Junqueiro, Junto 2 B','11','937872934','2018-08-12 18:39:00');
INSERT INTO eventoEmergencia VALUES ('Raúl Junqueiro','Rua Carvalho Araújo, Junto Largo Mendonça e Costa','74','935436045','2018-08-12 23:36:00');
INSERT INTO eventoEmergencia VALUES ('António Bagão Félix','Avenida Gomes Pereira, Frente 61 A','75','932257649','2018-08-12 18:49:00');
INSERT INTO eventoEmergencia VALUES ('Mário Cristina de Sousa','Alameda das Linhas de Torres, Quiosque Carris','97','960081875','2018-08-12 20:43:00');
INSERT INTO eventoEmergencia VALUES ('António Correia de Campos','Avenida dos Estados Unidos da América, Frente 44 A','56','963027141','2018-08-12 22:38:00');
INSERT INTO eventoEmergencia VALUES ('Carlos Melancia','Avenida da Liberdade, Frente 45','58','924725632','2018-08-12 14:16:00');
INSERT INTO eventoEmergencia VALUES ('Emídio Guerreiro','Rua Fernando Namora, junto Rua Prof. João Barreira','43','938925473','2018-08-12 10:33:00');
INSERT INTO eventoEmergencia VALUES ('António Bagão Félix','Rua do Cais de Alcântara, Junto Avenida Vinte e Quatro de Julho','75','924957101','2018-08-12 10:37:00');
INSERT INTO eventoEmergencia VALUES ('José Bento Gonçalves','Campo Grande, Frente 1B (Entrecampos)','64','929638633','2018-08-12 02:59:00');
INSERT INTO eventoEmergencia VALUES ('Jaime Gama','Avenida Barbosa du Bocage, Passeio Central frente 3','82','963530616','2018-08-12 04:07:00');
INSERT INTO eventoEmergencia VALUES ('José Medeiros Ferreira','Avenida Miguel Bombarda, Frente 68- jardim','41','939381527','2018-08-12 06:41:00');
INSERT INTO eventoEmergencia VALUES ('Paulo Pedroso','Praça da Estrela, Jardim Cinco de Outubro junto Basílica','94','920311199','2018-08-12 13:24:00');
INSERT INTO eventoEmergencia VALUES ('Mário Soares','Rua Prof. Sousa da Câmara, Junto Avenida Engenheiro Duarte Pacheco','18','965947603','2018-08-12 10:30:00');
INSERT INTO eventoEmergencia VALUES ('Francisco Nunes Correia','Avenida Infante Dom Henrique, Acesso estação fluvial','30','928276272','2018-08-12 02:40:00');
INSERT INTO eventoEmergencia VALUES ('António Costa','Avenida Grão Vasco, Passeio central frente 32','72','927011593','2018-08-12 15:09:00');
INSERT INTO eventoEmergencia VALUES ('Adolfo Mesquita Nunes','Avenida Grão Vasco, Passeio central frente 32','19','920161067','2018-08-12 13:23:00');
INSERT INTO eventoEmergencia VALUES ('Carlos Alberto Rosa','Avenida Fontes Pereira de Melo, Junto Rua Pinheiro Chagas','77','966313308','2018-08-12 16:17:00');
INSERT INTO eventoEmergencia VALUES ('Ana Teresa Lehmann','Rua Paulo Renato(antiga Rua 1 à Estrada de Benfica), Placa central, frente 1 G','29','937907784','2018-08-12 12:39:00');
INSERT INTO eventoEmergencia VALUES ('António Maldonado Gonelha','Rua da Imprensa Nacional, Junto 116 F','68','963027557','2018-08-12 13:01:00');
INSERT INTO eventoEmergencia VALUES ('Arlindo de Carvalho','Avenida Gomes Pereira, Frente 61 A','87','938386587','2018-08-12 19:23:00');
INSERT INTO eventoEmergencia VALUES ('Maria Luís Albuquerque','Avenida da Liberdade, Frente 45','55','932773597','2018-08-12 13:23:00');
INSERT INTO eventoEmergencia VALUES ('Aníbal Cavaco Silva','Avenida Infante Dom Henrique, Junto Estação Sul e Sueste','34','963347690','2018-08-12 22:28:00');
INSERT INTO eventoEmergencia VALUES ('Raúl Junqueiro','Avenida Almirante Reis, Junto 1','74','969245034','2018-08-12 04:44:00');
INSERT INTO eventoEmergencia VALUES ('Alberto Oliveira e Silva','Rua Fernando Namora, junto Rua Prof. João Barreira','47','934076855','2018-08-12 05:29:00');
INSERT INTO eventoEmergencia VALUES ('Luís Braga da Cruz','Campo dos Mártires da Pátria','35','924112637','2018-08-12 22:32:00');
INSERT INTO eventoEmergencia VALUES ('Diamantino Durão','Campos Grandes','51','969332896','2018-08-12 06:11:00');
INSERT INTO eventoEmergencia VALUES ('Ana Teresa Lehmann','Praça das Flores, Jardim','29','927343821','2018-08-12 05:28:00');
INSERT INTO eventoEmergencia VALUES ('Mariana Vieira da Silva','Avenida Almirante Reis, Junto 1','67','967140048','2018-08-12 04:56:00');
INSERT INTO eventoEmergencia VALUES ('Augusto Ferreira do Amaral','Estrada de Benfica, Junto 451A','21','936232298','2018-08-12 18:25:00');
INSERT INTO eventoEmergencia VALUES ('António Sousa Lara','Avenida Columbano Bordalo Pinheiro, Junto 5','0','960407593','2018-08-12 04:23:00');
INSERT INTO eventoEmergencia VALUES ('Raúl Junqueiro','Avenida dos Estados Unidos da América, Frente 44 A','74','964942489','2018-08-12 19:53:00');
INSERT INTO eventoEmergencia VALUES ('Alberto Oliveira e Silva','Rua da Assunção, Frente 57','47','922115263','2018-08-12 23:42:00');
INSERT INTO eventoEmergencia VALUES ('Celeste Cardona','Avenida da Liberdade, Frente 45','98','937104154','2018-08-12 23:44:00');
INSERT INTO eventoEmergencia VALUES ('Manuela Arcanjo','Avenida Cinco de Outubro, Junto Avenida das Forças Armadas','11','968053373','2018-08-12 13:34:00');
INSERT INTO eventoEmergencia VALUES ('Luís Capoulas Santos','Avenida de Roma, Frente 9 C','63','933271944','2018-08-12 09:02:00');
INSERT INTO eventoEmergencia VALUES ('Maria de Belém Roseira','Rua João Frederico Ludovice, Frente 6 B','83','923280547','2018-08-12 22:20:00');
INSERT INTO eventoEmergencia VALUES ('Álvaro Barreto','Campo Grande, Frente 1B (Entrecampos)','61','966112410','2018-08-12 19:37:00');
INSERT INTO eventoEmergencia VALUES ('Pedro Lynce','Rua do Cais de Alcântara, Junto Avenida Vinte e Quatro de Julho','44','963568607','2018-08-12 09:56:00');
INSERT INTO eventoEmergencia VALUES ('Miguel Morais Leitão','Avenida Duque de Loulé, Junto 125','50','928454542','2018-08-12 02:56:00');
INSERT INTO eventoEmergencia VALUES ('Augusto Ferreira do Amaral','Avenida da Liberdade, Frente 45','21','967562705','2018-08-12 18:24:00');
INSERT INTO eventoEmergencia VALUES ('Carlos Melancia','Praça Luís de Camões, Placa Central','58','969542167','2018-08-12 01:51:00');
INSERT INTO eventoEmergencia VALUES ('Luís Marques Guedes','Rua Prof. Sousa da Câmara, Junto Avenida Engenheiro Duarte Pacheco','26','932515507','2018-08-12 20:35:00');
INSERT INTO eventoEmergencia VALUES ('Jaime Gama','Avenida Fontes Pereira de Melo, Junto Rua Pinheiro Chagas','82','930170462','2018-08-12 21:55:00');
INSERT INTO eventoEmergencia VALUES ('Mário Cristina de Sousa','Avenida Almirante Reis, Junto 1','97','969798650','2018-08-12 12:05:00');
INSERT INTO eventoEmergencia VALUES ('Mariana Vieira da Silva','Avenida Cinco de Outubro, Passeio Central  frente 168','67','934072904','2018-08-12 21:59:00');
INSERT INTO eventoEmergencia VALUES ('Amílcar Theias','Rua da Assunção, Frente 57','15','927308632','2018-08-12 21:10:00');
INSERT INTO eventoEmergencia VALUES ('Nuno Severiano Teixeira','Campo Grande, Frente 1B (Entrecampos)','52','966606243','2018-08-12 11:11:00');
INSERT INTO eventoEmergencia VALUES ('Luís Valente de Oliveira','Avenida Almirante Reis, Junto 141','39','963424241','2018-08-12 15:12:00');
INSERT INTO eventoEmergencia VALUES ('Helena Mesquita Ribeiro','Rua da Assunção, Frente 57','99','964993933','2018-08-12 13:14:00');
INSERT INTO eventoEmergencia VALUES ('António Azevedo Gomes','Rua Prof. Fernando da Fonseca, Junto Rua Prof. Vieira de Almeida','32','935648475','2018-08-12 01:22:00');
INSERT INTO eventoEmergencia VALUES ('António Barreto','Alameda de Santo António dos Capuchos, Junto 6 A','6','961020737','2018-08-12 19:30:00');
INSERT INTO eventoEmergencia VALUES ('Filipe Lobo dÁvila','Rua Castilho, Junto 90','70','926021838','2018-08-12 23:45:00');
INSERT INTO eventoEmergencia VALUES ('Jaime Gama','Avenida Infante Dom Henrique, Junto Estação Sul e Sueste','82','968131737','2018-08-12 09:22:00');
INSERT INTO eventoEmergencia VALUES ('Luís Barbosa','Praça Espanha, Terminal Rodoviário','89','927759766','2018-08-12 15:20:00');
INSERT INTO eventoEmergencia VALUES ('José Medeiros Ferreira','Alameda do Beato, Monchique','41','938264112','2018-08-12 01:57:00');
INSERT INTO eventoEmergencia VALUES ('Nuno Severiano Teixeira','Praça D. Pedro IV, Junto 114','52','961788721','2018-08-12 14:59:00');
INSERT INTO eventoEmergencia VALUES ('Luís Valente de Oliveira','Alameda das Linhas de Torres, Quiosque Carris','39','933957531','2018-08-12 18:01:00');
INSERT INTO eventoEmergencia VALUES ('Eurico Ferreira Nunes','Avenida da Liberdade, placa central, frente 77','45','923218188','2018-08-12 17:09:00');
INSERT INTO eventoEmergencia VALUES ('Pedro Lynce','Campo Grande','44','932516908','2018-08-12 21:24:00');
INSERT INTO eventoEmergencia VALUES ('Celeste Cardona','Praça das Flores, Jardim','98','961439454','2018-08-12 22:48:00');
INSERT INTO eventoEmergencia VALUES ('Sérgio Silva Monteiro','Rua Barata Salgueiro, Monchique','36','965530657','2018-08-12 23:19:00');
INSERT INTO eventoEmergencia VALUES ('Joaquim Ferreira do Amaral','Largo do Carmo, Placa Central','38','924841077','2018-08-12 09:03:00');
INSERT INTO eventoEmergencia VALUES ('Joaquim Ferreira do Amaral','Avenida Cinco de Outubro, Passeio Central  frente 168','22','936254189','2018-08-12 19:34:00');
INSERT INTO eventoEmergencia VALUES ('Luís Capoulas Santos','Campo Grande','63','939549727','2018-08-12 12:47:00');
INSERT INTO eventoEmergencia VALUES ('Graça Fonseca','Praça das Flores, Jardim','46','962354931','2018-08-12 14:56:00');
INSERT INTO eventoEmergencia VALUES ('Manuela Arcanjo','Praça de Londres, Junto 12 C','11','965989596','2018-08-12 03:51:00');
INSERT INTO eventoEmergencia VALUES ('Diamantino Durão','Campo dos Mártires da Pátria','51','924439171','2018-08-12 10:18:00');
INSERT INTO eventoEmergencia VALUES ('António Maldonado Gonelha','Rua Carlos Testa, Junto 3 A','62','938034900','2018-08-12 16:11:00');
INSERT INTO eventoEmergencia VALUES ('Raúl Junqueiro','Avenida dos Estados Unidos da América, Junto Rua de Entrecampos','74','930909809','2018-08-12 05:24:00');
INSERT INTO eventoEmergencia VALUES ('António Correia de Campos','Largo do Carmo, Placa Central','56','932569929','2018-08-12 16:20:00');
INSERT INTO eventoEmergencia VALUES ('Acácio Pereira Magro','Rua Viriato, Passeio central  junto Avenida Cinco de Outubro','4','930344547','2018-08-12 16:38:00');
INSERT INTO eventoEmergencia VALUES ('Rui Pena','Alameda Dom Afonso Henriques, Passeio oposto frente 82','66','923155408','2018-08-12 15:49:00');
INSERT INTO eventoEmergencia VALUES ('Jorge Coelho','Campos Grandes','78','932993686','2018-08-12 05:35:00');
INSERT INTO eventoEmergencia VALUES ('Luís Marques Mendes','Avenida Almirante Reis, Junto 141','16','928798235','2018-08-12 00:27:00');
INSERT INTO eventoEmergencia VALUES ('Miguel José Ribeiro Cadilhe','Estrada dos Arneiros, Junto Rua Elvira Velez','71','922007188','2018-08-12 10:17:00');
INSERT INTO eventoEmergencia VALUES ('Mário Soares','Avenida da Igreja, Frente 32','18','966711148','2018-08-12 21:53:00');
INSERT INTO eventoEmergencia VALUES ('Manuel Ferreira Teixeira','Rua João Frederico Ludovice, Frente 6 B','3','962095959','2018-08-12 13:50:00');
INSERT INTO eventoEmergencia VALUES ('Augusto Ferreira do Amaral','Rua do Arco do Marquês de Alegrete, Frente 6 F','21','926636017','2018-08-12 03:26:00');
INSERT INTO eventoEmergencia VALUES ('Emídio Guerreiro','Praça Luís de Camões, Placa Central','43','969772602','2018-08-12 20:15:00');
INSERT INTO eventoEmergencia VALUES ('Vitor Pereira Crespo','Avenida dos Estados Unidos da América, Junto Rua de Entrecampos','93','921382470','2018-08-12 02:59:00');
INSERT INTO eventoEmergencia VALUES ('Mário Cristina de Sousa','Rua Dr. João Couto, Junto Avenida do Colégio Militar','97','966914099','2018-08-12 00:41:00');
INSERT INTO eventoEmergencia VALUES ('Luís Valente de Oliveira','Rua do Cais de Alcântara, Junto Avenida Vinte e Quatro de Julho','1','964023144','2018-08-12 11:52:00');
INSERT INTO eventoEmergencia VALUES ('António Bagão Félix','Campo Pequeno','75','927098025','2018-08-12 12:47:00');
INSERT INTO eventoEmergencia VALUES ('Álvaro Barreto','Avenida Dom Rodrigo da Cunha, Junto 8','14','933155215','2018-08-12 10:49:00');
INSERT INTO eventoEmergencia VALUES ('Eurico Ferreira Nunes','Estrada dos Arneiros, Junto Rua Elvira Velez','45','928713897','2018-08-12 18:37:00');
INSERT INTO eventoEmergencia VALUES ('Jorge Lacão','Campo Grande','54','927462195','2018-08-12 19:48:00');
INSERT INTO eventoEmergencia VALUES ('Mário Sottomayor Cardia','Avenida Barbosa du Bocage, Passeio Central frente 3','2','929905771','2018-08-12 10:58:00');
INSERT INTO eventoEmergencia VALUES ('António Maldonado Gonelha','Avenida de Roma, Junto 3 A','68','928925372','2018-08-12 12:01:00');
INSERT INTO eventoEmergencia VALUES ('António Costa','Praça D. Pedro IV, Junto 114','72','963394972','2018-08-12 14:01:00');
INSERT INTO eventoEmergencia VALUES ('Rui Machete','Alameda do Beato, Monchique','69','939656535','2018-08-12 16:02:00');
INSERT INTO eventoEmergencia VALUES ('Mário Sottomayor Cardia','Rua Ferreira Borges, Junto 12 A','2','920206601','2018-08-12 12:44:00');
INSERT INTO eventoEmergencia VALUES ('Carlos da Costa Neves','Rua Carvalho Araújo, Junto Largo Mendonça e Costa','90','934061932','2018-08-12 09:15:00');
INSERT INTO eventoEmergencia VALUES ('Miguel Morais Leitão','Miradouro Sophia Mello Breyner Andresen, junto Jardim Augusto Gil','50','930564797','2018-08-12 21:36:00');
INSERT INTO eventoEmergencia VALUES ('Luís Capoulas Santos','Alameda das Linhas de Torres, Junto 251 A / 253','63','936368966','2018-08-12 01:37:00');
INSERT INTO eventoEmergencia VALUES ('Luís Capoulas Santos','Alameda das Linhas de Torres, Junto 251 A / 253','63','927042363','2018-08-12 22:05:00');
INSERT INTO eventoEmergencia VALUES ('Celeste Cardona','Avenida Infante Dom Henrique, Acesso estação fluvial','98','931543078','2018-08-12 07:36:00');
INSERT INTO eventoEmergencia VALUES ('Ricardo Bayão Horta','Estrada dos Arneiros, Junto Rua Elvira Velez','10','937024266','2018-08-12 19:37:00');
INSERT INTO eventoEmergencia VALUES ('Miguel Morais Leitão','Rua da Imprensa Nacional, Junto 116 F','50','931428343','2018-08-12 02:24:00');
INSERT INTO eventoEmergencia VALUES ('António Barreto','Estrada dos Arneiros, Junto Rua Elvira Velez','6','936224258','2018-08-12 02:08:00');
INSERT INTO eventoEmergencia VALUES ('Octávio Oliveira','Praça das Flores, Jardim','91','929312551','2018-08-12 16:50:00');
INSERT INTO eventoEmergencia VALUES ('Raúl Junqueiro','Avenida Afonso III, Frente 59','74','962260453','2018-08-12 15:42:00');
INSERT INTO eventoEmergencia VALUES ('Maria do Céu Cunha Rego','Avenida Gomes Pereira, Junto 6','53','939672080','2018-08-12 08:26:00');
INSERT INTO eventoEmergencia VALUES ('Joaquim Ferreira do Amaral','Avenida Duque de Loulé, Junto 125','22','967622355','2018-08-12 10:48:00');
INSERT INTO eventoEmergencia VALUES ('Paulo Silva Lemos','Avenida Grão Vasco, Passeio central frente 32','65','930903873','2018-08-12 20:14:00');
INSERT INTO eventoEmergencia VALUES ('Henrique de Barros','Rua do Arco do Marquês de Alegrete, Frente 6 F','25','961808107','2018-08-12 23:14:00');
INSERT INTO eventoEmergencia VALUES ('Luís Marques Mendes','Avenida da Liberdade, placa central, frente 77','16','938336635','2018-08-12 01:00:00');
INSERT INTO eventoEmergencia VALUES ('Jorge Coelho','Travessa da Praça, Junto 12','78','923367235','2018-08-12 19:51:00');
INSERT INTO eventoEmergencia VALUES ('Mário Sottomayor Cardia','Cais do Sodré, Jardim Roque Gameiro','37','931628538','2018-08-12 17:50:00');
INSERT INTO eventoEmergencia VALUES ('Joaquim Ferreira do Amaral','Avenida Infante Santo, Junto 347','22','969394954','2018-08-12 06:13:00');
INSERT INTO eventoEmergencia VALUES ('Sérgio Silva Monteiro','Avenida Almirante Reis, Junto24','36','932704128','2018-08-12 18:26:00');
INSERT INTO eventoEmergencia VALUES ('Amílcar Theias','Rua Barata Salgueiro, Junto 26 A','15','962461499','2018-08-12 21:02:00');
INSERT INTO eventoEmergencia VALUES ('António Correia de Campos','Avenida Infante Dom Henrique, Junto Estação Sul e Sueste','56','933641715','2018-08-12 07:47:00');
INSERT INTO eventoEmergencia VALUES ('Luís Marques Guedes','Avenida Infante Santo, Junto 347','26','927484135','2018-08-12 03:09:00');
INSERT INTO eventoEmergencia VALUES ('Fernando Nogueira','Praça das Flores, Jardim','28','930491762','2018-08-12 11:10:00');
INSERT INTO eventoEmergencia VALUES ('Joaquim Ferreira do Amaral','Rua do Cais de Alcântara, Junto Avenida Vinte e Quatro de Julho','22','934061613','2018-08-12 04:03:00');
INSERT INTO eventoEmergencia VALUES ('José Leite Martins','Praça de Londres, Junto 12 C','5','922539775','2018-08-12 03:35:00');
INSERT INTO eventoEmergencia VALUES ('Paulo Pedroso','Circular Norte do Bairro da Encarnação, Junto Rua 1º Cabo José Martins Silvestre','94','938418232','2018-08-12 12:08:00');
INSERT INTO eventoEmergencia VALUES ('Eurico de Melo','Largo do Rato, Frente 4','24','961034455','2018-08-12 00:21:00');
INSERT INTO eventoEmergencia VALUES ('Joaquim Ferreira do Amaral','Avenida Afonso III, Frente 59','20','965642790','2018-08-12 14:25:00');
INSERT INTO eventoEmergencia VALUES ('Carlos Alberto Rosa','Avenida de Roma, Frente 9 C','77','920045587','2018-08-12 23:17:00');
INSERT INTO eventoEmergencia VALUES ('Mário Sottomayor Cardia','Rua Barata Salgueiro, Monchique','37','939100034','2018-08-12 04:40:00');
INSERT INTO eventoEmergencia VALUES ('Maria do Céu Cunha Rego','Campas das Mártires da Pátria','53','927596581','2018-08-12 17:22:00');
INSERT INTO eventoEmergencia VALUES ('Acácio Pereira Magro','Avenida do Uruguai, Junto Rua Dr. Pereira Bernardes','4','933654704','2018-08-12 22:15:00');
INSERT INTO eventoEmergencia VALUES ('Ludovico Cândido','Avenida da Liberdade, placa central, frente 77','96','921991523','2018-08-12 01:39:00');
INSERT INTO eventoEmergencia VALUES ('Miguel Morais Leitão','Avenida do Brasil, Junto Avenida de Roma','50','937965514','2018-08-12 19:22:00');
INSERT INTO eventoEmergencia VALUES ('Álvaro Barreto','Avenida da Liberdade, Passeio Central, frente 117','14','938159155','2018-08-12 08:08:00');
INSERT INTO eventoEmergencia VALUES ('José António Vieira da Silva','Avenida Cinco de Outubro, Junto Avenida das Forças Armadas','48','930111121','2018-08-12 07:32:00');
INSERT INTO eventoEmergencia VALUES ('Arlindo Cunha','Alameda das Linhas de Torres, Quiosque Carris','60','961326039','2018-08-12 07:09:00');
INSERT INTO eventoEmergencia VALUES ('Ricardo Bayão Horta','Rua Prof. Sousa da Câmara, Junto Avenida Engenheiro Duarte Pacheco','10','966190546','2018-08-12 11:18:00');
INSERT INTO eventoEmergencia VALUES ('Pedro Lynce','Largo das Portas do Sol, Junto Beco de Santa Helena','44','924262647','2018-08-12 22:24:00');
INSERT INTO eventoEmergencia VALUES ('Aníbal Cavaco Silva','Rua do Cais de Alcântara, Junto Avenida Vinte e Quatro de Julho','34','964439086','2018-08-12 06:57:00');
INSERT INTO eventoEmergencia VALUES ('Manuel Caldeira Cabral','Praça das Flores, Jardim','27','927627855','2018-08-12 00:51:00');
INSERT INTO eventoEmergencia VALUES ('Paulo Pedroso','Alameda do Beato, Monchique','94','927258741','2018-08-12 19:35:00');
INSERT INTO eventoEmergencia VALUES ('António Maldonado Gonelha','Avenida Infante Dom Henrique, Junto Estação Sul e Sueste','68','931946578','2018-08-12 12:19:00');
INSERT INTO eventoEmergencia VALUES ('Mário Cristina de Sousa','Alameda do Beato, Monchique','97','961490287','2018-08-12 07:13:00');
INSERT INTO eventoEmergencia VALUES ('Eurico Ferreira Nunes','Alameda Dom Afonso Henriques, Junto 2','45','962488718','2018-08-12 18:24:00');
INSERT INTO eventoEmergencia VALUES ('Celeste Cardona','Rua Dr. João Couto, Junto Avenida do Colégio Militar','98','921609289','2018-08-12 03:17:00');
INSERT INTO eventoEmergencia VALUES ('Arlindo de Carvalho','Alameda das Linhas de Torres, Junto 251 A / 253','87','920739409','2018-08-12 13:52:00');
INSERT INTO eventoEmergencia VALUES ('Arlindo de Carvalho','Avenida Afonso Costa, Junto 6','87','967892355','2018-08-12 00:45:00');
INSERT INTO eventoEmergencia VALUES ('Arlindo Cunha','Estrada de Benfica, Junto 662 A','60','939164421','2018-08-12 05:12:00');
INSERT INTO eventoEmergencia VALUES ('Pedro Pires de Miranda','Rua Prof. Fernando da Fonseca, Junto Rua Prof. Vieira de Almeida','40','932938089','2018-08-12 05:53:00');
INSERT INTO eventoEmergencia VALUES ('Eurico de Melo','Praça D. Pedro IV, Junto 114','24','969022302','2018-08-12 14:26:00');
INSERT INTO eventoEmergencia VALUES ('Luís Marques Guedes','Avenida Guerra Junqueiro, Junto 2 B','26','936249620','2018-08-12 22:46:00');
INSERT INTO eventoEmergencia VALUES ('Carlos Melancia','Rua do Arco do Marquês de Alegrete, Frente 6 F','58','924608666','2018-08-12 21:52:00');
INSERT INTO eventoEmergencia VALUES ('Amílcar Theias','Estrada dos Arneiros, Junto Rua Elvira Velez','15','930657639','2018-08-12 15:52:00');
INSERT INTO eventoEmergencia VALUES ('Amílcar Theias','Avenida do Brasil, Junto Avenida de Roma','15','931298228','2018-08-12 22:27:00');
INSERT INTO eventoEmergencia VALUES ('Emídio Guerreiro','Rua Prof. Fernando da Fonseca, Junto Rua Prof. Vieira de Almeida','43','934664667','2018-08-12 17:24:00');
INSERT INTO eventoEmergencia VALUES ('Graça Fonseca','Rua Domingos Sequeira, Junto 30','46','935488371','2018-08-12 03:09:00');
INSERT INTO eventoEmergencia VALUES ('Francisco Nunes Correia','Avenida Infante Dom Henrique, Junto CP  Estação Santa Apolónia','30','960861589','2018-08-12 08:31:00');
INSERT INTO eventoEmergencia VALUES ('José António Vieira da Silva','Rua João Frederico Ludovice, Frente 6 B','48','926206774','2018-08-12 20:21:00');
INSERT INTO eventoEmergencia VALUES ('Miguel Morais Leitão','Praça da Estrela, Jardim Cinco de Outubro junto Basílica','50','937322319','2018-08-12 14:43:00');
INSERT INTO eventoEmergencia VALUES ('Luís Mira Amaral','Avenida de Roma, Junto 3 A','49','925771450','2018-08-12 10:44:00');
INSERT INTO eventoEmergencia VALUES ('Basílio Horta','Praça Espanha, Terminal Rodoviário','85','926877805','2018-08-12 14:24:00');
INSERT INTO eventoEmergencia VALUES ('Ana Paula Vitorino','Travessa da Praça, Junto 12','80','920270760','2018-08-12 18:08:00');
INSERT INTO eventoEmergencia VALUES ('Luís Mira Amaral','Avenida da Igreja, Frente 32','49','926429202','2018-08-12 09:39:00');
INSERT INTO eventoEmergencia VALUES ('António Moura','Estrada do Calhariz de Benfica, Junto Rua José da Purificação Chaves','79','921980282','2018-08-12 21:44:00');
INSERT INTO eventoEmergencia VALUES ('António Bagão Félix','Largo do Calhariz, Junto Rua da Rosa','75','964737706','2018-08-12 21:31:00');
INSERT INTO eventoEmergencia VALUES ('Jorge Lacão','Rua Castilho, Junto 90','54','934750046','2018-08-12 10:00:00');
INSERT INTO eventoEmergencia VALUES ('Miguel Poiares Maduro','Avenida Infante Dom Henrique, Junto CP  Estação Santa Apolónia','8','925409286','2018-08-12 21:07:00');
INSERT INTO eventoEmergencia VALUES ('Miguel Poiares Maduro','Rua Maestro Frederico de Freitas, Junto 1 A','8','937539530','2018-08-12 00:30:00');
INSERT INTO eventoEmergencia VALUES ('Amílcar Theias','Avenida Almirante Reis, Junto24','15','935447737','2018-08-12 05:52:00');
INSERT INTO eventoEmergencia VALUES ('António Azevedo Gomes','Rua João Frederico Ludovice, Frente 6 B','32','924075525','2018-08-12 05:29:00');
INSERT INTO eventoEmergencia VALUES ('Manuel Caldeira Cabral','Praça de Londres, Junto 12 C','27','928115347','2018-08-12 11:17:00');
INSERT INTO eventoEmergencia VALUES ('José Alberto Loureiro dos Santos','Avenida Afonso Costa, Junto 6','88','962202674','2018-08-12 15:52:00');
INSERT INTO eventoEmergencia VALUES ('Armando Vara','Estrada do Calhariz de Benfica, Junto Rua José da Purificação Chaves','86','967283043','2018-08-12 23:46:00');
INSERT INTO eventoEmergencia VALUES ('António Capucho','Campo Grande, Frente 1B (Entrecampos)','57','939911199','2018-08-12 18:27:00');
INSERT INTO eventoEmergencia VALUES ('Adolfo Mesquita Nunes','Avenida Almirante Reis, Junto 141','19','965223546','2018-08-12 01:54:00');
INSERT INTO eventoEmergencia VALUES ('Emídio Guerreiro','Alameda Dom Afonso Henriques, Junto 2','43','921079196','2018-08-12 03:14:00');
INSERT INTO eventoEmergencia VALUES ('Luís Barbosa','Rua José Estêvão, No jardim Constantino, passeio oposto frente 129','95','928621487','2018-08-12 13:04:00');
INSERT INTO eventoEmergencia VALUES ('Ana Paula Vitorino','Praça de Londres, Junto 12 C','80','927314434','2018-08-12 13:22:00');
INSERT INTO eventoEmergencia VALUES ('Sérgio Silva Monteiro','Rua Castilho, Junto 90','36','960974490','2018-08-12 18:31:00');
INSERT INTO eventoEmergencia VALUES ('Manuela Arcanjo','Campo dos Mártires da Pátria','11','939367818','2018-08-12 11:32:00');
INSERT INTO eventoEmergencia VALUES ('Ana Sofia Antunes','Rua Carlos Testa, Junto 3 A','17','924815617','2018-08-12 00:11:00');
INSERT INTO eventoEmergencia VALUES ('António Azevedo Gomes','Avenida Almirante Reis, Junto 141','32','967248659','2018-08-12 19:39:00');
INSERT INTO eventoEmergencia VALUES ('Mário Sottomayor Cardia','Largo das Portas do Sol, Junto Beco de Santa Helena','2','935577379','2018-08-12 03:34:00');
INSERT INTO eventoEmergencia VALUES ('Luís Capoulas Santos','Avenida Infante Dom Henrique, Junto CP  Estação Santa Apolónia','63','933359341','2018-08-12 22:33:00');
INSERT INTO eventoEmergencia VALUES ('Mário Raposo','Rua Fernando Namora, junto Rua Prof. João Barreira','42','927799285','2018-08-12 20:36:00');
INSERT INTO eventoEmergencia VALUES ('António Moura','Avenida Cinco de Outubro, Junto Avenida das Forças Armadas','79','931416526','2018-08-12 14:34:00');
INSERT INTO eventoEmergencia VALUES ('Jorge Lacão','Avenida do Brasil, Junto Avenida de Roma','54','934213285','2018-08-12 02:24:00');
INSERT INTO eventoEmergencia VALUES ('Aníbal Cavaco Silva','Rua de Santana (Santana) à Lapa, Junto Avenida Infante Santo','34','964133196','2018-08-12 08:02:00');
INSERT INTO eventoEmergencia VALUES ('Luís Marques Mendes','Avenida Miguel Bombarda, Frente 68- jardim','16','967631137','2018-08-12 17:32:00');
INSERT INTO eventoEmergencia VALUES ('Mário Sottomayor Cardia','Rua Viriato, Passeio central  junto Avenida Cinco de Outubro','2','936387638','2018-08-12 11:35:00');
INSERT INTO eventoEmergencia VALUES ('José Leite Martins','Avenida Infante Dom Henrique, Junto Estação Sul e Sueste','5','964661516','2018-08-12 09:14:00');
INSERT INTO eventoEmergencia VALUES ('Miguel Morais Leitão','Rua Barata Salgueiro, Monchique','50','937625308','2018-08-12 11:35:00');
INSERT INTO eventoEmergencia VALUES ('Acácio Pereira Magro','Praça Luís de Camões, Placa Central','4','937901278','2018-08-12 01:55:00');
INSERT INTO eventoEmergencia VALUES ('Manuela Arcanjo','Avenida da Liberdade, placa central, frente 77','11','962358295','2018-08-12 05:00:00');
INSERT INTO eventoEmergencia VALUES ('Ana Teresa Lehmann','Avenida de Roma, Frente 9 C','29','938401878','2018-08-12 02:40:00');
INSERT INTO eventoEmergencia VALUES ('Adolfo Mesquita Nunes','Avenida Infante Dom Henrique, Junto CP  Estação Santa Apolónia','19','934764790','2018-08-12 15:49:00');
INSERT INTO eventoEmergencia VALUES ('Francisco Nunes Correia','Rua Prof. Sousa da Câmara, Junto Avenida Engenheiro Duarte Pacheco','30','935016973','2018-08-12 03:16:00');
INSERT INTO eventoEmergencia VALUES ('Acácio Pereira Magro','Avenida de Roma, Junto 3 A','4','929387155','2018-08-12 15:13:00');
INSERT INTO eventoEmergencia VALUES ('Jorge Lacão','Avenida Almirante Reis, Junto24','54','937343515','2018-08-12 00:48:00');
INSERT INTO eventoEmergencia VALUES ('Mário Soares','Rua Ferreira de Castro(antiga Rua E da Zona N1 de Chelas), Frente Lote 316','18','965106901','2018-08-12 18:23:00');
INSERT INTO eventoEmergencia VALUES ('Ricardo Bayão Horta','Avenida Cinco de Outubro, Junto Avenida das Forças Armadas','10','921292368','2018-08-12 06:31:00');
INSERT INTO eventoEmergencia VALUES ('Miguel Morais Leitão','Avenida Infante Santo, Junto 347','50','927323507','2018-08-12 00:18:00');
INSERT INTO eventoEmergencia VALUES ('Luís Barbosa','Avenida Gomes Pereira, Frente 61 A','95','937005851','2018-08-12 13:39:00');
INSERT INTO eventoEmergencia VALUES ('Luís Marques Mendes','Praça Luís de Camões, Placa Central','16','939398232','2018-08-12 16:18:00');
INSERT INTO eventoEmergencia VALUES ('Maria de Belém Roseira','Largo do Carmo, Placa Central','83','931574228','2018-08-12 06:46:00');
INSERT INTO eventoEmergencia VALUES ('Sérgio Silva Monteiro','Avenida Almirante Reis, Junto 1','36','962653144','2018-08-12 19:30:00');
INSERT INTO eventoEmergencia VALUES ('Celeste Cardona','Estrada do Calhariz de Benfica, Junto Rua José da Purificação Chaves','98','922631665','2018-08-12 07:59:00');
INSERT INTO eventoEmergencia VALUES ('Mário Soares','Avenida de Roma, Junto 3 A','18','926656380','2018-08-12 08:47:00');
INSERT INTO eventoEmergencia VALUES ('Arlindo de Carvalho','Praça da Estrela, Jardim Cinco de Outubro junto Basílica','87','935163698','2018-08-12 12:35:00');
INSERT INTO eventoEmergencia VALUES ('António Maldonado Gonelha','Largo do Carmo, Placa Central','62','921167757','2018-08-12 20:47:00');
INSERT INTO eventoEmergencia VALUES ('António Costa','Rua Aquiles Machado, Junto lote 1','72','925668031','2018-08-12 11:04:00');
INSERT INTO eventoEmergencia VALUES ('Mário Sottomayor Cardia','Campo dos Mártires da Pátria','2','927586026','2018-08-12 20:10:00');
INSERT INTO eventoEmergencia VALUES ('Álvaro Barreto','Avenida Fontes Pereira de Melo, Junto Rua Pinheiro Chagas','61','960042040','2018-08-12 23:59:00');
INSERT INTO eventoEmergencia VALUES ('Amândio de Azevedo','Praça D. Pedro IV, Junto 114','12','969801658','2018-08-12 20:51:00');
INSERT INTO eventoEmergencia VALUES ('Manuela Arcanjo','Largo do Calhariz, Junto Rua da Rosa','11','961697480','2018-08-12 12:20:00');
INSERT INTO eventoEmergencia VALUES ('Manuela Arcanjo','Avenida Duque de Loulé, Junto 125','11','966252194','2018-08-12 23:44:00');
INSERT INTO eventoEmergencia VALUES ('Miguel José Ribeiro Cadilhe','Rua do Cais de Alcântara, Junto Avenida Vinte e Quatro de Julho','71','935167146','2018-08-12 04:58:00');
INSERT INTO eventoEmergencia VALUES ('Eurico Ferreira Nunes','Rua Dr. João Couto, Junto Avenida do Colégio Militar','45','932444595','2018-08-12 14:43:00');
INSERT INTO eventoEmergencia VALUES ('Aníbal Cavaco Silva','Largo das Portas do Sol, Junto Beco de Santa Helena','34','925529037','2018-08-12 23:52:00');
INSERT INTO eventoEmergencia VALUES ('Octávio Oliveira','Avenida do Brasil, Junto Avenida de Roma','91','937390266','2018-08-12 19:47:00');
INSERT INTO eventoEmergencia VALUES ('Graça Fonseca','Circular Norte do Bairro da Encarnação, Junto Rua 1º Cabo José Martins Silvestre','46','935071964','2018-08-12 00:30:00');
INSERT INTO eventoEmergencia VALUES ('Octávio Oliveira','Avenida Columbano Bordalo Pinheiro, Junto 5','91','938025046','2018-08-12 09:29:00');
INSERT INTO eventoEmergencia VALUES ('António Maldonado Gonelha','Avenida Almirante Reis, Junto24','68','936203689','2018-08-12 12:29:00');
INSERT INTO eventoEmergencia VALUES ('Nuno Severiano Teixeira','Avenida do Brasil, Junto Avenida de Roma','52','933578668','2018-08-12 08:07:00');
INSERT INTO eventoEmergencia VALUES ('Rui Gomes da Silva','Praça Luís de Camões, Placa Central','92','920510511','2018-08-12 19:20:00');
INSERT INTO eventoEmergencia VALUES ('Sérgio Silva Monteiro','Rua Aquiles Machado, Junto lote 1','36','923798785','2018-08-12 14:00:00');
INSERT INTO eventoEmergencia VALUES ('Augusto Ferreira do Amaral','Rua José Estêvão, No jardim Constantino, passeio oposto frente 129','21','964031536','2018-08-12 00:15:00');
INSERT INTO eventoEmergencia VALUES ('José Sasportes','Praça das Flores, Jardim','13','938714198','2018-08-12 17:00:00');
INSERT INTO eventoEmergencia VALUES ('Graça Fonseca','Alameda das Linhas de Torres, Quiosque Carris','46','967121892','2018-08-12 01:46:00');
INSERT INTO eventoEmergencia VALUES ('Álvaro Barreto','Monchique','61','933918084','2018-08-12 17:17:00');
INSERT INTO eventoEmergencia VALUES ('Rui Gomes da Silva','Praça do Império, Frente Mosteiro dos Jerónimos','92','964540818','2018-08-12 10:37:00');
INSERT INTO eventoEmergencia VALUES ('António Barreto','Praça de Londres, Junto 12 C','6','962501770','2018-08-12 21:00:00');
INSERT INTO eventoEmergencia VALUES ('António Serrano','Largo das Portas do Sol, Junto Beco de Santa Helena','7','963656735','2018-08-12 12:47:00');
INSERT INTO eventoEmergencia VALUES ('José Alberto Loureiro dos Santos','Avenida Dom Carlos I, Frente 42  B','88','964606905','2018-08-12 12:03:00');
INSERT INTO eventoEmergencia VALUES ('Jorge Coelho','Avenida Guerra Junqueiro, Junto 2 B','78','966584745','2018-08-12 02:53:00');
INSERT INTO eventoEmergencia VALUES ('Manuela Arcanjo','Avenida da Liberdade, Passeio Central,  frente 36 A','11','927742902','2018-08-12 08:34:00');
INSERT INTO eventoEmergencia VALUES ('José Cesário','Rua Andrade Corvo, Junto 10','9','920332289','2018-08-12 16:08:00');
INSERT INTO eventoEmergencia VALUES ('Álvaro Barreto','Avenida Gomes Pereira, Junto 6','14','934799260','2018-08-12 19:45:00');
INSERT INTO eventoEmergencia VALUES ('Manuel Castro Almeida','Avenida Almirante Reis, Junto 1','31','968178763','2018-08-12 16:26:00');
INSERT INTO eventoEmergencia VALUES ('Amílcar Theias','Avenida de Roma, Junto 3 A','15','961026640','2018-08-12 08:08:00');
INSERT INTO eventoEmergencia VALUES ('José Medeiros Ferreira','Rua Domingos Sequeira, Junto 30','41','928904061','2018-08-12 01:49:00');
INSERT INTO eventoEmergencia VALUES ('António Bagão Félix','Campo Grande, Frente 1B (Entrecampos)','75','929346653','2018-08-12 07:38:00');
INSERT INTO eventoEmergencia VALUES ('Arlindo de Carvalho','Alameda Dom Afonso Henriques, Junto 2','87','925995320','2018-08-12 20:47:00');
INSERT INTO eventoEmergencia VALUES ('Pedro Pires de Miranda','Passeio dos Heróis do Mar, Passeio do Tejo','40','920728820','2018-08-12 00:18:00');
INSERT INTO eventoEmergencia VALUES ('Álvaro Barreto','Campo dos Mártires da Pátria','61','930018969','2018-08-12 13:01:00');
INSERT INTO eventoEmergencia VALUES ('José Sasportes','Avenida do Brasil, Junto Avenida de Roma','13','931090212','2018-08-12 17:10:00');
INSERT INTO eventoEmergencia VALUES ('Acácio Pereira Magro','Rua de Santana (Santana) à Lapa, Junto Avenida Infante Santo','4','967498145','2018-08-12 02:34:00');
INSERT INTO eventoEmergencia VALUES ('Ludovico Cândido','Rua Prof. Sousa da Câmara, Junto Avenida Engenheiro Duarte Pacheco','96','968969482','2018-08-12 10:31:00');
INSERT INTO eventoEmergencia VALUES ('Basílio Horta','Rua Aquiles Machado, Junto lote 1','85','932097613','2018-08-12 00:34:00');
INSERT INTO eventoEmergencia VALUES ('Luís Valente de Oliveira','Avenida do Uruguai, Junto 30 A','1','926547126','2018-08-12 06:22:00');
INSERT INTO eventoEmergencia VALUES ('Carlos da Costa Neves','Rua Barata Salgueiro, Junto 26 A','90','936656801','2018-08-12 07:40:00');
INSERT INTO eventoEmergencia VALUES ('Celeste Cardona','Rua Dr. João Couto, Junto Avenida do Colégio Militar','98','939085065','2018-08-12 07:51:00');
INSERT INTO eventoEmergencia VALUES ('Luís Valente de Oliveira','Monchique','39','925218703','2018-08-12 02:20:00');
INSERT INTO eventoEmergencia VALUES ('Ludovico Cândido','Praça de Londres, Junto 12 C','96','923466230','2018-08-12 18:42:00');
INSERT INTO eventoEmergencia VALUES ('José Bento Gonçalves','Avenida Infante Santo, Junto 347','64','926930290','2018-08-12 01:09:00');
INSERT INTO eventoEmergencia VALUES ('Ana Sofia Antunes','Avenida de Roma, Junto 3 A','17','967394421','2018-08-12 17:41:00');
INSERT INTO eventoEmergencia VALUES ('Jaime Gama','Alameda das Linhas de Torres, Quiosque Carris','82','929669786','2018-08-12 17:48:00');
INSERT INTO eventoEmergencia VALUES ('Luís Marques Guedes','Avenida Cinco de Outubro, Junto Avenida das Forças Armadas','26','965315574','2018-08-12 20:50:00');
INSERT INTO eventoEmergencia VALUES ('Octávio Oliveira','Rua de Santana (Santana) à Lapa, Junto Avenida Infante Santo','91','962557339','2018-08-12 17:39:00');
INSERT INTO eventoEmergencia VALUES ('Henrique de Barros','Avenida de Roma, Junto 3 A','25','934816616','2018-08-12 03:30:00');
INSERT INTO eventoEmergencia VALUES ('Luís Valente de Oliveira','Avenida Infante Santo, Junto 347','1','922051509','2018-08-12 15:24:00');
INSERT INTO eventoEmergencia VALUES ('Carlos Melancia','Avenida Grão Vasco, Passeio central frente 32','58','931650776','2018-08-12 20:26:00');
INSERT INTO eventoEmergencia VALUES ('Arlindo Cunha','Campo Pequeno','60','929355512','2018-08-12 02:37:00');
INSERT INTO eventoEmergencia VALUES ('Maria Luís Albuquerque','Rua da Junqueira, Junto Travessa da Guarda','55','935191311','2018-08-12 03:42:00');
INSERT INTO eventoEmergencia VALUES ('Pedro Lynce','Rua Carlos Testa, Junto 3 A','44','921087511','2018-08-12 20:53:00');
INSERT INTO eventoEmergencia VALUES ('Pedro Lynce','Rua de Santana (Santana) à Lapa, Junto Avenida Infante Santo','44','935575114','2018-08-12 17:06:00');
INSERT INTO eventoEmergencia VALUES ('Mário Cristina de Sousa','Praça das Flores, Jardim','97','927398544','2018-08-12 20:40:00');
INSERT INTO eventoEmergencia VALUES ('Maria Luís Albuquerque','Avenida da Liberdade, Frente 45','55','963600780','2018-08-12 21:34:00');
INSERT INTO eventoEmergencia VALUES ('Francisco Nunes Correia','Avenida Almirante Reis, Junto 1','30','968843448','2018-08-12 15:10:00');
INSERT INTO eventoEmergencia VALUES ('Ana Teresa Lehmann','Avenida Dom Carlos I, Frente 42  B','29','928806626','2018-08-12 22:49:00');
INSERT INTO eventoEmergencia VALUES ('Fernando Nogueira','Rua de Santana (Santana) à Lapa, Junto Avenida Infante Santo','59','938379386','2018-08-12 12:13:00');
INSERT INTO eventoEmergencia VALUES ('Joaquim Ferreira do Amaral','Avenida Columbano Bordalo Pinheiro, Junto 5','20','931737192','2018-08-12 13:18:00');
INSERT INTO eventoEmergencia VALUES ('Graça Fonseca','Rua Barata Salgueiro, Junto 26 A','46','961848130','2018-08-12 05:45:00');
INSERT INTO eventoEmergencia VALUES ('Joaquim Ferreira do Amaral','Avenida de Roma, Frente 9 C','22','969627182','2018-08-12 07:16:00');
INSERT INTO eventoEmergencia VALUES ('António Sousa Lara','Largo do Carmo, Placa Central','0','935529864','2018-08-12 01:22:00');
INSERT INTO eventoEmergencia VALUES ('Luís Valente de Oliveira','Praça da Estrela, Jardim Cinco de Outubro junto Basílica','39','964817512','2018-08-12 04:25:00');
INSERT INTO eventoEmergencia VALUES ('Vitor Pereira Crespo','Rua de Santana (Santana) à Lapa, Junto Avenida Infante Santo','93','922089340','2018-08-12 22:08:00');
INSERT INTO eventoEmergencia VALUES ('Francisco de Sousa Tavares','Avenida do Brasil, Junto Avenida de Roma','73','962646354','2018-08-12 09:30:00');
INSERT INTO eventoEmergencia VALUES ('Amílcar Theias','Avenida Afonso Costa, Junto 6','15','926584145','2018-08-12 18:41:00');
INSERT INTO eventoEmergencia VALUES ('Luís Valente de Oliveira','Circular Norte do Bairro da Encarnação, Junto Rua 1º Cabo José Martins Silvestre','39','936884076','2018-08-12 14:27:00');
INSERT INTO eventoEmergencia VALUES ('José Medeiros Ferreira','Avenida Almirante Reis, Junto 1','41','934911457','2018-08-12 18:09:00');
INSERT INTO eventoEmergencia VALUES ('Luís Marques Guedes','Monchique','26','931613543','2018-08-12 01:19:00');
INSERT INTO eventoEmergencia VALUES ('José Medeiros Ferreira','Alameda Dom Afonso Henriques, Passeio oposto frente 82','41','936986710','2018-08-12 03:20:00');
INSERT INTO eventoEmergencia VALUES ('Aníbal Cavaco Silva','Avenida Guerra Junqueiro, Junto 2 B','34','924926023','2018-08-12 22:05:00');
INSERT INTO eventoEmergencia VALUES ('Rui Machete','Alameda Dom Afonso Henriques, Junto 2','69','937418654','2018-08-12 08:11:00');
INSERT INTO eventoEmergencia VALUES ('Luís Mira Amaral','Avenida do Uruguai, Junto Rua Dr. Pereira Bernardes','49','927971288','2018-08-12 13:19:00');
INSERT INTO eventoEmergencia VALUES ('Amândio de Azevedo','Praça D. Pedro IV, Junto 114','12','938953360','2018-08-12 07:26:00');
INSERT INTO eventoEmergencia VALUES ('Eurico de Melo','Avenida Fontes Pereira de Melo, Junto Rua Pinheiro Chagas','24','931296874','2018-08-12 04:45:00');
INSERT INTO eventoEmergencia VALUES ('Joaquim Ferreira do Amaral','Avenida Cinco de Outubro, Junto Avenida das Forças Armadas','20','939879833','2018-08-12 07:21:00');
INSERT INTO eventoEmergencia VALUES ('António Capucho','Avenida Cinco de Outubro, Junto Avenida das Forças Armadas','57','962082955','2018-08-12 00:15:00');
INSERT INTO eventoEmergencia VALUES ('Manuel Ferreira Teixeira','Alameda Dom Afonso Henriques, Passeio oposto frente 82','3','965797843','2018-08-12 16:43:00');
INSERT INTO eventoEmergencia VALUES ('Mário Raposo','Avenida Infante Dom Henrique, Junto Estação Sul e Sueste','23','929685579','2018-08-12 07:42:00');
INSERT INTO eventoEmergencia VALUES ('Mário Sottomayor Cardia','Avenida da Liberdade, Frente 45','2','964463849','2018-08-12 21:09:00');
INSERT INTO eventoEmergencia VALUES ('Joaquim Ferreira do Amaral','Rua da Junqueira, Junto Travessa da Guarda','20','921143881','2018-08-12 20:34:00');
INSERT INTO eventoEmergencia VALUES ('António Maldonado Gonelha','Avenida Infante Dom Henrique, Junto Estação Sul e Sueste','62','925189672','2018-08-12 21:38:00');
INSERT INTO eventoEmergencia VALUES ('Maria Luís Albuquerque','Monchique','55','922583138','2018-08-12 08:21:00');
INSERT INTO eventoEmergencia VALUES ('Fernando Nogueira','Campo dos Mártires da Pátria','28','968328353','2018-08-12 17:23:00');
INSERT INTO eventoEmergencia VALUES ('Diamantino Durão','Rua do Cais de Alcântara, Junto Avenida Vinte e Quatro de Julho','51','926863758','2018-08-12 01:56:00');
INSERT INTO eventoEmergencia VALUES ('Ana Sofia Antunes','Rua José Estêvão, No jardim Constantino, passeio oposto frente 129','17','961054654','2018-08-12 12:35:00');
INSERT INTO eventoEmergencia VALUES ('Manuel Ferreira Teixeira','Avenida Gomes Pereira, Frente 61 A','3','962014023','2018-08-12 14:57:00');
INSERT INTO eventoEmergencia VALUES ('Maria do Céu Cunha Rego','Campo Grande, Frente 1B (Entrecampos)','53','920792525','2018-08-12 11:35:00');
INSERT INTO eventoEmergencia VALUES ('José Medeiros Ferreira','Rua Aquiles Machado, Junto lote 1','41','931376920','2018-08-12 09:03:00');
INSERT INTO eventoEmergencia VALUES ('Álvaro Barreto','Avenida Miguel Bombarda, Frente 68- jardim','14','925439479','2018-08-12 12:53:00');
INSERT INTO eventoEmergencia VALUES ('Helena Mesquita Ribeiro','Rua do Arco do Marquês de Alegrete, Frente 6 F','99','932157853','2018-08-12 21:15:00');
INSERT INTO eventoEmergencia VALUES ('Aníbal Cavaco Silva','Avenida Duque de Loulé, Junto 125','34','926637596','2018-08-12 18:01:00');
INSERT INTO eventoEmergencia VALUES ('António Correia de Campos','Avenida do Uruguai, Junto Rua Dr. Pereira Bernardes','56','923092048','2018-08-12 23:51:00');
INSERT INTO eventoEmergencia VALUES ('Paulo Silva Lemos','Avenida Fontes Pereira de Melo, Junto Rua Pinheiro Chagas','65','935410545','2018-08-12 19:44:00');
INSERT INTO eventoEmergencia VALUES ('Eurico Ferreira Nunes','Cais do Sodré, Jardim Roque Gameiro','45','924854249','2018-08-12 17:00:00');

INSERT INTO entidadeMeio VALUES ('ENXGKMLRBM');
INSERT INTO entidadeMeio VALUES ('STTMPXFYKV');
INSERT INTO entidadeMeio VALUES ('OTEPEDYKWQ');
INSERT INTO entidadeMeio VALUES ('VVLNGXYUJD');
INSERT INTO entidadeMeio VALUES ('RHRHLBZQYM');
INSERT INTO entidadeMeio VALUES ('UYWNVKAGEX');
INSERT INTO entidadeMeio VALUES ('IEBDUSIRYM');
INSERT INTO entidadeMeio VALUES ('HOEAMRBTVG');
INSERT INTO entidadeMeio VALUES ('ZHLTQNSZMS');
INSERT INTO entidadeMeio VALUES ('YTPMDSEQXV');
INSERT INTO entidadeMeio VALUES ('JOBIPDGZAW');
INSERT INTO entidadeMeio VALUES ('AXKIWBVOFY');
INSERT INTO entidadeMeio VALUES ('CFKXGUNLMH');
INSERT INTO entidadeMeio VALUES ('ENPPZXKUJY');
INSERT INTO entidadeMeio VALUES ('UJVJBFEFZO');
INSERT INTO entidadeMeio VALUES ('PIFKZMSPRE');
INSERT INTO entidadeMeio VALUES ('SIJRCWIECA');
INSERT INTO entidadeMeio VALUES ('IJNBUWGNOZ');
INSERT INTO entidadeMeio VALUES ('HBGFNUNUAJ');
INSERT INTO entidadeMeio VALUES ('CKKPKKVQKA');
INSERT INTO entidadeMeio VALUES ('BIGHKUCMYE');
INSERT INTO entidadeMeio VALUES ('SOLMOEPSIN');
INSERT INTO entidadeMeio VALUES ('POQBUWETWA');
INSERT INTO entidadeMeio VALUES ('VYVTVXWZVD');
INSERT INTO entidadeMeio VALUES ('GKDWPZNFNF');
INSERT INTO entidadeMeio VALUES ('APWVICRWKB');
INSERT INTO entidadeMeio VALUES ('HTZGFDCKNU');
INSERT INTO entidadeMeio VALUES ('VRWHOQZXAP');
INSERT INTO entidadeMeio VALUES ('SLWMHDJCEF');
INSERT INTO entidadeMeio VALUES ('GWFSJPILRM');
INSERT INTO entidadeMeio VALUES ('EQETDSZEJF');
INSERT INTO entidadeMeio VALUES ('JGIWYABTIA');
INSERT INTO entidadeMeio VALUES ('HCJMEDIGDA');
INSERT INTO entidadeMeio VALUES ('FPEQKCPJKL');
INSERT INTO entidadeMeio VALUES ('FAEINVMYTV');
INSERT INTO entidadeMeio VALUES ('XYSNMGBWEG');
INSERT INTO entidadeMeio VALUES ('OZABZDYZIV');
INSERT INTO entidadeMeio VALUES ('VYUBXLLUMW');
INSERT INTO entidadeMeio VALUES ('SNCPJDSDZF');
INSERT INTO entidadeMeio VALUES ('OOERNLTYTI');
INSERT INTO entidadeMeio VALUES ('YGVVRFSDFI');
INSERT INTO entidadeMeio VALUES ('IEVMOZLYIM');
INSERT INTO entidadeMeio VALUES ('STBMCMFYSA');
INSERT INTO entidadeMeio VALUES ('NTBAXECVUN');
INSERT INTO entidadeMeio VALUES ('VYKDEAKTBH');
INSERT INTO entidadeMeio VALUES ('JDMATQOTTP');
INSERT INTO entidadeMeio VALUES ('AGZEVYEJAS');
INSERT INTO entidadeMeio VALUES ('WFSZLNLQON');
INSERT INTO entidadeMeio VALUES ('ZZKCLKMROA');
INSERT INTO entidadeMeio VALUES ('OXJWOGEWSN');
INSERT INTO entidadeMeio VALUES ('AXQKDHEXAF');
INSERT INTO entidadeMeio VALUES ('NEYXUAGEEC');
INSERT INTO entidadeMeio VALUES ('XFFOGEREYE');
INSERT INTO entidadeMeio VALUES ('RGXZCJACIS');
INSERT INTO entidadeMeio VALUES ('ZSQZCIQEYN');
INSERT INTO entidadeMeio VALUES ('XUQKSGJABD');
INSERT INTO entidadeMeio VALUES ('TXOKONKOSA');
INSERT INTO entidadeMeio VALUES ('HHPALPCTVR');
INSERT INTO entidadeMeio VALUES ('VHAXEOEDTI');
INSERT INTO entidadeMeio VALUES ('GCRKFTRFLB');
INSERT INTO entidadeMeio VALUES ('PIAHASONPW');
INSERT INTO entidadeMeio VALUES ('SYFSYACMVK');
INSERT INTO entidadeMeio VALUES ('EIXACVXCDO');
INSERT INTO entidadeMeio VALUES ('FKZXRFIBSX');
INSERT INTO entidadeMeio VALUES ('QYGSTNULGP');
INSERT INTO entidadeMeio VALUES ('YTBRRBLWFM');
INSERT INTO entidadeMeio VALUES ('IGDIQNIZLQ');
INSERT INTO entidadeMeio VALUES ('SSFGICXWYU');
INSERT INTO entidadeMeio VALUES ('MPNVBKNVGF');
INSERT INTO entidadeMeio VALUES ('LDNIEIFRAH');
INSERT INTO entidadeMeio VALUES ('TEXRCKRZMV');
INSERT INTO entidadeMeio VALUES ('KEOPBRAYDE');
INSERT INTO entidadeMeio VALUES ('XUDECIDLNZ');
INSERT INTO entidadeMeio VALUES ('KVAACAJSFI');
INSERT INTO entidadeMeio VALUES ('FPICXTIILB');
INSERT INTO entidadeMeio VALUES ('LICNQPAPQW');
INSERT INTO entidadeMeio VALUES ('YXSOKFIMWY');
INSERT INTO entidadeMeio VALUES ('RBJWQGORYA');
INSERT INTO entidadeMeio VALUES ('VEWVGRTICD');
INSERT INTO entidadeMeio VALUES ('XQJHESXVQN');
INSERT INTO entidadeMeio VALUES ('NQJWGNHQTO');
INSERT INTO entidadeMeio VALUES ('UCSHQTKLPC');
INSERT INTO entidadeMeio VALUES ('INOTUAWLDG');
INSERT INTO entidadeMeio VALUES ('WSGWLMFBHE');
INSERT INTO entidadeMeio VALUES ('GPIQKKXFJV');
INSERT INTO entidadeMeio VALUES ('WIESNNJSTJ');
INSERT INTO entidadeMeio VALUES ('LHGCSZFNJM');
INSERT INTO entidadeMeio VALUES ('IGKOCBHZBH');
INSERT INTO entidadeMeio VALUES ('BAOISNMIYR');
INSERT INTO entidadeMeio VALUES ('CTMHBWYOPD');
INSERT INTO entidadeMeio VALUES ('EFFJJCDSYX');
INSERT INTO entidadeMeio VALUES ('KCKDULGNFQ');
INSERT INTO entidadeMeio VALUES ('CJMFPBUKGU');
INSERT INTO entidadeMeio VALUES ('HUCYTSRJFJ');
INSERT INTO entidadeMeio VALUES ('MRBWIVKRAH');
INSERT INTO entidadeMeio VALUES ('HQRRMVAPZD');
INSERT INTO entidadeMeio VALUES ('DFQRPWVOLD');
INSERT INTO entidadeMeio VALUES ('GENAEWQHFG');
INSERT INTO entidadeMeio VALUES ('DXNQYROPPR');
INSERT INTO entidadeMeio VALUES ('ADMFJZNCMD');
INSERT INTO entidadeMeio VALUES ('ENXGKMLRBMjh');

INSERT INTO meio VALUES ('0','Delany','ENXGKMLRBM');
INSERT INTO meio VALUES ('1','Delany','ENXGKMLRBM');
INSERT INTO meioCombate VALUES ('0','ENXGKMLRBM');
INSERT INTO meioCombate VALUES ('1','ENXGKMLRBM');
INSERT INTO meio VALUES ('1','Idrisse','STTMPXFYKV');
INSERT INTO meioApoio VALUES ('1','STTMPXFYKV');
INSERT INTO meio VALUES ('2','Almo','OTEPEDYKWQ');
INSERT INTO meioSocorro VALUES ('2','OTEPEDYKWQ');
INSERT INTO meio VALUES ('3','Assucena','VVLNGXYUJD');
INSERT INTO meioCombate VALUES ('3','VVLNGXYUJD');
INSERT INTO meio VALUES ('4','Lázaro','RHRHLBZQYM');
INSERT INTO meioCombate VALUES ('4','RHRHLBZQYM'); --testar o insert em factos
INSERT INTO meioApoio VALUES ('4','RHRHLBZQYM');
INSERT INTO meio VALUES ('5','Alan','UYWNVKAGEX');
INSERT INTO meioSocorro VALUES ('5','UYWNVKAGEX');
INSERT INTO meio VALUES ('6','Jivago','IEBDUSIRYM');
INSERT INTO meioCombate VALUES ('6','IEBDUSIRYM');
INSERT INTO meio VALUES ('7','Luan','HOEAMRBTVG');
INSERT INTO meioApoio VALUES ('7','HOEAMRBTVG');
INSERT INTO meio VALUES ('8','Olindo','ZHLTQNSZMS');
INSERT INTO meioSocorro VALUES ('8','ZHLTQNSZMS');
INSERT INTO meio VALUES ('9','Nadina','YTPMDSEQXV');
INSERT INTO meioCombate VALUES ('9','YTPMDSEQXV');
INSERT INTO meio VALUES ('10','Ruth','JOBIPDGZAW');
INSERT INTO meioApoio VALUES ('10','JOBIPDGZAW');
INSERT INTO meio VALUES ('11','Charifa','AXKIWBVOFY');
INSERT INTO meioSocorro VALUES ('11','AXKIWBVOFY');
INSERT INTO meio VALUES ('12','Luar','CFKXGUNLMH');
INSERT INTO meioCombate VALUES ('12','CFKXGUNLMH');
INSERT INTO meio VALUES ('13','Adonai','ENPPZXKUJY');
INSERT INTO meioApoio VALUES ('13','ENPPZXKUJY');
INSERT INTO meio VALUES ('14','Maria Laginha','UJVJBFEFZO');
INSERT INTO meioSocorro VALUES ('14','UJVJBFEFZO');
INSERT INTO meio VALUES ('15','Monique','PIFKZMSPRE');
INSERT INTO meioCombate VALUES ('15','PIFKZMSPRE');
INSERT INTO meio VALUES ('16','Luduigue','SIJRCWIECA');
INSERT INTO meioApoio VALUES ('16','SIJRCWIECA');
INSERT INTO meio VALUES ('17','Dolores','IJNBUWGNOZ');
INSERT INTO meioSocorro VALUES ('17','IJNBUWGNOZ');
INSERT INTO meio VALUES ('18','Loélia','HBGFNUNUAJ');
INSERT INTO meioCombate VALUES ('18','HBGFNUNUAJ');
INSERT INTO meio VALUES ('19','Maribel','CKKPKKVQKA');
INSERT INTO meioApoio VALUES ('19','CKKPKKVQKA');
INSERT INTO meio VALUES ('20','Sane','BIGHKUCMYE');
INSERT INTO meioSocorro VALUES ('20','BIGHKUCMYE');
INSERT INTO meio VALUES ('21','Nanete','SOLMOEPSIN');
INSERT INTO meioCombate VALUES ('21','SOLMOEPSIN');
INSERT INTO meio VALUES ('22','Joselene','POQBUWETWA');
INSERT INTO meioApoio VALUES ('22','POQBUWETWA');
INSERT INTO meio VALUES ('23','Isolina','VYVTVXWZVD');
INSERT INTO meioSocorro VALUES ('23','VYVTVXWZVD');
INSERT INTO meio VALUES ('24','Dalva','GKDWPZNFNF');
INSERT INTO meioCombate VALUES ('24','GKDWPZNFNF');
INSERT INTO meio VALUES ('25','Mireille','APWVICRWKB');
INSERT INTO meioApoio VALUES ('25','APWVICRWKB');
INSERT INTO meio VALUES ('26','Laurete','HTZGFDCKNU');
INSERT INTO meioSocorro VALUES ('26','HTZGFDCKNU');
INSERT INTO meio VALUES ('27','Murel','VRWHOQZXAP');
INSERT INTO meioCombate VALUES ('27','VRWHOQZXAP');
INSERT INTO meio VALUES ('28','Rego','SLWMHDJCEF');
INSERT INTO meioApoio VALUES ('28','SLWMHDJCEF');
INSERT INTO meio VALUES ('29','Naíma','GWFSJPILRM');
INSERT INTO meioSocorro VALUES ('29','GWFSJPILRM');
INSERT INTO meio VALUES ('30','Selene','EQETDSZEJF');
INSERT INTO meioCombate VALUES ('30','EQETDSZEJF');
INSERT INTO meio VALUES ('31','Haraldo','JGIWYABTIA');
INSERT INTO meioApoio VALUES ('31','JGIWYABTIA');
INSERT INTO meio VALUES ('32','Siddártha','HCJMEDIGDA');
INSERT INTO meioSocorro VALUES ('32','HCJMEDIGDA');
INSERT INTO meio VALUES ('33','Michael','FPEQKCPJKL');
INSERT INTO meioCombate VALUES ('33','FPEQKCPJKL');
INSERT INTO meio VALUES ('34','Aliçon','FAEINVMYTV');
INSERT INTO meioApoio VALUES ('34','FAEINVMYTV');
INSERT INTO meio VALUES ('35','Santelmo','XYSNMGBWEG');
INSERT INTO meioSocorro VALUES ('35','XYSNMGBWEG');
INSERT INTO meio VALUES ('36','Charlotte','OZABZDYZIV');
INSERT INTO meioCombate VALUES ('36','OZABZDYZIV');
INSERT INTO meio VALUES ('37','Rosebel','VYUBXLLUMW');
INSERT INTO meioApoio VALUES ('37','VYUBXLLUMW');
INSERT INTO meio VALUES ('38','Adeodato','SNCPJDSDZF');
INSERT INTO meioSocorro VALUES ('38','SNCPJDSDZF');
INSERT INTO meio VALUES ('39','Jossara','OOERNLTYTI');
INSERT INTO meioCombate VALUES ('39','OOERNLTYTI');
INSERT INTO meio VALUES ('40','Ilse','YGVVRFSDFI');
INSERT INTO meioApoio VALUES ('40','YGVVRFSDFI');
INSERT INTO meio VALUES ('41','Vaz','IEVMOZLYIM');
INSERT INTO meioSocorro VALUES ('41','IEVMOZLYIM');
INSERT INTO meio VALUES ('42','Aline','STBMCMFYSA');
INSERT INTO meioCombate VALUES ('42','STBMCMFYSA');
INSERT INTO meio VALUES ('43','Dolson','NTBAXECVUN');
INSERT INTO meioApoio VALUES ('43','NTBAXECVUN');
INSERT INTO meio VALUES ('44','Lindo','VYKDEAKTBH');
INSERT INTO meioSocorro VALUES ('44','VYKDEAKTBH');
INSERT INTO meio VALUES ('45','Sueva','JDMATQOTTP');
INSERT INTO meioCombate VALUES ('45','JDMATQOTTP');
INSERT INTO meio VALUES ('46','Nelson','AGZEVYEJAS');
INSERT INTO meioApoio VALUES ('46','AGZEVYEJAS');
INSERT INTO meio VALUES ('47','Tamagnini','WFSZLNLQON');
INSERT INTO meioSocorro VALUES ('47','WFSZLNLQON');
INSERT INTO meio VALUES ('48','Daiana','ZZKCLKMROA');
INSERT INTO meioCombate VALUES ('48','ZZKCLKMROA');
INSERT INTO meio VALUES ('49','Muriel','OXJWOGEWSN');
INSERT INTO meioApoio VALUES ('49','OXJWOGEWSN');
INSERT INTO meio VALUES ('50','Eduina','AXQKDHEXAF');
INSERT INTO meioSocorro VALUES ('50','AXQKDHEXAF');
INSERT INTO meio VALUES ('51','Zurita','NEYXUAGEEC');
INSERT INTO meioCombate VALUES ('51','NEYXUAGEEC');
INSERT INTO meio VALUES ('52','Miliana','XFFOGEREYE');
INSERT INTO meioApoio VALUES ('52','XFFOGEREYE');
INSERT INTO meio VALUES ('53','Nichal','RGXZCJACIS');
INSERT INTO meioSocorro VALUES ('53','RGXZCJACIS');
INSERT INTO meio VALUES ('54','Roclina','ZSQZCIQEYN');
INSERT INTO meioCombate VALUES ('54','ZSQZCIQEYN');
INSERT INTO meio VALUES ('55','Tarciso','XUQKSGJABD');
INSERT INTO meioApoio VALUES ('55','XUQKSGJABD');
INSERT INTO meio VALUES ('56','Adonias','TXOKONKOSA');
INSERT INTO meioSocorro VALUES ('56','TXOKONKOSA');
INSERT INTO meio VALUES ('57','Idiana','HHPALPCTVR');
INSERT INTO meioCombate VALUES ('57','HHPALPCTVR');
INSERT INTO meio VALUES ('58','Jim','VHAXEOEDTI');
INSERT INTO meioApoio VALUES ('58','VHAXEOEDTI');
INSERT INTO meio VALUES ('59','Maria da Paz','GCRKFTRFLB');
INSERT INTO meioSocorro VALUES ('59','GCRKFTRFLB');
INSERT INTO meio VALUES ('60','Lucilene','PIAHASONPW');
INSERT INTO meioCombate VALUES ('60','PIAHASONPW');
INSERT INTO meio VALUES ('61','Ivandro','SYFSYACMVK');
INSERT INTO meioApoio VALUES ('61','SYFSYACMVK');
INSERT INTO meio VALUES ('62','Lafaiete','EIXACVXCDO');
INSERT INTO meioSocorro VALUES ('62','EIXACVXCDO');
INSERT INTO meio VALUES ('63','Raien','FKZXRFIBSX');
INSERT INTO meioCombate VALUES ('63','FKZXRFIBSX');
INSERT INTO meio VALUES ('64','Ocília','QYGSTNULGP');
INSERT INTO meioApoio VALUES ('64','QYGSTNULGP');
INSERT INTO meio VALUES ('65','Maísa','YTBRRBLWFM');
INSERT INTO meioSocorro VALUES ('65','YTBRRBLWFM');
INSERT INTO meio VALUES ('66','Micael de Jesus','IGDIQNIZLQ');
INSERT INTO meioCombate VALUES ('66','IGDIQNIZLQ');
INSERT INTO meio VALUES ('67','Esperanço','SSFGICXWYU');
INSERT INTO meioApoio VALUES ('67','SSFGICXWYU');
INSERT INTO meio VALUES ('68','Temóteo','MPNVBKNVGF');
INSERT INTO meioSocorro VALUES ('68','MPNVBKNVGF');
INSERT INTO meio VALUES ('69','Daina','LDNIEIFRAH');
INSERT INTO meioCombate VALUES ('69','LDNIEIFRAH');
INSERT INTO meio VALUES ('70','Jovete','TEXRCKRZMV');
INSERT INTO meioApoio VALUES ('70','TEXRCKRZMV');
INSERT INTO meio VALUES ('71','Hetal','KEOPBRAYDE');
INSERT INTO meioSocorro VALUES ('71','KEOPBRAYDE');
INSERT INTO meio VALUES ('72','Clober','XUDECIDLNZ');
INSERT INTO meioCombate VALUES ('72','XUDECIDLNZ');
INSERT INTO meio VALUES ('73','Eurica','KVAACAJSFI');
INSERT INTO meioApoio VALUES ('73','KVAACAJSFI');
INSERT INTO meio VALUES ('74','Pépio','FPICXTIILB');
INSERT INTO meioSocorro VALUES ('74','FPICXTIILB');
INSERT INTO meio VALUES ('75','Conchita','LICNQPAPQW');
INSERT INTO meioCombate VALUES ('75','LICNQPAPQW');
INSERT INTO meio VALUES ('76','Concha','YXSOKFIMWY');
INSERT INTO meioApoio VALUES ('76','YXSOKFIMWY');
INSERT INTO meio VALUES ('77','Melánie','RBJWQGORYA');
INSERT INTO meioSocorro VALUES ('77','RBJWQGORYA');
INSERT INTO meio VALUES ('78','Lemuel','VEWVGRTICD');
INSERT INTO meioCombate VALUES ('78','VEWVGRTICD');
INSERT INTO meio VALUES ('79','Carmem','XQJHESXVQN');
INSERT INTO meioApoio VALUES ('79','XQJHESXVQN');
INSERT INTO meio VALUES ('80','Darine','NQJWGNHQTO');
INSERT INTO meioSocorro VALUES ('80','NQJWGNHQTO');
INSERT INTO meio VALUES ('81','Geir','UCSHQTKLPC');
INSERT INTO meioCombate VALUES ('81','UCSHQTKLPC');
INSERT INTO meio VALUES ('82','Lénia','INOTUAWLDG');
INSERT INTO meioApoio VALUES ('82','INOTUAWLDG');
INSERT INTO meio VALUES ('83','Karina','WSGWLMFBHE');
INSERT INTO meioSocorro VALUES ('83','WSGWLMFBHE');
INSERT INTO meio VALUES ('84','Natilia','GPIQKKXFJV');
INSERT INTO meioCombate VALUES ('84','GPIQKKXFJV');
INSERT INTO meio VALUES ('85','Fabiela','WIESNNJSTJ');
INSERT INTO meioApoio VALUES ('85','WIESNNJSTJ');
INSERT INTO meio VALUES ('86','Beatriz','LHGCSZFNJM');
INSERT INTO meioSocorro VALUES ('86','LHGCSZFNJM');
INSERT INTO meio VALUES ('87','Diosália','IGKOCBHZBH');
INSERT INTO meioCombate VALUES ('87','IGKOCBHZBH');
INSERT INTO meio VALUES ('88','Norma','BAOISNMIYR');
INSERT INTO meioApoio VALUES ('88','BAOISNMIYR');
INSERT INTO meio VALUES ('89','Guili','CTMHBWYOPD');
INSERT INTO meioSocorro VALUES ('89','CTMHBWYOPD');
INSERT INTO meio VALUES ('90','Maura','EFFJJCDSYX');
INSERT INTO meioCombate VALUES ('90','EFFJJCDSYX');
INSERT INTO meio VALUES ('91','Yola','KCKDULGNFQ');
INSERT INTO meioApoio VALUES ('91','KCKDULGNFQ');
INSERT INTO meio VALUES ('92','Cisaltina','CJMFPBUKGU');
INSERT INTO meioSocorro VALUES ('92','CJMFPBUKGU');
INSERT INTO meio VALUES ('93','Sisnando','HUCYTSRJFJ');
INSERT INTO meioCombate VALUES ('93','HUCYTSRJFJ');
INSERT INTO meio VALUES ('94','Amorita','MRBWIVKRAH');
INSERT INTO meioApoio VALUES ('94','MRBWIVKRAH');
INSERT INTO meio VALUES ('95','Seleso','HQRRMVAPZD');
INSERT INTO meioSocorro VALUES ('95','HQRRMVAPZD');
INSERT INTO meio VALUES ('96','Reinalda','DFQRPWVOLD');
INSERT INTO meioCombate VALUES ('96','DFQRPWVOLD');
INSERT INTO meio VALUES ('97','Brás','GENAEWQHFG');
INSERT INTO meioApoio VALUES ('97','GENAEWQHFG');
INSERT INTO meio VALUES ('98','Loide','DXNQYROPPR');
INSERT INTO meioSocorro VALUES ('98','DXNQYROPPR');
INSERT INTO meio VALUES ('99','Isalta','ADMFJZNCMD');
INSERT INTO meioCombate VALUES ('99','ADMFJZNCMD');

INSERT INTO transporta VALUES ('2','OTEPEDYKWQ','3','86');
INSERT INTO transporta VALUES ('5','UYWNVKAGEX','2','59');
INSERT INTO transporta VALUES ('8','ZHLTQNSZMS','4','35');
INSERT INTO transporta VALUES ('11','AXKIWBVOFY','0','19');
INSERT INTO transporta VALUES ('14','UJVJBFEFZO','5','33');
INSERT INTO transporta VALUES ('17','IJNBUWGNOZ','5','38');
INSERT INTO transporta VALUES ('20','BIGHKUCMYE','3','57');
INSERT INTO transporta VALUES ('23','VYVTVXWZVD','2','0');
INSERT INTO transporta VALUES ('26','HTZGFDCKNU','0','76');
INSERT INTO transporta VALUES ('29','GWFSJPILRM','3','14');
INSERT INTO transporta VALUES ('32','HCJMEDIGDA','3','26');
INSERT INTO transporta VALUES ('35','XYSNMGBWEG','0','45');
INSERT INTO transporta VALUES ('38','SNCPJDSDZF','1','51');
INSERT INTO transporta VALUES ('41','IEVMOZLYIM','4','55');
INSERT INTO transporta VALUES ('44','VYKDEAKTBH','2','70');
INSERT INTO transporta VALUES ('47','WFSZLNLQON','0','81');
INSERT INTO transporta VALUES ('50','AXQKDHEXAF','0','90');
INSERT INTO transporta VALUES ('53','RGXZCJACIS','1','81');
INSERT INTO transporta VALUES ('56','TXOKONKOSA','5','6');
INSERT INTO transporta VALUES ('59','GCRKFTRFLB','4','1');
INSERT INTO transporta VALUES ('62','EIXACVXCDO','1','88');
INSERT INTO transporta VALUES ('65','YTBRRBLWFM','5','96');
INSERT INTO transporta VALUES ('68','MPNVBKNVGF','4','48');
INSERT INTO transporta VALUES ('71','KEOPBRAYDE','0','90');
INSERT INTO transporta VALUES ('74','FPICXTIILB','4','65');
INSERT INTO transporta VALUES ('77','RBJWQGORYA','3','7');
INSERT INTO transporta VALUES ('80','NQJWGNHQTO','5','59');
INSERT INTO transporta VALUES ('83','WSGWLMFBHE','2','15');
INSERT INTO transporta VALUES ('86','LHGCSZFNJM','2','91');
INSERT INTO transporta VALUES ('89','CTMHBWYOPD','4','86');
INSERT INTO transporta VALUES ('92','CJMFPBUKGU','0','86');
INSERT INTO transporta VALUES ('95','HQRRMVAPZD','2','82');
INSERT INTO transporta VALUES ('98','DXNQYROPPR','3','39');

-- acciona needs to be before alocado
INSERT INTO acciona VALUES ('0','ENXGKMLRBM','0');
INSERT INTO acciona VALUES ('0','ENXGKMLRBM','1');
--INSERT INTO acciona VALUES ('1','STTMPXFYKV','1');
INSERT INTO acciona VALUES ('2','OTEPEDYKWQ','2');
INSERT INTO acciona VALUES ('3','VVLNGXYUJD','3');
INSERT INTO acciona VALUES ('4','RHRHLBZQYM','4');
INSERT INTO acciona VALUES ('5','UYWNVKAGEX','5');
INSERT INTO acciona VALUES ('6','IEBDUSIRYM','6');
INSERT INTO acciona VALUES ('7','HOEAMRBTVG','7');
INSERT INTO acciona VALUES ('8','ZHLTQNSZMS','8');
INSERT INTO acciona VALUES ('9','YTPMDSEQXV','9');
INSERT INTO acciona VALUES ('10','JOBIPDGZAW','10');
INSERT INTO acciona VALUES ('11','AXKIWBVOFY','11');
INSERT INTO acciona VALUES ('12','CFKXGUNLMH','12');
INSERT INTO acciona VALUES ('13','ENPPZXKUJY','13');
INSERT INTO acciona VALUES ('14','UJVJBFEFZO','14');
INSERT INTO acciona VALUES ('15','PIFKZMSPRE','15');
INSERT INTO acciona VALUES ('16','SIJRCWIECA','16');
INSERT INTO acciona VALUES ('17','IJNBUWGNOZ','17');
INSERT INTO acciona VALUES ('18','HBGFNUNUAJ','18');
INSERT INTO acciona VALUES ('19','CKKPKKVQKA','19');
INSERT INTO acciona VALUES ('20','BIGHKUCMYE','20');
INSERT INTO acciona VALUES ('21','SOLMOEPSIN','21');
INSERT INTO acciona VALUES ('22','POQBUWETWA','22');
INSERT INTO acciona VALUES ('23','VYVTVXWZVD','23');
INSERT INTO acciona VALUES ('24','GKDWPZNFNF','24');
INSERT INTO acciona VALUES ('25','APWVICRWKB','25');
INSERT INTO acciona VALUES ('26','HTZGFDCKNU','26');
INSERT INTO acciona VALUES ('27','VRWHOQZXAP','27');
INSERT INTO acciona VALUES ('28','SLWMHDJCEF','28');
INSERT INTO acciona VALUES ('29','GWFSJPILRM','29');
INSERT INTO acciona VALUES ('30','EQETDSZEJF','30');
INSERT INTO acciona VALUES ('31','JGIWYABTIA','31');
INSERT INTO acciona VALUES ('32','HCJMEDIGDA','32');
INSERT INTO acciona VALUES ('33','FPEQKCPJKL','33');
INSERT INTO acciona VALUES ('34','FAEINVMYTV','34');
INSERT INTO acciona VALUES ('35','XYSNMGBWEG','35');
INSERT INTO acciona VALUES ('36','OZABZDYZIV','36');
INSERT INTO acciona VALUES ('37','VYUBXLLUMW','37');
INSERT INTO acciona VALUES ('38','SNCPJDSDZF','38');
INSERT INTO acciona VALUES ('39','OOERNLTYTI','39');
INSERT INTO acciona VALUES ('40','YGVVRFSDFI','40');
INSERT INTO acciona VALUES ('41','IEVMOZLYIM','41');
INSERT INTO acciona VALUES ('42','STBMCMFYSA','42');
INSERT INTO acciona VALUES ('43','NTBAXECVUN','43');
INSERT INTO acciona VALUES ('44','VYKDEAKTBH','44');
INSERT INTO acciona VALUES ('45','JDMATQOTTP','45');
INSERT INTO acciona VALUES ('46','AGZEVYEJAS','46');
INSERT INTO acciona VALUES ('47','WFSZLNLQON','47');
INSERT INTO acciona VALUES ('48','ZZKCLKMROA','48');
INSERT INTO acciona VALUES ('49','OXJWOGEWSN','49');
INSERT INTO acciona VALUES ('50','AXQKDHEXAF','50');
INSERT INTO acciona VALUES ('51','NEYXUAGEEC','51');
INSERT INTO acciona VALUES ('52','XFFOGEREYE','52');
INSERT INTO acciona VALUES ('53','RGXZCJACIS','53');
INSERT INTO acciona VALUES ('54','ZSQZCIQEYN','54');
INSERT INTO acciona VALUES ('55','XUQKSGJABD','55');
INSERT INTO acciona VALUES ('56','TXOKONKOSA','56');
INSERT INTO acciona VALUES ('57','HHPALPCTVR','57');
INSERT INTO acciona VALUES ('58','VHAXEOEDTI','58');
INSERT INTO acciona VALUES ('59','GCRKFTRFLB','59');
INSERT INTO acciona VALUES ('60','PIAHASONPW','60');
INSERT INTO acciona VALUES ('61','SYFSYACMVK','61');
INSERT INTO acciona VALUES ('62','EIXACVXCDO','62');
INSERT INTO acciona VALUES ('63','FKZXRFIBSX','63');
INSERT INTO acciona VALUES ('64','QYGSTNULGP','64');
INSERT INTO acciona VALUES ('65','YTBRRBLWFM','65');
INSERT INTO acciona VALUES ('66','IGDIQNIZLQ','66');
INSERT INTO acciona VALUES ('67','SSFGICXWYU','67');
INSERT INTO acciona VALUES ('68','MPNVBKNVGF','68');
INSERT INTO acciona VALUES ('69','LDNIEIFRAH','69');
INSERT INTO acciona VALUES ('70','TEXRCKRZMV','70');
INSERT INTO acciona VALUES ('71','KEOPBRAYDE','71');
INSERT INTO acciona VALUES ('72','XUDECIDLNZ','72');
INSERT INTO acciona VALUES ('73','KVAACAJSFI','73');
INSERT INTO acciona VALUES ('74','FPICXTIILB','74');
INSERT INTO acciona VALUES ('75','LICNQPAPQW','75');
INSERT INTO acciona VALUES ('76','YXSOKFIMWY','76');
INSERT INTO acciona VALUES ('77','RBJWQGORYA','77');
INSERT INTO acciona VALUES ('78','VEWVGRTICD','78');
INSERT INTO acciona VALUES ('79','XQJHESXVQN','79');
INSERT INTO acciona VALUES ('80','NQJWGNHQTO','80');
INSERT INTO acciona VALUES ('81','UCSHQTKLPC','81');
INSERT INTO acciona VALUES ('82','INOTUAWLDG','82');
INSERT INTO acciona VALUES ('83','WSGWLMFBHE','83');
INSERT INTO acciona VALUES ('84','GPIQKKXFJV','84');
INSERT INTO acciona VALUES ('85','WIESNNJSTJ','85');
INSERT INTO acciona VALUES ('86','LHGCSZFNJM','86');
INSERT INTO acciona VALUES ('87','IGKOCBHZBH','87');
INSERT INTO acciona VALUES ('88','BAOISNMIYR','88');
INSERT INTO acciona VALUES ('89','CTMHBWYOPD','89');
INSERT INTO acciona VALUES ('90','EFFJJCDSYX','90');
INSERT INTO acciona VALUES ('91','KCKDULGNFQ','91');
INSERT INTO acciona VALUES ('92','CJMFPBUKGU','92');
INSERT INTO acciona VALUES ('93','HUCYTSRJFJ','93');
INSERT INTO acciona VALUES ('94','MRBWIVKRAH','94');
INSERT INTO acciona VALUES ('95','HQRRMVAPZD','95');
INSERT INTO acciona VALUES ('96','DFQRPWVOLD','96');
INSERT INTO acciona VALUES ('97','GENAEWQHFG','97');
INSERT INTO acciona VALUES ('98','DXNQYROPPR','98');
INSERT INTO acciona VALUES ('99','ADMFJZNCMD','99');
INSERT INTO acciona VALUES ('99','ADMFJZNCMD','100');

--INSERT INTO alocado VALUES ('1','STTMPXFYKV','1','80'); THIS IS IN COMMENT FOR B)
INSERT INTO alocado VALUES ('4','RHRHLBZQYM','4','90');
INSERT INTO alocado VALUES ('7','HOEAMRBTVG','7','72');
INSERT INTO alocado VALUES ('10','JOBIPDGZAW','10','81');
INSERT INTO alocado VALUES ('13','ENPPZXKUJY','13','51');
INSERT INTO alocado VALUES ('16','SIJRCWIECA','16','93');
INSERT INTO alocado VALUES ('19','CKKPKKVQKA','19','37');
INSERT INTO alocado VALUES ('22','POQBUWETWA','22','3');
INSERT INTO alocado VALUES ('25','APWVICRWKB','25','27');
INSERT INTO alocado VALUES ('28','SLWMHDJCEF','28','56');
INSERT INTO alocado VALUES ('31','JGIWYABTIA','31','16');
INSERT INTO alocado VALUES ('34','FAEINVMYTV','34','62');
INSERT INTO alocado VALUES ('37','VYUBXLLUMW','37','41');
INSERT INTO alocado VALUES ('40','YGVVRFSDFI','40','97');
INSERT INTO alocado VALUES ('43','NTBAXECVUN','43','89');
INSERT INTO alocado VALUES ('46','AGZEVYEJAS','46','29');
INSERT INTO alocado VALUES ('49','OXJWOGEWSN','49','36');
INSERT INTO alocado VALUES ('52','XFFOGEREYE','52','9');
INSERT INTO alocado VALUES ('55','XUQKSGJABD','55','71');
INSERT INTO alocado VALUES ('58','VHAXEOEDTI','58','63');
INSERT INTO alocado VALUES ('61','SYFSYACMVK','61','49');
INSERT INTO alocado VALUES ('64','QYGSTNULGP','64','32');
INSERT INTO alocado VALUES ('67','SSFGICXWYU','67','56');
INSERT INTO alocado VALUES ('70','TEXRCKRZMV','70','26');
INSERT INTO alocado VALUES ('73','KVAACAJSFI','73','88');
INSERT INTO alocado VALUES ('76','YXSOKFIMWY','76','59');
INSERT INTO alocado VALUES ('79','XQJHESXVQN','79','37');
INSERT INTO alocado VALUES ('82','INOTUAWLDG','82','31');
INSERT INTO alocado VALUES ('85','WIESNNJSTJ','85','55');
INSERT INTO alocado VALUES ('88','BAOISNMIYR','88','19');
INSERT INTO alocado VALUES ('91','KCKDULGNFQ','91','79');
INSERT INTO alocado VALUES ('94','MRBWIVKRAH','94','93');
INSERT INTO alocado VALUES ('97','GENAEWQHFG','97','22');

/*
old alocados
INSERT INTO alocado VALUES ('1','STTMPXFYKV','2','36');
INSERT INTO alocado VALUES ('4','RHRHLBZQYM','5','93');
INSERT INTO alocado VALUES ('7','HOEAMRBTVG','0','52');
INSERT INTO alocado VALUES ('10','JOBIPDGZAW','0','72');
INSERT INTO alocado VALUES ('13','ENPPZXKUJY','3','56');
INSERT INTO alocado VALUES ('16','SIJRCWIECA','2','83');
INSERT INTO alocado VALUES ('19','CKKPKKVQKA','2','42');
INSERT INTO alocado VALUES ('22','POQBUWETWA','1','28');
INSERT INTO alocado VALUES ('25','APWVICRWKB','3','40');
INSERT INTO alocado VALUES ('28','SLWMHDJCEF','5','28');
INSERT INTO alocado VALUES ('31','JGIWYABTIA','5','79');
INSERT INTO alocado VALUES ('34','FAEINVMYTV','1','22');
INSERT INTO alocado VALUES ('37','VYUBXLLUMW','0','3');
INSERT INTO alocado VALUES ('40','YGVVRFSDFI','0','2');
INSERT INTO alocado VALUES ('43','NTBAXECVUN','2','66');
INSERT INTO alocado VALUES ('46','AGZEVYEJAS','1','25');
INSERT INTO alocado VALUES ('49','OXJWOGEWSN','5','10');
INSERT INTO alocado VALUES ('52','XFFOGEREYE','5','84');
INSERT INTO alocado VALUES ('55','XUQKSGJABD','4','64');
INSERT INTO alocado VALUES ('58','VHAXEOEDTI','5','75');
INSERT INTO alocado VALUES ('61','SYFSYACMVK','3','9');
INSERT INTO alocado VALUES ('64','QYGSTNULGP','1','29');
INSERT INTO alocado VALUES ('67','SSFGICXWYU','0','23');
INSERT INTO alocado VALUES ('70','TEXRCKRZMV','0','12');
INSERT INTO alocado VALUES ('73','KVAACAJSFI','0','67');
INSERT INTO alocado VALUES ('76','YXSOKFIMWY','2','43');
INSERT INTO alocado VALUES ('79','XQJHESXVQN','4','52');
INSERT INTO alocado VALUES ('82','INOTUAWLDG','3','35');
INSERT INTO alocado VALUES ('85','WIESNNJSTJ','5','88');
INSERT INTO alocado VALUES ('88','BAOISNMIYR','2','35');
INSERT INTO alocado VALUES ('91','KCKDULGNFQ','5','55');
INSERT INTO alocado VALUES ('94','MRBWIVKRAH','2','34');
INSERT INTO alocado VALUES ('97','GENAEWQHFG','1','8');
*/
INSERT INTO coordenador VALUES ('0');
INSERT INTO coordenador VALUES ('1');
INSERT INTO coordenador VALUES ('2');
INSERT INTO coordenador VALUES ('3');
INSERT INTO coordenador VALUES ('4');
INSERT INTO coordenador VALUES ('5');
INSERT INTO coordenador VALUES ('6');
INSERT INTO coordenador VALUES ('7');
INSERT INTO coordenador VALUES ('8');
INSERT INTO coordenador VALUES ('9');
INSERT INTO coordenador VALUES ('10');
INSERT INTO coordenador VALUES ('11');
INSERT INTO coordenador VALUES ('12');
INSERT INTO coordenador VALUES ('13');
INSERT INTO coordenador VALUES ('14');
INSERT INTO coordenador VALUES ('15');
INSERT INTO coordenador VALUES ('16');
INSERT INTO coordenador VALUES ('17');
INSERT INTO coordenador VALUES ('18');
INSERT INTO coordenador VALUES ('19');
INSERT INTO coordenador VALUES ('20');
INSERT INTO coordenador VALUES ('21');
INSERT INTO coordenador VALUES ('22');
INSERT INTO coordenador VALUES ('23');
INSERT INTO coordenador VALUES ('24');
INSERT INTO coordenador VALUES ('25');
INSERT INTO coordenador VALUES ('26');
INSERT INTO coordenador VALUES ('27');
INSERT INTO coordenador VALUES ('28');
INSERT INTO coordenador VALUES ('29');
INSERT INTO coordenador VALUES ('30');
INSERT INTO coordenador VALUES ('31');
INSERT INTO coordenador VALUES ('32');
INSERT INTO coordenador VALUES ('33');
INSERT INTO coordenador VALUES ('34');
INSERT INTO coordenador VALUES ('35');
INSERT INTO coordenador VALUES ('36');
INSERT INTO coordenador VALUES ('37');
INSERT INTO coordenador VALUES ('38');
INSERT INTO coordenador VALUES ('39');
INSERT INTO coordenador VALUES ('40');
INSERT INTO coordenador VALUES ('41');
INSERT INTO coordenador VALUES ('42');
INSERT INTO coordenador VALUES ('43');
INSERT INTO coordenador VALUES ('44');
INSERT INTO coordenador VALUES ('45');
INSERT INTO coordenador VALUES ('46');
INSERT INTO coordenador VALUES ('47');
INSERT INTO coordenador VALUES ('48');
INSERT INTO coordenador VALUES ('49');
INSERT INTO coordenador VALUES ('50');
INSERT INTO coordenador VALUES ('51');
INSERT INTO coordenador VALUES ('52');
INSERT INTO coordenador VALUES ('53');
INSERT INTO coordenador VALUES ('54');
INSERT INTO coordenador VALUES ('55');
INSERT INTO coordenador VALUES ('56');
INSERT INTO coordenador VALUES ('57');
INSERT INTO coordenador VALUES ('58');
INSERT INTO coordenador VALUES ('59');
INSERT INTO coordenador VALUES ('60');
INSERT INTO coordenador VALUES ('61');
INSERT INTO coordenador VALUES ('62');
INSERT INTO coordenador VALUES ('63');
INSERT INTO coordenador VALUES ('64');
INSERT INTO coordenador VALUES ('65');
INSERT INTO coordenador VALUES ('66');
INSERT INTO coordenador VALUES ('67');
INSERT INTO coordenador VALUES ('68');
INSERT INTO coordenador VALUES ('69');
INSERT INTO coordenador VALUES ('70');
INSERT INTO coordenador VALUES ('71');
INSERT INTO coordenador VALUES ('72');
INSERT INTO coordenador VALUES ('73');
INSERT INTO coordenador VALUES ('74');
INSERT INTO coordenador VALUES ('75');
INSERT INTO coordenador VALUES ('76');
INSERT INTO coordenador VALUES ('77');
INSERT INTO coordenador VALUES ('78');
INSERT INTO coordenador VALUES ('79');
INSERT INTO coordenador VALUES ('80');
INSERT INTO coordenador VALUES ('81');
INSERT INTO coordenador VALUES ('82');
INSERT INTO coordenador VALUES ('83');
INSERT INTO coordenador VALUES ('84');
INSERT INTO coordenador VALUES ('85');
INSERT INTO coordenador VALUES ('86');
INSERT INTO coordenador VALUES ('87');
INSERT INTO coordenador VALUES ('88');
INSERT INTO coordenador VALUES ('89');
INSERT INTO coordenador VALUES ('90');
INSERT INTO coordenador VALUES ('91');
INSERT INTO coordenador VALUES ('92');
INSERT INTO coordenador VALUES ('93');
INSERT INTO coordenador VALUES ('94');
INSERT INTO coordenador VALUES ('95');
INSERT INTO coordenador VALUES ('96');
INSERT INTO coordenador VALUES ('97');
INSERT INTO coordenador VALUES ('98');
INSERT INTO coordenador VALUES ('99');

INSERT INTO audita VALUES ('0','0','ENXGKMLRBM','0','2018-08-12 08:32:00','2018-08-12 13:07:00','2018-11-01 00:00:00','UHOSWMJLQQHZNLXTBDOIYXKZCUPCWYDLHRFQSPKA');
--INSERT INTO audita VALUES ('1','1','STTMPXFYKV','1','2018-08-12 01:21:00','2018-08-12 21:36:00','2018-11-01 00:00:00','GCXLDDHUGNBXHQUGLJGWGBQSKVYHENSAAXZWLJXF');
INSERT INTO audita VALUES ('2','2','OTEPEDYKWQ','2','2018-08-12 00:03:00','2018-08-12 13:08:00','2018-11-01 00:00:00','PKNNKYHCLVGEXWBMTKXZUNXYVHKGLCUMTZQCIOPK');
INSERT INTO audita VALUES ('3','3','VVLNGXYUJD','3','2018-08-12 08:35:00','2018-08-12 20:48:00','2018-11-01 00:00:00','KKOUQQIFZVIDACNAJPMJWNBLEXTJMGFCRSNVSUHJ');
INSERT INTO audita VALUES ('4','4','RHRHLBZQYM','4','2018-08-12 08:58:00','2018-08-12 21:44:00','2018-11-01 00:00:00','ZGJGZKIDANFBKXEPORVXTSHGTJTGMFMMDRAUGXZO');
INSERT INTO audita VALUES ('5','5','UYWNVKAGEX','5','2018-08-12 05:29:00','2018-08-12 17:47:00','2018-11-01 00:00:00','UQEJKOIMILFPJBGIFRADICBBQPRATDWWQSYFOBDM');
INSERT INTO audita VALUES ('6','6','IEBDUSIRYM','6','2018-08-12 06:08:00','2018-08-12 14:30:00','2018-11-01 00:00:00','EUULELFCAMSKTTDLCGRGFMDPWLVULWSJZQAIFHYJ');
INSERT INTO audita VALUES ('7','7','HOEAMRBTVG','7','2018-08-12 06:21:00','2018-08-12 20:35:00','2018-11-01 00:00:00','LCHBBMLLHMMCIZZVJYUEADLZECTQJWTCQJPXMGTV');
INSERT INTO audita VALUES ('8','8','ZHLTQNSZMS','8','2018-08-12 04:54:00','2018-08-12 13:54:00','2018-11-01 00:00:00','CGIQXWFHMQXNAETUYCRPVNSVPOAVNVWSKIAJFIEF');
INSERT INTO audita VALUES ('9','9','YTPMDSEQXV','9','2018-08-12 03:33:00','2018-08-12 16:43:00','2018-11-01 00:00:00','HSQSYTOYAYOQNUJJPHUDFNBYRAUZYPATCPSBYSXT');
INSERT INTO audita VALUES ('10','10','JOBIPDGZAW','10','2018-08-12 07:52:00','2018-08-12 16:06:00','2018-11-01 00:00:00','XRQJKGGEUPEAIIMFDRKKYXQGJQQFQZSFFGGDUWHX');
INSERT INTO audita VALUES ('11','11','AXKIWBVOFY','11','2018-08-12 02:15:00','2018-08-12 22:41:00','2018-11-01 00:00:00','IFDSFHEMLMHXFVSAHADHTILZHBQWQNWIFZDWTNAQ');
INSERT INTO audita VALUES ('12','12','CFKXGUNLMH','12','2018-08-12 09:40:00','2018-08-12 19:28:00','2018-11-01 00:00:00','IBLCKGAJRCVJKCHWEVCYXWHHVFUZGPUGCIZLLFCA');
INSERT INTO audita VALUES ('13','13','ENPPZXKUJY','13','2018-08-12 01:31:00','2018-08-12 17:20:00','2018-11-01 00:00:00','EMONPYRTLDYIXRDXRYIJXPXDNMZYRDUHRMDGFPPX');
INSERT INTO audita VALUES ('14','14','UJVJBFEFZO','14','2018-08-12 03:39:00','2018-08-12 18:25:00','2018-11-01 00:00:00','DCRKVIBVPPECPALAOZZVPDSFQTCWRVIAVSNZMCTL');
INSERT INTO audita VALUES ('15','15','PIFKZMSPRE','15','2018-08-12 08:11:00','2018-08-12 19:19:00','2018-11-01 00:00:00','WNMEPSCYAMXDTMAGPZILMTLJARPNHKOOAXJMTOZR');
INSERT INTO audita VALUES ('16','16','SIJRCWIECA','16','2018-08-12 05:30:00','2018-08-12 17:47:00','2018-11-01 00:00:00','YUKLPTLQUETIPPFHPKTMJNBDGZCPDLWRXQTJOPMA');
INSERT INTO audita VALUES ('17','17','IJNBUWGNOZ','17','2018-08-12 09:25:00','2018-08-12 18:48:00','2018-11-01 00:00:00','JSTSQONWVSRXIXIVPTMINPVHXPISYKNGACXSPPHA');
INSERT INTO audita VALUES ('18','18','HBGFNUNUAJ','18','2018-08-12 09:15:00','2018-08-12 18:37:00','2018-11-01 00:00:00','CATWHYQNIBVRWWGKZGYAMMQZEDYSBWFFZWKVWWAO');
INSERT INTO audita VALUES ('19','19','CKKPKKVQKA','19','2018-08-12 07:24:00','2018-08-12 22:47:00','2018-11-01 00:00:00','AEOQMBZQDEHGETFYAYARGMCUMXXGHDTLBPCTTYPI');
INSERT INTO audita VALUES ('20','20','BIGHKUCMYE','20','2018-08-12 07:29:00','2018-08-12 18:27:00','2018-11-01 00:00:00','SFVMBPLOFEQGTINPWIEXQKIFPEZINSEXBQRQIZGR');
INSERT INTO audita VALUES ('21','21','SOLMOEPSIN','21','2018-08-12 10:41:00','2018-08-12 14:49:00','2018-11-01 00:00:00','GDSAYNJCRUOBGPKPKTEGGAKPMWFZXSTBTIYUIVPX');
INSERT INTO audita VALUES ('22','22','POQBUWETWA','22','2018-08-12 03:18:00','2018-08-12 17:52:00','2018-11-01 00:00:00','NWSGDGCTDBTCKMQTITMIBYZEFZIJCPQQJOWAMAIC');
INSERT INTO audita VALUES ('23','23','VYVTVXWZVD','23','2018-08-12 00:14:00','2018-08-12 16:10:00','2018-11-01 00:00:00','YDNULSOUUTKBDOHINDINQNEVVOOWYNKZEUKMTVMW');
INSERT INTO audita VALUES ('24','24','GKDWPZNFNF','24','2018-08-12 10:07:00','2018-08-12 19:51:00','2018-11-01 00:00:00','HAVVNIYUYOGKGMWGOQKTPSSELGCDTVUHHYMDEHQQ');
INSERT INTO audita VALUES ('25','25','APWVICRWKB','25','2018-08-12 00:42:00','2018-08-12 16:05:00','2018-11-01 00:00:00','WCTEALODNZCKPEPFYENABIGVFHDFQQUMDDYFUEAI');
INSERT INTO audita VALUES ('26','26','HTZGFDCKNU','26','2018-08-12 10:05:00','2018-08-12 21:17:00','2018-11-01 00:00:00','WBXFPUWERDPINADUWGSNCZLGASQXPMTVDGWYMSQK');
INSERT INTO audita VALUES ('27','27','VRWHOQZXAP','27','2018-08-12 02:01:00','2018-08-12 22:22:00','2018-11-01 00:00:00','WZTYUPXOOQWNZJNELEGRUCXPBKPHBFTETTKKJBOO');
INSERT INTO audita VALUES ('28','28','SLWMHDJCEF','28','2018-08-12 10:01:00','2018-08-12 13:11:00','2018-11-01 00:00:00','IWBURQSCMHIDDXEOEXOVJUORMVJFNCQJJAYWRHVK');
INSERT INTO audita VALUES ('29','29','GWFSJPILRM','29','2018-08-12 05:07:00','2018-08-12 16:27:00','2018-11-01 00:00:00','FDMIOKJVWRMUDIFOQHNUTIBSFLKXBONXUXMAAJJP');
INSERT INTO audita VALUES ('30','30','EQETDSZEJF','30','2018-08-12 05:29:00','2018-08-12 21:33:00','2018-11-01 00:00:00','KYCHZQVNQQUFIRFQFAWHRNVPIOOLGMJHDIGSHSPR');
--INSERT INTO audita VALUES ('31','31','JGIWYABTIA','31','2018-08-12 08:39:00','2018-08-12 16:52:00','2018-11-01 00:00:00','RVGFZTKEBHOBPNBWYZLILHMUUVDYHNHBIIEOJQJP');
INSERT INTO audita VALUES ('32','32','HCJMEDIGDA','32','2018-08-12 09:15:00','2018-08-12 17:17:00','2018-11-01 00:00:00','CAIZBSWIJREHSPYMFUDUWNUCENATLAUXJVYUOZIE');
INSERT INTO audita VALUES ('33','33','FPEQKCPJKL','33','2018-08-12 07:16:00','2018-08-12 20:28:00','2018-11-01 00:00:00','KFQMHOSVZFLHAGFXOUHEZZUKGUFEVKPQNQLUPQKY');
INSERT INTO audita VALUES ('34','34','FAEINVMYTV','34','2018-08-12 06:38:00','2018-08-12 18:22:00','2018-11-01 00:00:00','NEWNCSYECMSGMRFBEIEDEDRENGVSAXKSZYGPBZLT');
INSERT INTO audita VALUES ('35','35','XYSNMGBWEG','35','2018-08-12 00:17:00','2018-08-12 17:48:00','2018-11-01 00:00:00','QPJNVDEOSRMVTJIKVAUVNPRDKSAULSMXPRUYUIBO');
INSERT INTO audita VALUES ('36','36','OZABZDYZIV','36','2018-08-12 11:13:00','2018-08-12 16:33:00','2018-11-01 00:00:00','MTTCIQJYCRLGTHZBOHVZOGFVIOHTJLYBQBRALBOW');
INSERT INTO audita VALUES ('37','37','VYUBXLLUMW','37','2018-08-12 11:45:00','2018-08-12 22:08:00','2018-11-01 00:00:00','ZBOLINIKNWJRFUWJXGNDFEWZLTIECEJUPJAUQWKL');
INSERT INTO audita VALUES ('38','38','SNCPJDSDZF','38','2018-08-12 06:08:00','2018-08-12 14:18:00','2018-11-01 00:00:00','YZECEZWTIPAYHXZBPVDOZFKVGZPFAQFBADEOQAAE');
INSERT INTO audita VALUES ('39','39','OOERNLTYTI','39','2018-08-12 06:39:00','2018-08-12 20:52:00','2018-11-01 00:00:00','DZVCEBYQYQSVCRGJLIPKOPQIVGDWLURKARBAAWCI');
INSERT INTO audita VALUES ('40','40','YGVVRFSDFI','40','2018-08-12 11:10:00','2018-08-12 13:06:00','2018-11-01 00:00:00','GZKXJYUMFWFRNHVNARAXZRVJDFDLUEQAHNRNQZSX');
INSERT INTO audita VALUES ('41','41','IEVMOZLYIM','41','2018-08-12 01:34:00','2018-08-12 18:38:00','2018-11-01 00:00:00','MDQPHSYRBIHGVDUHPCQFHHQEGCEDJEFRHEKBWFYG');
INSERT INTO audita VALUES ('42','42','STBMCMFYSA','42','2018-08-12 07:30:00','2018-08-12 19:55:00','2018-11-01 00:00:00','DDISVZGKKVVJBBEBCKKCEMGDQGLEQWJVBISQAUTT');
INSERT INTO audita VALUES ('43','43','NTBAXECVUN','43','2018-08-12 00:39:00','2018-08-12 15:25:00','2018-11-01 00:00:00','BNRNSCMBQLMOMQMUFPMQLPBDZFQNUOOZEVGPQRER');
INSERT INTO audita VALUES ('44','44','VYKDEAKTBH','44','2018-08-12 11:32:00','2018-08-12 17:50:00','2018-11-01 00:00:00','NCDMACAUPJBGPKQUNFHSCSDCVDSSCFBMWQCIEIVG');
INSERT INTO audita VALUES ('45','45','JDMATQOTTP','45','2018-08-12 00:11:00','2018-08-12 16:24:00','2018-11-01 00:00:00','RPQYVIEEYRDRATEGHYQJPDIWJROCIDMLVXRLVRZU');
INSERT INTO audita VALUES ('46','46','AGZEVYEJAS','46','2018-08-12 10:32:00','2018-08-12 14:01:00','2018-11-01 00:00:00','UZRWLTIKCJYJQLVMYZDPJKFKIGMXDDDMYIKBGKUG');
INSERT INTO audita VALUES ('47','47','WFSZLNLQON','47','2018-08-12 00:41:00','2018-08-12 18:47:00','2018-11-01 00:00:00','VQCVBOAKEXTSMPPKJVXDTMJOMOGGGDALADASBSII');
INSERT INTO audita VALUES ('48','48','ZZKCLKMROA','48','2018-08-12 11:27:00','2018-08-12 22:50:00','2018-11-01 00:00:00','JTDVJMLBAANXAWQXKRTISTAWMAQBXVPNFSJJIGFD');
INSERT INTO audita VALUES ('49','49','OXJWOGEWSN','49','2018-08-12 00:37:00','2018-08-12 20:54:00','2018-11-01 00:00:00','CLPILQZNQQMEMKPBTIGSTLLXEKZCRJBMIXEIIGEC');
INSERT INTO audita VALUES ('50','50','AXQKDHEXAF','50','2018-08-12 01:08:00','2018-08-12 22:50:00','2018-11-01 00:00:00','NJVCHSFWAZWOLUETKPCRXFZCIEZOTCFEECUNXTSW');
INSERT INTO audita VALUES ('51','51','NEYXUAGEEC','51','2018-08-12 04:40:00','2018-08-12 22:23:00','2018-11-01 00:00:00','PYIPGLYPQBMOOMLZYJMDZAPPEFBTLEEHJBRFGBJT');
INSERT INTO audita VALUES ('52','52','XFFOGEREYE','52','2018-08-12 04:21:00','2018-08-12 22:01:00','2018-11-01 00:00:00','OZTYBLKACBAIUFWAYGNGOVPJARMTBGOHILYPSMNO');
INSERT INTO audita VALUES ('53','53','RGXZCJACIS','53','2018-08-12 08:13:00','2018-08-12 13:05:00','2018-11-01 00:00:00','MGHWQBNIAVTTQISFTVNXXPQPJNRXPCAIMECGTEGS');
INSERT INTO audita VALUES ('54','54','ZSQZCIQEYN','54','2018-08-12 06:03:00','2018-08-12 22:25:00','2018-11-01 00:00:00','OYXZRFBGBCQOBRXGGSWGONAQTBJPAXMJAPQKCXXU');
INSERT INTO audita VALUES ('55','55','XUQKSGJABD','55','2018-08-12 02:12:00','2018-08-12 22:00:00','2018-11-01 00:00:00','LLNZANCUSOVZGWUTRQXHPASVBOMMGAETSDGVMNEZ');
INSERT INTO audita VALUES ('56','56','TXOKONKOSA','56','2018-08-12 09:28:00','2018-08-12 16:15:00','2018-11-01 00:00:00','DDPKLZFHRHNVJVGNQABGAHQFJNBDSIFDUCCFACUX');
INSERT INTO audita VALUES ('57','57','HHPALPCTVR','57','2018-08-12 04:22:00','2018-08-12 14:51:00','2018-11-01 00:00:00','BJXHRYOXCCTGRSKYTCUXAIMYJGZQFVLXARBJXPNM');
INSERT INTO audita VALUES ('58','58','VHAXEOEDTI','58','2018-08-12 00:50:00','2018-08-12 18:45:00','2018-11-01 00:00:00','UIIOOSVEQJBYHLQJYDWVZIBMZYQDBWGRNOGJQNOD');
INSERT INTO audita VALUES ('59','59','GCRKFTRFLB','59','2018-08-12 07:44:00','2018-08-12 13:49:00','2018-11-01 00:00:00','CKACICJIXLNNCXFLQHGXKIWVLYPKOZDMCHMMXVKV');
INSERT INTO audita VALUES ('60','60','PIAHASONPW','60','2018-08-12 05:02:00','2018-08-12 15:35:00','2018-11-01 00:00:00','ZVCNIVQLCGHATUVNRMHTSLDAAJAVCRWZQJEJGRVH');
INSERT INTO audita VALUES ('61','61','SYFSYACMVK','61','2018-08-12 01:45:00','2018-08-12 17:30:00','2018-11-01 00:00:00','JRYYNPYXQYXGBAASZCSCOGKTPYPVMHUELOPSZFTN');
INSERT INTO audita VALUES ('62','62','EIXACVXCDO','62','2018-08-12 03:05:00','2018-08-12 17:33:00','2018-11-01 00:00:00','ZVWCRAYFTZIFSRCOXJOQWVHXZBVAEAPDVFAKBJQE');
INSERT INTO audita VALUES ('63','63','FKZXRFIBSX','63','2018-08-12 04:02:00','2018-08-12 16:29:00','2018-11-01 00:00:00','CMIYEVYRXAYAYZMQGUNAVMBVFCKBVWIPCMSAELHK');
INSERT INTO audita VALUES ('64','64','QYGSTNULGP','64','2018-08-12 10:10:00','2018-08-12 19:12:00','2018-11-01 00:00:00','BEAAYMBYAOPZYYQQPBFVOOJUOUISXOMAZVVJDZNL');
INSERT INTO audita VALUES ('65','65','YTBRRBLWFM','65','2018-08-12 10:55:00','2018-08-12 15:09:00','2018-11-01 00:00:00','ECUIHWLJLOOYHCWONEOGLUCTXLCRRCLEHFLEVTUX');
INSERT INTO audita VALUES ('66','66','IGDIQNIZLQ','66','2018-08-12 06:20:00','2018-08-12 17:36:00','2018-11-01 00:00:00','TLGZLGJKNCSCYNJWFSHNUTWEHKTQAELHLYUSZORF');
INSERT INTO audita VALUES ('67','67','SSFGICXWYU','67','2018-08-12 06:15:00','2018-08-12 21:48:00','2018-11-01 00:00:00','JAYYBFXMZBNLSLKXXITJJLVLPUPZSIEANJJMKXPX');
INSERT INTO audita VALUES ('68','68','MPNVBKNVGF','68','2018-08-12 07:56:00','2018-08-12 19:11:00','2018-11-01 00:00:00','PGKOLBGRAUZJQOERIFNRNPQKBBGMJGWJDQGRSDLM');
INSERT INTO audita VALUES ('69','69','LDNIEIFRAH','69','2018-08-12 01:25:00','2018-08-12 15:35:00','2018-11-01 00:00:00','AXROFZUNLDQYAVPIOUWCPWSICOAMDWNYTDZUQENW');
INSERT INTO audita VALUES ('70','70','TEXRCKRZMV','70','2018-08-12 05:08:00','2018-08-12 22:20:00','2018-11-01 00:00:00','IEIQFMNIXCSOPGPMRZQCWIWWWFMQBXXRZSDMGDQV');
INSERT INTO audita VALUES ('71','71','KEOPBRAYDE','71','2018-08-12 05:48:00','2018-08-12 22:44:00','2018-11-01 00:00:00','FCTARGYNQAKZJDXUHRJWQKKUACADUELXJRZTKYAA');
INSERT INTO audita VALUES ('72','72','XUDECIDLNZ','72','2018-08-12 06:49:00','2018-08-12 14:45:00','2018-11-01 00:00:00','QBFONMKXIWCNLYXUNBXJMMRIZGDTEAUTUJNXUQPL');
INSERT INTO audita VALUES ('73','73','KVAACAJSFI','73','2018-08-12 01:08:00','2018-08-12 18:18:00','2018-11-01 00:00:00','QTOSLBCJMPRHUNIFSJRODZVHQWKNECNEBWNARUXK');
INSERT INTO audita VALUES ('74','74','FPICXTIILB','74','2018-08-12 10:02:00','2018-08-12 16:03:00','2018-11-01 00:00:00','BMPMBQFVMFOWUMRPAJNTCKBPUXHZIDWQNDJMZYCY');
INSERT INTO audita VALUES ('75','75','LICNQPAPQW','75','2018-08-12 11:29:00','2018-08-12 15:18:00','2018-11-01 00:00:00','GERYRMDIFPFCOPPLYJZINHQUGKUXYVJCAGPAMMFR');
INSERT INTO audita VALUES ('76','76','YXSOKFIMWY','76','2018-08-12 09:56:00','2018-08-12 19:53:00','2018-11-01 00:00:00','JJPIBFEGZRWCMQFKKYLKTCWUMKTJXDJZRCEIMALH');
INSERT INTO audita VALUES ('77','77','RBJWQGORYA','77','2018-08-12 00:55:00','2018-08-12 16:24:00','2018-11-01 00:00:00','XOOUYZQPXOOEFDIWSRQAWKVSTTEAVCJSXPYCDLZS');
INSERT INTO audita VALUES ('78','78','VEWVGRTICD','78','2018-08-12 04:38:00','2018-08-12 19:00:00','2018-11-01 00:00:00','GKRBZDECXBAPYFYYJELBWZGGPHNEBPGEISMFWVKZ');
INSERT INTO audita VALUES ('79','79','XQJHESXVQN','79','2018-08-12 10:25:00','2018-08-12 18:16:00','2018-11-01 00:00:00','MQGAIJZATOKVJCFXDMSADSWQYDZEWFCIXKVHMHTG');
INSERT INTO audita VALUES ('80','80','NQJWGNHQTO','80','2018-08-12 02:51:00','2018-08-12 16:25:00','2018-11-01 00:00:00','DGJNXZRROEBETCBOVLPRLOIVLQLGADHUJRJKCTSF');
INSERT INTO audita VALUES ('81','81','UCSHQTKLPC','81','2018-08-12 03:41:00','2018-08-12 20:42:00','2018-11-01 00:00:00','KMEEGXGEBYWAFGKXEDDRMMYMSDZEJILVMQJDYBVK');
INSERT INTO audita VALUES ('82','82','INOTUAWLDG','82','2018-08-12 00:24:00','2018-08-12 18:09:00','2018-11-01 00:00:00','HTONIKSHBUYDKNMTBFYWZTHLRBGDGCIXLIUIXEBC');
INSERT INTO audita VALUES ('83','83','WSGWLMFBHE','83','2018-08-12 06:38:00','2018-08-12 14:20:00','2018-11-01 00:00:00','VCJFIMKGNKHVADHISABELBHDNESRYSYRGRBLAJXC');
INSERT INTO audita VALUES ('84','84','GPIQKKXFJV','84','2018-08-12 02:09:00','2018-08-12 20:51:00','2018-11-01 00:00:00','BCVCIKQNVWWOJVIEPBFJAAVZIQZAEOGNZMFAYJDM');
INSERT INTO audita VALUES ('85','85','WIESNNJSTJ','85','2018-08-12 04:23:00','2018-08-12 22:13:00','2018-11-01 00:00:00','XVDXYCTGAIIOYYVJIIWAHMPLUWSUGIOMBRNCHVQP');
INSERT INTO audita VALUES ('86','86','LHGCSZFNJM','86','2018-08-12 08:01:00','2018-08-12 18:51:00','2018-11-01 00:00:00','VKUZRGZFCKWPEFIJQTSNHZRZTDGOJJDKXBKHGTHX');
INSERT INTO audita VALUES ('87','87','IGKOCBHZBH','87','2018-08-12 11:07:00','2018-08-12 16:32:00','2018-11-01 00:00:00','UXCAKULLXHVZZMTGGGZRPOHPNJFIIYXZMRVKQLCQ');
INSERT INTO audita VALUES ('88','88','BAOISNMIYR','88','2018-08-12 06:53:00','2018-08-12 17:30:00','2018-11-01 00:00:00','TTFUJGLQGGAJGHKQXMUXORKMLIUGSYTXWALBTDLH');
INSERT INTO audita VALUES ('89','89','CTMHBWYOPD','89','2018-08-12 04:49:00','2018-08-12 14:53:00','2018-11-01 00:00:00','POOBQZQXWHXVADXDNEPCNSWADBGWZRPJCXNOVQNR');
INSERT INTO audita VALUES ('90','90','EFFJJCDSYX','90','2018-08-12 03:12:00','2018-08-12 18:12:00','2018-11-01 00:00:00','VQVMPKAHCLYRMUFAENAISXXEKKRKSEFKYYGNAJFE');
INSERT INTO audita VALUES ('91','91','KCKDULGNFQ','91','2018-08-12 00:33:00','2018-08-12 22:26:00','2018-11-01 00:00:00','AFXHWZAGWSGNCBCXYWSELWNTZZNLNQQFPJPYOUZC');
INSERT INTO audita VALUES ('92','92','CJMFPBUKGU','92','2018-08-12 06:55:00','2018-08-12 22:39:00','2018-11-01 00:00:00','UDPQHDZVIMJCYCJFQGKUPABMRVDOKZUWBARGOOCU');
INSERT INTO audita VALUES ('93','93','HUCYTSRJFJ','93','2018-08-12 04:33:00','2018-08-12 22:07:00','2018-11-01 00:00:00','CRTHRHIWMTMJGEHSIQGHYQVUUGWWELDPFKORAIGD');
INSERT INTO audita VALUES ('94','94','MRBWIVKRAH','94','2018-08-12 03:48:00','2018-08-12 14:00:00','2018-11-01 00:00:00','PTEQQTNZWMXBKDLGLMSNAFNJBDRWMUBORDHLBTOI');
INSERT INTO audita VALUES ('95','95','HQRRMVAPZD','95','2018-08-12 06:01:00','2018-08-12 18:37:00','2018-11-01 00:00:00','OYTHHJXSRHTRQPKDLMATXYTAEBMEIHGHHPZPJBWD');
INSERT INTO audita VALUES ('96','96','DFQRPWVOLD','96','2018-08-12 10:15:00','2018-08-12 21:29:00','2018-11-01 00:00:00','UJVTAUEPKLKXVAGJTQRCXBGMYUSFVEKDARBWASEE');
INSERT INTO audita VALUES ('97','97','GENAEWQHFG','97','2018-08-12 11:11:00','2018-08-12 21:43:00','2018-11-01 00:00:00','STIKCUJWYIJJSLBWOGSOLXSHNXXSYEUHJLWDOZNN');
INSERT INTO audita VALUES ('98','98','DXNQYROPPR','98','2018-08-12 03:35:00','2018-08-12 17:51:00','2018-11-01 00:00:00','WVBLBLNVGCNICEWXPYGYADVBDBOGPFNRIPIRKRHF');
INSERT INTO audita VALUES ('99','99','ADMFJZNCMD','100','2018-08-12 00:58:00','2018-08-12 21:08:00','2018-11-01 00:00:00','EROXGZYECBXHECMYKHJMSURVYTUZBJBQKQYTINUM');

-- code for testing a)
INSERT INTO camara VALUES (140);
INSERT INTO video VALUES ('140','2018-08-12 10:00:00','2018-08-12 10:59:59');
INSERT INTO vigia VALUES ('Praça do Império, Frente Mosteiro dos Jerónimos', '140');
INSERT INTO acciona VALUES ('31','JGIWYABTIA','45'); -- meio 30 acionado por processo 45
--INSERT INTO solicita VALUES ('31','2018-08-12 10:00:00','140','2018-08-12 10:00:00','2018-08-12 10:59:59'); TO TEST A)


/* the new solicita entries need to respect the new integrity check. So these are deprecated
INSERT INTO solicita VALUES ('30','2018-08-12 10:00:00','45','2018-08-12 10:00:00','2018-08-12 10:59:59');
INSERT INTO solicita VALUES ('30','2018-08-12 11:00:00','45','2018-08-12 11:00:00','2018-08-12 11:59:59');
INSERT INTO solicita VALUES ('30','2018-08-12 12:00:00','45','2018-08-12 12:00:00','2018-08-12 12:59:59');
INSERT INTO solicita VALUES ('30','2018-08-12 13:00:00','45','2018-08-12 13:00:00','2018-08-12 13:59:59');
INSERT INTO solicita VALUES ('30','2018-08-12 14:00:00','45','2018-08-12 14:00:00','2018-08-12 14:59:59');
INSERT INTO solicita VALUES ('30','2018-08-12 15:00:00','45','2018-08-12 15:00:00','2018-08-12 15:59:59');
INSERT INTO solicita VALUES ('30','2018-08-12 16:00:00','45','2018-08-12 16:00:00','2018-08-12 16:59:59');
INSERT INTO solicita VALUES ('30','2018-08-12 17:00:00','45','2018-08-12 17:00:00','2018-08-12 17:59:59');
INSERT INTO solicita VALUES ('30','2018-08-12 18:00:00','45','2018-08-12 18:00:00','2018-08-12 18:59:59');
INSERT INTO solicita VALUES ('30','2018-08-12 19:00:00','45','2018-08-12 19:00:00','2018-08-12 19:59:59');
INSERT INTO solicita VALUES ('30','2018-08-12 20:00:00','45','2018-08-12 20:00:00','2018-08-12 20:59:59');
INSERT INTO solicita VALUES ('30','2018-08-12 21:00:00','45','2018-08-12 21:00:00','2018-08-12 21:59:59');
INSERT INTO solicita VALUES ('30','2018-08-12 22:00:00','45','2018-08-12 22:00:00','2018-08-12 22:59:59');
INSERT INTO solicita VALUES ('30','2018-08-12 23:00:00','45','2018-08-12 23:00:00','2018-08-12 23:59:59');
INSERT INTO solicita VALUES ('30','2018-08-13 00:00:00','45','2018-08-13 00:00:00','2018-08-13 00:59:59');
INSERT INTO solicita VALUES ('30','2018-08-13 01:00:00','45','2018-08-13 01:00:00','2018-08-13 01:59:59');
INSERT INTO solicita VALUES ('30','2018-08-13 02:00:00','45','2018-08-13 02:00:00','2018-08-13 02:59:59');
INSERT INTO solicita VALUES ('30','2018-08-13 03:00:00','45','2018-08-13 03:00:00','2018-08-13 03:59:59');
INSERT INTO solicita VALUES ('30','2018-08-13 04:00:00','45','2018-08-13 04:00:00','2018-08-13 04:59:59');
INSERT INTO solicita VALUES ('30','2018-08-13 05:00:00','45','2018-08-13 05:00:00','2018-08-13 05:59:59');
INSERT INTO solicita VALUES ('30','2018-08-13 06:00:00','45','2018-08-13 06:00:00','2018-08-13 06:59:59');
INSERT INTO solicita VALUES ('30','2018-08-13 07:00:00','45','2018-08-13 07:00:00','2018-08-13 07:59:59');
INSERT INTO solicita VALUES ('30','2018-08-13 08:00:00','45','2018-08-13 08:00:00','2018-08-13 08:59:59');
INSERT INTO solicita VALUES ('30','2018-08-13 09:00:00','45','2018-08-13 09:00:00','2018-08-13 09:59:59');
INSERT INTO solicita VALUES ('30','2018-08-13 10:00:00','45','2018-08-13 10:00:00','2018-08-13 10:59:59');
INSERT INTO solicita VALUES ('30','2018-08-13 11:00:00','45','2018-08-13 11:00:00','2018-08-13 11:59:59');
INSERT INTO solicita VALUES ('30','2018-08-13 12:00:00','45','2018-08-13 12:00:00','2018-08-13 12:59:59');
INSERT INTO solicita VALUES ('30','2018-08-13 13:00:00','45','2018-08-13 13:00:00','2018-08-13 13:59:59');
INSERT INTO solicita VALUES ('30','2018-08-13 14:00:00','45','2018-08-13 14:00:00','2018-08-13 14:59:59');
INSERT INTO solicita VALUES ('30','2018-08-13 15:00:00','45','2018-08-13 15:00:00','2018-08-13 15:59:59');
INSERT INTO solicita VALUES ('10','2018-08-12 10:00:00','5','2018-08-12 10:00:00','2018-08-12 10:59:59');
INSERT INTO solicita VALUES ('10','2018-08-12 11:00:00','5','2018-08-12 11:00:00','2018-08-12 11:59:59');
INSERT INTO solicita VALUES ('10','2018-08-12 12:00:00','5','2018-08-12 12:00:00','2018-08-12 12:59:59');
INSERT INTO solicita VALUES ('10','2018-08-12 13:00:00','5','2018-08-12 13:00:00','2018-08-12 13:59:59');
INSERT INTO solicita VALUES ('10','2018-08-12 14:00:00','5','2018-08-12 14:00:00','2018-08-12 14:59:59');
INSERT INTO solicita VALUES ('10','2018-08-12 15:00:00','5','2018-08-12 15:00:00','2018-08-12 15:59:59');
INSERT INTO solicita VALUES ('10','2018-08-12 16:00:00','5','2018-08-12 16:00:00','2018-08-12 16:59:59');
INSERT INTO solicita VALUES ('10','2018-08-12 17:00:00','5','2018-08-12 17:00:00','2018-08-12 17:59:59');
INSERT INTO solicita VALUES ('10','2018-08-12 18:00:00','5','2018-08-12 18:00:00','2018-08-12 18:59:59');
INSERT INTO solicita VALUES ('10','2018-08-12 19:00:00','5','2018-08-12 19:00:00','2018-08-12 19:59:59');
INSERT INTO solicita VALUES ('10','2018-08-12 09:00:00','19','2018-08-12 09:00:00','2018-08-12 09:59:59');
INSERT INTO solicita VALUES ('10','2018-08-12 10:00:00','19','2018-08-12 10:00:00','2018-08-12 10:59:59');
INSERT INTO solicita VALUES ('10','2018-08-12 11:00:00','19','2018-08-12 11:00:00','2018-08-12 11:59:59');
INSERT INTO solicita VALUES ('10','2018-08-12 12:00:00','19','2018-08-12 12:00:00','2018-08-12 12:59:59');
INSERT INTO solicita VALUES ('10','2018-08-12 13:00:00','19','2018-08-12 13:00:00','2018-08-12 13:59:59');
INSERT INTO solicita VALUES ('10','2018-08-12 14:00:00','19','2018-08-12 14:00:00','2018-08-12 14:59:59');
INSERT INTO solicita VALUES ('10','2018-08-12 15:00:00','19','2018-08-12 15:00:00','2018-08-12 15:59:59');
INSERT INTO solicita VALUES ('10','2018-08-12 16:00:00','19','2018-08-12 16:00:00','2018-08-12 16:59:59');
INSERT INTO solicita VALUES ('10','2018-08-12 17:00:00','19','2018-08-12 17:00:00','2018-08-12 17:59:59');
INSERT INTO solicita VALUES ('10','2018-08-12 18:00:00','19','2018-08-12 18:00:00','2018-08-12 18:59:59');
INSERT INTO solicita VALUES ('30','2018-08-11 09:00:00','43','2018-08-11 09:00:00','2018-08-11 09:59:59');
INSERT INTO solicita VALUES ('30','2018-08-11 10:00:00','43','2018-08-11 10:00:00','2018-08-11 10:59:59');
INSERT INTO solicita VALUES ('30','2018-08-11 11:00:00','43','2018-08-11 11:00:00','2018-08-11 11:59:59');
INSERT INTO solicita VALUES ('30','2018-08-11 12:00:00','43','2018-08-11 12:00:00','2018-08-11 12:59:59');
INSERT INTO solicita VALUES ('30','2018-08-11 13:00:00','43','2018-08-11 13:00:00','2018-08-11 13:59:59');
INSERT INTO solicita VALUES ('30','2018-08-11 14:00:00','43','2018-08-11 14:00:00','2018-08-11 14:59:59');
INSERT INTO solicita VALUES ('30','2018-08-11 15:00:00','43','2018-08-11 15:00:00','2018-08-11 15:59:59');
INSERT INTO solicita VALUES ('30','2018-08-11 16:00:00','43','2018-08-11 16:00:00','2018-08-11 16:59:59');
INSERT INTO solicita VALUES ('30','2018-08-11 17:00:00','43','2018-08-11 17:00:00','2018-08-11 17:59:59');
INSERT INTO solicita VALUES ('30','2018-08-11 18:00:00','43','2018-08-11 18:00:00','2018-08-11 18:59:59');
INSERT INTO solicita VALUES ('30','2018-08-11 19:00:00','43','2018-08-11 19:00:00','2018-08-11 19:59:59');
INSERT INTO solicita VALUES ('30','2018-08-11 20:00:00','43','2018-08-11 20:00:00','2018-08-11 20:59:59');
INSERT INTO solicita VALUES ('30','2018-08-11 21:00:00','43','2018-08-11 21:00:00','2018-08-11 21:59:59');
INSERT INTO solicita VALUES ('30','2018-08-11 22:00:00','43','2018-08-11 22:00:00','2018-08-11 22:59:59');
INSERT INTO solicita VALUES ('30','2018-08-11 23:00:00','43','2018-08-11 23:00:00','2018-08-11 23:59:59');
INSERT INTO solicita VALUES ('30','2018-08-12 00:00:00','43','2018-08-12 00:00:00','2018-08-12 00:59:59');
INSERT INTO solicita VALUES ('30','2018-08-12 01:00:00','43','2018-08-12 01:00:00','2018-08-12 01:59:59');
INSERT INTO solicita VALUES ('30','2018-08-12 02:00:00','43','2018-08-12 02:00:00','2018-08-12 02:59:59');
INSERT INTO solicita VALUES ('30','2018-08-12 03:00:00','43','2018-08-12 03:00:00','2018-08-12 03:59:59');
INSERT INTO solicita VALUES ('30','2018-08-12 04:00:00','43','2018-08-12 04:00:00','2018-08-12 04:59:59');
INSERT INTO solicita VALUES ('30','2018-08-12 05:00:00','43','2018-08-12 05:00:00','2018-08-12 05:59:59');
INSERT INTO solicita VALUES ('30','2018-08-12 06:00:00','43','2018-08-12 06:00:00','2018-08-12 06:59:59');
INSERT INTO solicita VALUES ('30','2018-08-12 07:00:00','43','2018-08-12 07:00:00','2018-08-12 07:59:59');
INSERT INTO solicita VALUES ('30','2018-08-12 08:00:00','43','2018-08-12 08:00:00','2018-08-12 08:59:59');
INSERT INTO solicita VALUES ('30','2018-08-12 09:00:00','43','2018-08-12 09:00:00','2018-08-12 09:59:59');
INSERT INTO solicita VALUES ('30','2018-08-12 10:00:00','43','2018-08-12 10:00:00','2018-08-12 10:59:59');
INSERT INTO solicita VALUES ('30','2018-08-12 11:00:00','43','2018-08-12 11:00:00','2018-08-12 11:59:59');
INSERT INTO solicita VALUES ('30','2018-08-12 12:00:00','43','2018-08-12 12:00:00','2018-08-12 12:59:59');
INSERT INTO solicita VALUES ('30','2018-08-12 13:00:00','43','2018-08-12 13:00:00','2018-08-12 13:59:59');
INSERT INTO solicita VALUES ('30','2018-08-12 14:00:00','43','2018-08-12 14:00:00','2018-08-12 14:59:59');
INSERT INTO solicita VALUES ('50','2018-08-11 09:00:00','94','2018-08-11 09:00:00','2018-08-11 09:59:59');
INSERT INTO solicita VALUES ('50','2018-08-11 10:00:00','94','2018-08-11 10:00:00','2018-08-11 10:59:59');
INSERT INTO solicita VALUES ('50','2018-08-11 11:00:00','94','2018-08-11 11:00:00','2018-08-11 11:59:59');
INSERT INTO solicita VALUES ('50','2018-08-11 12:00:00','94','2018-08-11 12:00:00','2018-08-11 12:59:59');
INSERT INTO solicita VALUES ('50','2018-08-11 13:00:00','94','2018-08-11 13:00:00','2018-08-11 13:59:59');
INSERT INTO solicita VALUES ('50','2018-08-11 14:00:00','94','2018-08-11 14:00:00','2018-08-11 14:59:59');
INSERT INTO solicita VALUES ('50','2018-08-11 15:00:00','94','2018-08-11 15:00:00','2018-08-11 15:59:59');
INSERT INTO solicita VALUES ('50','2018-08-11 16:00:00','94','2018-08-11 16:00:00','2018-08-11 16:59:59');
INSERT INTO solicita VALUES ('50','2018-08-11 17:00:00','94','2018-08-11 17:00:00','2018-08-11 17:59:59');
INSERT INTO solicita VALUES ('50','2018-08-11 18:00:00','94','2018-08-11 18:00:00','2018-08-11 18:59:59');
INSERT INTO solicita VALUES ('50','2018-08-11 19:00:00','94','2018-08-11 19:00:00','2018-08-11 19:59:59');
INSERT INTO solicita VALUES ('50','2018-08-11 20:00:00','94','2018-08-11 20:00:00','2018-08-11 20:59:59');
INSERT INTO solicita VALUES ('50','2018-08-11 21:00:00','94','2018-08-11 21:00:00','2018-08-11 21:59:59');
INSERT INTO solicita VALUES ('50','2018-08-11 22:00:00','94','2018-08-11 22:00:00','2018-08-11 22:59:59');
INSERT INTO solicita VALUES ('50','2018-08-11 23:00:00','94','2018-08-11 23:00:00','2018-08-11 23:59:59');
INSERT INTO solicita VALUES ('50','2018-08-12 00:00:00','94','2018-08-12 00:00:00','2018-08-12 00:59:59');
INSERT INTO solicita VALUES ('50','2018-08-12 01:00:00','94','2018-08-12 01:00:00','2018-08-12 01:59:59');
INSERT INTO solicita VALUES ('50','2018-08-12 02:00:00','94','2018-08-12 02:00:00','2018-08-12 02:59:59');
INSERT INTO solicita VALUES ('50','2018-08-12 03:00:00','94','2018-08-12 03:00:00','2018-08-12 03:59:59');
INSERT INTO solicita VALUES ('50','2018-08-12 04:00:00','94','2018-08-12 04:00:00','2018-08-12 04:59:59');
INSERT INTO solicita VALUES ('50','2018-08-12 05:00:00','94','2018-08-12 05:00:00','2018-08-12 05:59:59');
INSERT INTO solicita VALUES ('50','2018-08-12 06:00:00','94','2018-08-12 06:00:00','2018-08-12 06:59:59');
INSERT INTO solicita VALUES ('50','2018-08-12 07:00:00','94','2018-08-12 07:00:00','2018-08-12 07:59:59');
INSERT INTO solicita VALUES ('50','2018-08-12 08:00:00','94','2018-08-12 08:00:00','2018-08-12 08:59:59');
INSERT INTO solicita VALUES ('50','2018-08-12 09:00:00','94','2018-08-12 09:00:00','2018-08-12 09:59:59');
INSERT INTO solicita VALUES ('50','2018-08-12 10:00:00','94','2018-08-12 10:00:00','2018-08-12 10:59:59');
INSERT INTO solicita VALUES ('50','2018-08-12 11:00:00','94','2018-08-12 11:00:00','2018-08-12 11:59:59');
INSERT INTO solicita VALUES ('50','2018-08-12 12:00:00','94','2018-08-12 12:00:00','2018-08-12 12:59:59');
INSERT INTO solicita VALUES ('50','2018-08-12 13:00:00','94','2018-08-12 13:00:00','2018-08-12 13:59:59');
INSERT INTO solicita VALUES ('50','2018-08-12 14:00:00','94','2018-08-12 14:00:00','2018-08-12 14:59:59');
INSERT INTO solicita VALUES ('50','2018-08-12 15:00:00','94','2018-08-12 15:00:00','2018-08-12 15:59:59');
INSERT INTO solicita VALUES ('50','2018-08-12 16:00:00','94','2018-08-12 16:00:00','2018-08-12 16:59:59');
INSERT INTO solicita VALUES ('50','2018-08-12 17:00:00','94','2018-08-12 17:00:00','2018-08-12 17:59:59');
INSERT INTO solicita VALUES ('50','2018-08-12 18:00:00','94','2018-08-12 18:00:00','2018-08-12 18:59:59');
INSERT INTO solicita VALUES ('50','2018-08-12 19:00:00','94','2018-08-12 19:00:00','2018-08-12 19:59:59');
INSERT INTO solicita VALUES ('50','2018-08-12 20:00:00','94','2018-08-12 20:00:00','2018-08-12 20:59:59');
INSERT INTO solicita VALUES ('50','2018-08-12 21:00:00','94','2018-08-12 21:00:00','2018-08-12 21:59:59');
INSERT INTO solicita VALUES ('50','2018-08-12 22:00:00','94','2018-08-12 22:00:00','2018-08-12 22:59:59');
INSERT INTO solicita VALUES ('50','2018-08-12 23:00:00','94','2018-08-12 23:00:00','2018-08-12 23:59:59');
INSERT INTO solicita VALUES ('50','2018-08-13 00:00:00','94','2018-08-13 00:00:00','2018-08-13 00:59:59');
INSERT INTO solicita VALUES ('50','2018-08-13 01:00:00','94','2018-08-13 01:00:00','2018-08-13 01:59:59');
INSERT INTO solicita VALUES ('50','2018-08-13 02:00:00','94','2018-08-13 02:00:00','2018-08-13 02:59:59');
INSERT INTO solicita VALUES ('50','2018-08-13 03:00:00','94','2018-08-13 03:00:00','2018-08-13 03:59:59');
INSERT INTO solicita VALUES ('50','2018-08-13 04:00:00','94','2018-08-13 04:00:00','2018-08-13 04:59:59');
INSERT INTO solicita VALUES ('50','2018-08-13 05:00:00','94','2018-08-13 05:00:00','2018-08-13 05:59:59');
INSERT INTO solicita VALUES ('50','2018-08-13 06:00:00','94','2018-08-13 06:00:00','2018-08-13 06:59:59');
INSERT INTO solicita VALUES ('50','2018-08-13 07:00:00','94','2018-08-13 07:00:00','2018-08-13 07:59:59');
INSERT INTO solicita VALUES ('50','2018-08-13 08:00:00','94','2018-08-13 08:00:00','2018-08-13 08:59:59');
INSERT INTO solicita VALUES ('50','2018-08-13 09:00:00','94','2018-08-13 09:00:00','2018-08-13 09:59:59');
*/
INSERT INTO solicita VALUES ('50','2018-08-13 10:00:00','94','2018-08-13 10:00:00','2018-08-13 10:59:59');

--! INSERTS PARA A INTERROGAAO 1
INSERT INTO zona VALUES ('Loures');
INSERT INTO video VALUES ('10','2018-08-12 11:00:00','2018-08-12 11:59:59');
INSERT INTO vigia VALUES ('Loures', '10');
