INSERT INTO camara VALUES (DEFAULT);
INSERT INTO camara VALUES (DEFAULT);
INSERT INTO camara VALUES (DEFAULT);
INSERT INTO camara VALUES (DEFAULT);
INSERT INTO camara VALUES (DEFAULT);
INSERT INTO camara VALUES (DEFAULT);
INSERT INTO camara VALUES (DEFAULT);
INSERT INTO camara VALUES (DEFAULT);
INSERT INTO camara VALUES (DEFAULT);
INSERT INTO camara VALUES (DEFAULT);
INSERT INTO camara VALUES (DEFAULT);
INSERT INTO camara VALUES (DEFAULT);
INSERT INTO camara VALUES (DEFAULT);
INSERT INTO camara VALUES (DEFAULT);
INSERT INTO camara VALUES (DEFAULT);
INSERT INTO camara VALUES (DEFAULT);
INSERT INTO camara VALUES (DEFAULT);
INSERT INTO camara VALUES (DEFAULT);
INSERT INTO camara VALUES (DEFAULT);
INSERT INTO camara VALUES (DEFAULT);
INSERT INTO camara VALUES (DEFAULT);
INSERT INTO camara VALUES (DEFAULT);
INSERT INTO camara VALUES (DEFAULT);
INSERT INTO camara VALUES (DEFAULT);
INSERT INTO camara VALUES (DEFAULT);
INSERT INTO camara VALUES (DEFAULT);
INSERT INTO camara VALUES (DEFAULT);
INSERT INTO camara VALUES (DEFAULT);
INSERT INTO camara VALUES (DEFAULT);
INSERT INTO camara VALUES (DEFAULT);
INSERT INTO camara VALUES (DEFAULT);
INSERT INTO camara VALUES (DEFAULT);
INSERT INTO camara VALUES (DEFAULT);
INSERT INTO camara VALUES (DEFAULT);
INSERT INTO camara VALUES (DEFAULT);
INSERT INTO camara VALUES (DEFAULT);
INSERT INTO camara VALUES (DEFAULT);
INSERT INTO camara VALUES (DEFAULT);
INSERT INTO camara VALUES (DEFAULT);
INSERT INTO camara VALUES (DEFAULT);
INSERT INTO camara VALUES (DEFAULT);
INSERT INTO camara VALUES (DEFAULT);
INSERT INTO camara VALUES (DEFAULT);
INSERT INTO camara VALUES (DEFAULT);
INSERT INTO camara VALUES (DEFAULT);
INSERT INTO camara VALUES (DEFAULT);
INSERT INTO camara VALUES (DEFAULT);
INSERT INTO camara VALUES (DEFAULT);
INSERT INTO camara VALUES (DEFAULT);
INSERT INTO camara VALUES (DEFAULT);
INSERT INTO camara VALUES (DEFAULT);
INSERT INTO camara VALUES (DEFAULT);
INSERT INTO camara VALUES (DEFAULT);
INSERT INTO camara VALUES (DEFAULT);
INSERT INTO camara VALUES (DEFAULT);
INSERT INTO camara VALUES (DEFAULT);
INSERT INTO camara VALUES (DEFAULT);
INSERT INTO camara VALUES (DEFAULT);
INSERT INTO camara VALUES (DEFAULT);
INSERT INTO camara VALUES (DEFAULT);
INSERT INTO camara VALUES (DEFAULT);
INSERT INTO camara VALUES (DEFAULT);
INSERT INTO camara VALUES (DEFAULT);
INSERT INTO camara VALUES (DEFAULT);
INSERT INTO camara VALUES (DEFAULT);
INSERT INTO camara VALUES (DEFAULT);
INSERT INTO camara VALUES (DEFAULT);
INSERT INTO camara VALUES (DEFAULT);
INSERT INTO camara VALUES (DEFAULT);
INSERT INTO camara VALUES (DEFAULT);
INSERT INTO camara VALUES (DEFAULT);
INSERT INTO camara VALUES (DEFAULT);
INSERT INTO camara VALUES (DEFAULT);
INSERT INTO camara VALUES (DEFAULT);
INSERT INTO camara VALUES (DEFAULT);
INSERT INTO camara VALUES (DEFAULT);
INSERT INTO camara VALUES (DEFAULT);
INSERT INTO camara VALUES (DEFAULT);
INSERT INTO camara VALUES (DEFAULT);
INSERT INTO camara VALUES (DEFAULT);
INSERT INTO camara VALUES (DEFAULT);
INSERT INTO camara VALUES (DEFAULT);
INSERT INTO camara VALUES (DEFAULT);
INSERT INTO camara VALUES (DEFAULT);
INSERT INTO camara VALUES (DEFAULT);
INSERT INTO camara VALUES (DEFAULT);
INSERT INTO camara VALUES (DEFAULT);
INSERT INTO camara VALUES (DEFAULT);
INSERT INTO camara VALUES (DEFAULT);
INSERT INTO camara VALUES (DEFAULT);
INSERT INTO camara VALUES (DEFAULT);
INSERT INTO camara VALUES (DEFAULT);
INSERT INTO camara VALUES (DEFAULT);
INSERT INTO camara VALUES (DEFAULT);
INSERT INTO camara VALUES (DEFAULT);
INSERT INTO camara VALUES (DEFAULT);
INSERT INTO camara VALUES (DEFAULT);
INSERT INTO camara VALUES (DEFAULT);
INSERT INTO camara VALUES (DEFAULT);
INSERT INTO camara VALUES (DEFAULT);

INSERT INTO video VALUES ('45','2018-08-12 10:00:00','2018-08-12 10:59:59');
INSERT INTO video VALUES ('45','2018-08-12 11:00:00','2018-08-12 11:59:59');
INSERT INTO video VALUES ('45','2018-08-12 12:00:00','2018-08-12 12:59:59');
INSERT INTO video VALUES ('45','2018-08-12 13:00:00','2018-08-12 13:59:59');
INSERT INTO video VALUES ('45','2018-08-12 14:00:00','2018-08-12 14:59:59');
INSERT INTO video VALUES ('45','2018-08-12 15:00:00','2018-08-12 15:59:59');
INSERT INTO video VALUES ('45','2018-08-12 16:00:00','2018-08-12 16:59:59');
INSERT INTO video VALUES ('45','2018-08-12 17:00:00','2018-08-12 17:59:59');
INSERT INTO video VALUES ('45','2018-08-12 18:00:00','2018-08-12 18:59:59');
INSERT INTO video VALUES ('45','2018-08-12 19:00:00','2018-08-12 19:59:59');
INSERT INTO video VALUES ('45','2018-08-12 20:00:00','2018-08-12 20:59:59');
INSERT INTO video VALUES ('45','2018-08-12 21:00:00','2018-08-12 21:59:59');
INSERT INTO video VALUES ('45','2018-08-12 22:00:00','2018-08-12 22:59:59');
INSERT INTO video VALUES ('45','2018-08-12 23:00:00','2018-08-12 23:59:59');
INSERT INTO video VALUES ('45','2018-08-13 00:00:00','2018-08-13 00:59:59');
INSERT INTO video VALUES ('45','2018-08-13 01:00:00','2018-08-13 01:59:59');
INSERT INTO video VALUES ('45','2018-08-13 02:00:00','2018-08-13 02:59:59');
INSERT INTO video VALUES ('45','2018-08-13 03:00:00','2018-08-13 03:59:59');
INSERT INTO video VALUES ('45','2018-08-13 04:00:00','2018-08-13 04:59:59');
INSERT INTO video VALUES ('45','2018-08-13 05:00:00','2018-08-13 05:59:59');
INSERT INTO video VALUES ('45','2018-08-13 06:00:00','2018-08-13 06:59:59');
INSERT INTO video VALUES ('45','2018-08-13 07:00:00','2018-08-13 07:59:59');
INSERT INTO video VALUES ('45','2018-08-13 08:00:00','2018-08-13 08:59:59');
INSERT INTO video VALUES ('45','2018-08-13 09:00:00','2018-08-13 09:59:59');
INSERT INTO video VALUES ('45','2018-08-13 10:00:00','2018-08-13 10:59:59');
INSERT INTO video VALUES ('45','2018-08-13 11:00:00','2018-08-13 11:59:59');
INSERT INTO video VALUES ('45','2018-08-13 12:00:00','2018-08-13 12:59:59');
INSERT INTO video VALUES ('45','2018-08-13 13:00:00','2018-08-13 13:59:59');
INSERT INTO video VALUES ('45','2018-08-13 14:00:00','2018-08-13 14:59:59');
INSERT INTO video VALUES ('45','2018-08-13 15:00:00','2018-08-13 15:59:59');
INSERT INTO video VALUES ('5','2018-08-12 10:00:00','2018-08-12 10:59:59');
INSERT INTO video VALUES ('5','2018-08-12 11:00:00','2018-08-12 11:59:59');
INSERT INTO video VALUES ('5','2018-08-12 12:00:00','2018-08-12 12:59:59');
INSERT INTO video VALUES ('5','2018-08-12 13:00:00','2018-08-12 13:59:59');
INSERT INTO video VALUES ('5','2018-08-12 14:00:00','2018-08-12 14:59:59');
INSERT INTO video VALUES ('5','2018-08-12 15:00:00','2018-08-12 15:59:59');
INSERT INTO video VALUES ('5','2018-08-12 16:00:00','2018-08-12 16:59:59');
INSERT INTO video VALUES ('5','2018-08-12 17:00:00','2018-08-12 17:59:59');
INSERT INTO video VALUES ('5','2018-08-12 18:00:00','2018-08-12 18:59:59');
INSERT INTO video VALUES ('5','2018-08-12 19:00:00','2018-08-12 19:59:59');
INSERT INTO video VALUES ('19','2018-08-12 09:00:00','2018-08-12 09:59:59');
INSERT INTO video VALUES ('19','2018-08-12 10:00:00','2018-08-12 10:59:59');
INSERT INTO video VALUES ('19','2018-08-12 11:00:00','2018-08-12 11:59:59');
INSERT INTO video VALUES ('19','2018-08-12 12:00:00','2018-08-12 12:59:59');
INSERT INTO video VALUES ('19','2018-08-12 13:00:00','2018-08-12 13:59:59');
INSERT INTO video VALUES ('19','2018-08-12 14:00:00','2018-08-12 14:59:59');
INSERT INTO video VALUES ('19','2018-08-12 15:00:00','2018-08-12 15:59:59');
INSERT INTO video VALUES ('19','2018-08-12 16:00:00','2018-08-12 16:59:59');
INSERT INTO video VALUES ('19','2018-08-12 17:00:00','2018-08-12 17:59:59');
INSERT INTO video VALUES ('19','2018-08-12 18:00:00','2018-08-12 18:59:59');
INSERT INTO video VALUES ('43','2018-08-11 09:00:00','2018-08-11 09:59:59');
INSERT INTO video VALUES ('43','2018-08-11 10:00:00','2018-08-11 10:59:59');
INSERT INTO video VALUES ('43','2018-08-11 11:00:00','2018-08-11 11:59:59');
INSERT INTO video VALUES ('43','2018-08-11 12:00:00','2018-08-11 12:59:59');
INSERT INTO video VALUES ('43','2018-08-11 13:00:00','2018-08-11 13:59:59');
INSERT INTO video VALUES ('43','2018-08-11 14:00:00','2018-08-11 14:59:59');
INSERT INTO video VALUES ('43','2018-08-11 15:00:00','2018-08-11 15:59:59');
INSERT INTO video VALUES ('43','2018-08-11 16:00:00','2018-08-11 16:59:59');
INSERT INTO video VALUES ('43','2018-08-11 17:00:00','2018-08-11 17:59:59');
INSERT INTO video VALUES ('43','2018-08-11 18:00:00','2018-08-11 18:59:59');
INSERT INTO video VALUES ('43','2018-08-11 19:00:00','2018-08-11 19:59:59');
INSERT INTO video VALUES ('43','2018-08-11 20:00:00','2018-08-11 20:59:59');
INSERT INTO video VALUES ('43','2018-08-11 21:00:00','2018-08-11 21:59:59');
INSERT INTO video VALUES ('43','2018-08-11 22:00:00','2018-08-11 22:59:59');
INSERT INTO video VALUES ('43','2018-08-11 23:00:00','2018-08-11 23:59:59');
INSERT INTO video VALUES ('43','2018-08-12 00:00:00','2018-08-12 00:59:59');
INSERT INTO video VALUES ('43','2018-08-12 01:00:00','2018-08-12 01:59:59');
INSERT INTO video VALUES ('43','2018-08-12 02:00:00','2018-08-12 02:59:59');
INSERT INTO video VALUES ('43','2018-08-12 03:00:00','2018-08-12 03:59:59');
INSERT INTO video VALUES ('43','2018-08-12 04:00:00','2018-08-12 04:59:59');
INSERT INTO video VALUES ('43','2018-08-12 05:00:00','2018-08-12 05:59:59');
INSERT INTO video VALUES ('43','2018-08-12 06:00:00','2018-08-12 06:59:59');
INSERT INTO video VALUES ('43','2018-08-12 07:00:00','2018-08-12 07:59:59');
INSERT INTO video VALUES ('43','2018-08-12 08:00:00','2018-08-12 08:59:59');
INSERT INTO video VALUES ('43','2018-08-12 09:00:00','2018-08-12 09:59:59');
INSERT INTO video VALUES ('43','2018-08-12 10:00:00','2018-08-12 10:59:59');
INSERT INTO video VALUES ('43','2018-08-12 11:00:00','2018-08-12 11:59:59');
INSERT INTO video VALUES ('43','2018-08-12 12:00:00','2018-08-12 12:59:59');
INSERT INTO video VALUES ('43','2018-08-12 13:00:00','2018-08-12 13:59:59');
INSERT INTO video VALUES ('43','2018-08-12 14:00:00','2018-08-12 14:59:59');
INSERT INTO video VALUES ('94','2018-08-11 09:00:00','2018-08-11 09:59:59');
INSERT INTO video VALUES ('94','2018-08-11 10:00:00','2018-08-11 10:59:59');
INSERT INTO video VALUES ('94','2018-08-11 11:00:00','2018-08-11 11:59:59');
INSERT INTO video VALUES ('94','2018-08-11 12:00:00','2018-08-11 12:59:59');
INSERT INTO video VALUES ('94','2018-08-11 13:00:00','2018-08-11 13:59:59');
INSERT INTO video VALUES ('94','2018-08-11 14:00:00','2018-08-11 14:59:59');
INSERT INTO video VALUES ('94','2018-08-11 15:00:00','2018-08-11 15:59:59');
INSERT INTO video VALUES ('94','2018-08-11 16:00:00','2018-08-11 16:59:59');
INSERT INTO video VALUES ('94','2018-08-11 17:00:00','2018-08-11 17:59:59');
INSERT INTO video VALUES ('94','2018-08-11 18:00:00','2018-08-11 18:59:59');
INSERT INTO video VALUES ('94','2018-08-11 19:00:00','2018-08-11 19:59:59');
INSERT INTO video VALUES ('94','2018-08-11 20:00:00','2018-08-11 20:59:59');
INSERT INTO video VALUES ('94','2018-08-11 21:00:00','2018-08-11 21:59:59');
INSERT INTO video VALUES ('94','2018-08-11 22:00:00','2018-08-11 22:59:59');
INSERT INTO video VALUES ('94','2018-08-11 23:00:00','2018-08-11 23:59:59');
INSERT INTO video VALUES ('94','2018-08-12 00:00:00','2018-08-12 00:59:59');
INSERT INTO video VALUES ('94','2018-08-12 01:00:00','2018-08-12 01:59:59');
INSERT INTO video VALUES ('94','2018-08-12 02:00:00','2018-08-12 02:59:59');
INSERT INTO video VALUES ('94','2018-08-12 03:00:00','2018-08-12 03:59:59');
INSERT INTO video VALUES ('94','2018-08-12 04:00:00','2018-08-12 04:59:59');
INSERT INTO video VALUES ('94','2018-08-12 05:00:00','2018-08-12 05:59:59');
INSERT INTO video VALUES ('94','2018-08-12 06:00:00','2018-08-12 06:59:59');
INSERT INTO video VALUES ('94','2018-08-12 07:00:00','2018-08-12 07:59:59');
INSERT INTO video VALUES ('94','2018-08-12 08:00:00','2018-08-12 08:59:59');
INSERT INTO video VALUES ('94','2018-08-12 09:00:00','2018-08-12 09:59:59');
INSERT INTO video VALUES ('94','2018-08-12 10:00:00','2018-08-12 10:59:59');
INSERT INTO video VALUES ('94','2018-08-12 11:00:00','2018-08-12 11:59:59');
INSERT INTO video VALUES ('94','2018-08-12 12:00:00','2018-08-12 12:59:59');
INSERT INTO video VALUES ('94','2018-08-12 13:00:00','2018-08-12 13:59:59');
INSERT INTO video VALUES ('94','2018-08-12 14:00:00','2018-08-12 14:59:59');
INSERT INTO video VALUES ('94','2018-08-12 15:00:00','2018-08-12 15:59:59');
INSERT INTO video VALUES ('94','2018-08-12 16:00:00','2018-08-12 16:59:59');
INSERT INTO video VALUES ('94','2018-08-12 17:00:00','2018-08-12 17:59:59');
INSERT INTO video VALUES ('94','2018-08-12 18:00:00','2018-08-12 18:59:59');
INSERT INTO video VALUES ('94','2018-08-12 19:00:00','2018-08-12 19:59:59');
INSERT INTO video VALUES ('94','2018-08-12 20:00:00','2018-08-12 20:59:59');
INSERT INTO video VALUES ('94','2018-08-12 21:00:00','2018-08-12 21:59:59');
INSERT INTO video VALUES ('94','2018-08-12 22:00:00','2018-08-12 22:59:59');
INSERT INTO video VALUES ('94','2018-08-12 23:00:00','2018-08-12 23:59:59');
INSERT INTO video VALUES ('94','2018-08-13 00:00:00','2018-08-13 00:59:59');
INSERT INTO video VALUES ('94','2018-08-13 01:00:00','2018-08-13 01:59:59');
INSERT INTO video VALUES ('94','2018-08-13 02:00:00','2018-08-13 02:59:59');
INSERT INTO video VALUES ('94','2018-08-13 03:00:00','2018-08-13 03:59:59');
INSERT INTO video VALUES ('94','2018-08-13 04:00:00','2018-08-13 04:59:59');
INSERT INTO video VALUES ('94','2018-08-13 05:00:00','2018-08-13 05:59:59');
INSERT INTO video VALUES ('94','2018-08-13 06:00:00','2018-08-13 06:59:59');
INSERT INTO video VALUES ('94','2018-08-13 07:00:00','2018-08-13 07:59:59');
INSERT INTO video VALUES ('94','2018-08-13 08:00:00','2018-08-13 08:59:59');
INSERT INTO video VALUES ('94','2018-08-13 09:00:00','2018-08-13 09:59:59');
INSERT INTO video VALUES ('94','2018-08-13 10:00:00','2018-08-13 10:59:59');

INSERT INTO segmentoVideo VALUES ('45','0','2018-08-12 10:00:00','0:59:59');
INSERT INTO segmentoVideo VALUES ('45','1','2018-08-12 11:00:00','0:59:59');
INSERT INTO segmentoVideo VALUES ('45','2','2018-08-12 12:00:00','0:59:59');
INSERT INTO segmentoVideo VALUES ('45','3','2018-08-12 13:00:00','0:59:59');
INSERT INTO segmentoVideo VALUES ('45','4','2018-08-12 14:00:00','0:59:59');
INSERT INTO segmentoVideo VALUES ('45','5','2018-08-12 15:00:00','0:59:59');
INSERT INTO segmentoVideo VALUES ('45','6','2018-08-12 16:00:00','0:59:59');
INSERT INTO segmentoVideo VALUES ('45','7','2018-08-12 17:00:00','0:59:59');
INSERT INTO segmentoVideo VALUES ('45','8','2018-08-12 18:00:00','0:59:59');
INSERT INTO segmentoVideo VALUES ('45','9','2018-08-12 19:00:00','0:59:59');
INSERT INTO segmentoVideo VALUES ('45','10','2018-08-12 20:00:00','0:59:59');
INSERT INTO segmentoVideo VALUES ('45','11','2018-08-12 21:00:00','0:59:59');
INSERT INTO segmentoVideo VALUES ('45','12','2018-08-12 22:00:00','0:59:59');
INSERT INTO segmentoVideo VALUES ('45','13','2018-08-12 23:00:00','0:59:59');
INSERT INTO segmentoVideo VALUES ('45','14','2018-08-13 00:00:00','0:59:59');
INSERT INTO segmentoVideo VALUES ('45','15','2018-08-13 01:00:00','0:59:59');
INSERT INTO segmentoVideo VALUES ('45','16','2018-08-13 02:00:00','0:59:59');
INSERT INTO segmentoVideo VALUES ('45','17','2018-08-13 03:00:00','0:59:59');
INSERT INTO segmentoVideo VALUES ('45','18','2018-08-13 04:00:00','0:59:59');
INSERT INTO segmentoVideo VALUES ('45','19','2018-08-13 05:00:00','0:59:59');
INSERT INTO segmentoVideo VALUES ('45','20','2018-08-13 06:00:00','0:59:59');
INSERT INTO segmentoVideo VALUES ('45','21','2018-08-13 07:00:00','0:59:59');
INSERT INTO segmentoVideo VALUES ('45','22','2018-08-13 08:00:00','0:59:59');
INSERT INTO segmentoVideo VALUES ('45','23','2018-08-13 09:00:00','0:59:59');
INSERT INTO segmentoVideo VALUES ('45','24','2018-08-13 10:00:00','0:59:59');
INSERT INTO segmentoVideo VALUES ('45','25','2018-08-13 11:00:00','0:59:59');
INSERT INTO segmentoVideo VALUES ('45','26','2018-08-13 12:00:00','0:59:59');
INSERT INTO segmentoVideo VALUES ('45','27','2018-08-13 13:00:00','0:59:59');
INSERT INTO segmentoVideo VALUES ('45','28','2018-08-13 14:00:00','0:59:59');
INSERT INTO segmentoVideo VALUES ('45','29','2018-08-13 15:00:00','0:59:59');
INSERT INTO segmentoVideo VALUES ('5','0','2018-08-12 10:00:00','0:59:59');
INSERT INTO segmentoVideo VALUES ('5','1','2018-08-12 11:00:00','0:59:59');
INSERT INTO segmentoVideo VALUES ('5','2','2018-08-12 12:00:00','0:59:59');
INSERT INTO segmentoVideo VALUES ('5','3','2018-08-12 13:00:00','0:59:59');
INSERT INTO segmentoVideo VALUES ('5','4','2018-08-12 14:00:00','0:59:59');
INSERT INTO segmentoVideo VALUES ('5','5','2018-08-12 15:00:00','0:59:59');
INSERT INTO segmentoVideo VALUES ('5','6','2018-08-12 16:00:00','0:59:59');
INSERT INTO segmentoVideo VALUES ('5','7','2018-08-12 17:00:00','0:59:59');
INSERT INTO segmentoVideo VALUES ('5','8','2018-08-12 18:00:00','0:59:59');
INSERT INTO segmentoVideo VALUES ('5','9','2018-08-12 19:00:00','0:59:59');
INSERT INTO segmentoVideo VALUES ('19','0','2018-08-12 09:00:00','0:59:59');
INSERT INTO segmentoVideo VALUES ('19','1','2018-08-12 10:00:00','0:59:59');
INSERT INTO segmentoVideo VALUES ('19','2','2018-08-12 11:00:00','0:59:59');
INSERT INTO segmentoVideo VALUES ('19','3','2018-08-12 12:00:00','0:59:59');
INSERT INTO segmentoVideo VALUES ('19','4','2018-08-12 13:00:00','0:59:59');
INSERT INTO segmentoVideo VALUES ('19','5','2018-08-12 14:00:00','0:59:59');
INSERT INTO segmentoVideo VALUES ('19','6','2018-08-12 15:00:00','0:59:59');
INSERT INTO segmentoVideo VALUES ('19','7','2018-08-12 16:00:00','0:59:59');
INSERT INTO segmentoVideo VALUES ('19','8','2018-08-12 17:00:00','0:59:59');
INSERT INTO segmentoVideo VALUES ('19','9','2018-08-12 18:00:00','0:59:59');
INSERT INTO segmentoVideo VALUES ('43','0','2018-08-11 09:00:00','0:59:59');
INSERT INTO segmentoVideo VALUES ('43','1','2018-08-11 10:00:00','0:59:59');
INSERT INTO segmentoVideo VALUES ('43','2','2018-08-11 11:00:00','0:59:59');
INSERT INTO segmentoVideo VALUES ('43','3','2018-08-11 12:00:00','0:59:59');
INSERT INTO segmentoVideo VALUES ('43','4','2018-08-11 13:00:00','0:59:59');
INSERT INTO segmentoVideo VALUES ('43','5','2018-08-11 14:00:00','0:59:59');
INSERT INTO segmentoVideo VALUES ('43','6','2018-08-11 15:00:00','0:59:59');
INSERT INTO segmentoVideo VALUES ('43','7','2018-08-11 16:00:00','0:59:59');
INSERT INTO segmentoVideo VALUES ('43','8','2018-08-11 17:00:00','0:59:59');
INSERT INTO segmentoVideo VALUES ('43','9','2018-08-11 18:00:00','0:59:59');
INSERT INTO segmentoVideo VALUES ('43','10','2018-08-11 19:00:00','0:59:59');
INSERT INTO segmentoVideo VALUES ('43','11','2018-08-11 20:00:00','0:59:59');
INSERT INTO segmentoVideo VALUES ('43','12','2018-08-11 21:00:00','0:59:59');
INSERT INTO segmentoVideo VALUES ('43','13','2018-08-11 22:00:00','0:59:59');
INSERT INTO segmentoVideo VALUES ('43','14','2018-08-11 23:00:00','0:59:59');
INSERT INTO segmentoVideo VALUES ('43','15','2018-08-12 00:00:00','0:59:59');
INSERT INTO segmentoVideo VALUES ('43','16','2018-08-12 01:00:00','0:59:59');
INSERT INTO segmentoVideo VALUES ('43','17','2018-08-12 02:00:00','0:59:59');
INSERT INTO segmentoVideo VALUES ('43','18','2018-08-12 03:00:00','0:59:59');
INSERT INTO segmentoVideo VALUES ('43','19','2018-08-12 04:00:00','0:59:59');
INSERT INTO segmentoVideo VALUES ('43','20','2018-08-12 05:00:00','0:59:59');
INSERT INTO segmentoVideo VALUES ('43','21','2018-08-12 06:00:00','0:59:59');
INSERT INTO segmentoVideo VALUES ('43','22','2018-08-12 07:00:00','0:59:59');
INSERT INTO segmentoVideo VALUES ('43','23','2018-08-12 08:00:00','0:59:59');
INSERT INTO segmentoVideo VALUES ('43','24','2018-08-12 09:00:00','0:59:59');
INSERT INTO segmentoVideo VALUES ('43','25','2018-08-12 10:00:00','0:59:59');
INSERT INTO segmentoVideo VALUES ('43','26','2018-08-12 11:00:00','0:59:59');
INSERT INTO segmentoVideo VALUES ('43','27','2018-08-12 12:00:00','0:59:59');
INSERT INTO segmentoVideo VALUES ('43','28','2018-08-12 13:00:00','0:59:59');
INSERT INTO segmentoVideo VALUES ('43','29','2018-08-12 14:00:00','0:59:59');
INSERT INTO segmentoVideo VALUES ('94','0','2018-08-11 09:00:00','0:59:59');
INSERT INTO segmentoVideo VALUES ('94','1','2018-08-11 10:00:00','0:59:59');
INSERT INTO segmentoVideo VALUES ('94','2','2018-08-11 11:00:00','0:59:59');
INSERT INTO segmentoVideo VALUES ('94','3','2018-08-11 12:00:00','0:59:59');
INSERT INTO segmentoVideo VALUES ('94','4','2018-08-11 13:00:00','0:59:59');
INSERT INTO segmentoVideo VALUES ('94','5','2018-08-11 14:00:00','0:59:59');
INSERT INTO segmentoVideo VALUES ('94','6','2018-08-11 15:00:00','0:59:59');
INSERT INTO segmentoVideo VALUES ('94','7','2018-08-11 16:00:00','0:59:59');
INSERT INTO segmentoVideo VALUES ('94','8','2018-08-11 17:00:00','0:59:59');
INSERT INTO segmentoVideo VALUES ('94','9','2018-08-11 18:00:00','0:59:59');
INSERT INTO segmentoVideo VALUES ('94','10','2018-08-11 19:00:00','0:59:59');
INSERT INTO segmentoVideo VALUES ('94','11','2018-08-11 20:00:00','0:59:59');
INSERT INTO segmentoVideo VALUES ('94','12','2018-08-11 21:00:00','0:59:59');
INSERT INTO segmentoVideo VALUES ('94','13','2018-08-11 22:00:00','0:59:59');
INSERT INTO segmentoVideo VALUES ('94','14','2018-08-11 23:00:00','0:59:59');
INSERT INTO segmentoVideo VALUES ('94','15','2018-08-12 00:00:00','0:59:59');
INSERT INTO segmentoVideo VALUES ('94','16','2018-08-12 01:00:00','0:59:59');
INSERT INTO segmentoVideo VALUES ('94','17','2018-08-12 02:00:00','0:59:59');
INSERT INTO segmentoVideo VALUES ('94','18','2018-08-12 03:00:00','0:59:59');
INSERT INTO segmentoVideo VALUES ('94','19','2018-08-12 04:00:00','0:59:59');
INSERT INTO segmentoVideo VALUES ('94','20','2018-08-12 05:00:00','0:59:59');
INSERT INTO segmentoVideo VALUES ('94','21','2018-08-12 06:00:00','0:59:59');
INSERT INTO segmentoVideo VALUES ('94','22','2018-08-12 07:00:00','0:59:59');
INSERT INTO segmentoVideo VALUES ('94','23','2018-08-12 08:00:00','0:59:59');
INSERT INTO segmentoVideo VALUES ('94','24','2018-08-12 09:00:00','0:59:59');
INSERT INTO segmentoVideo VALUES ('94','25','2018-08-12 10:00:00','0:59:59');
INSERT INTO segmentoVideo VALUES ('94','26','2018-08-12 11:00:00','0:59:59');
INSERT INTO segmentoVideo VALUES ('94','27','2018-08-12 12:00:00','0:59:59');
INSERT INTO segmentoVideo VALUES ('94','28','2018-08-12 13:00:00','0:59:59');
INSERT INTO segmentoVideo VALUES ('94','29','2018-08-12 14:00:00','0:59:59');
INSERT INTO segmentoVideo VALUES ('94','30','2018-08-12 15:00:00','0:59:59');
INSERT INTO segmentoVideo VALUES ('94','31','2018-08-12 16:00:00','0:59:59');
INSERT INTO segmentoVideo VALUES ('94','32','2018-08-12 17:00:00','0:59:59');
INSERT INTO segmentoVideo VALUES ('94','33','2018-08-12 18:00:00','0:59:59');
INSERT INTO segmentoVideo VALUES ('94','34','2018-08-12 19:00:00','0:59:59');
INSERT INTO segmentoVideo VALUES ('94','35','2018-08-12 20:00:00','0:59:59');
INSERT INTO segmentoVideo VALUES ('94','36','2018-08-12 21:00:00','0:59:59');
INSERT INTO segmentoVideo VALUES ('94','37','2018-08-12 22:00:00','0:59:59');
INSERT INTO segmentoVideo VALUES ('94','38','2018-08-12 23:00:00','0:59:59');
INSERT INTO segmentoVideo VALUES ('94','39','2018-08-13 00:00:00','0:59:59');
INSERT INTO segmentoVideo VALUES ('94','40','2018-08-13 01:00:00','0:59:59');
INSERT INTO segmentoVideo VALUES ('94','41','2018-08-13 02:00:00','0:59:59');
INSERT INTO segmentoVideo VALUES ('94','42','2018-08-13 03:00:00','0:59:59');
INSERT INTO segmentoVideo VALUES ('94','43','2018-08-13 04:00:00','0:59:59');
INSERT INTO segmentoVideo VALUES ('94','44','2018-08-13 05:00:00','0:59:59');
INSERT INTO segmentoVideo VALUES ('94','45','2018-08-13 06:00:00','0:59:59');
INSERT INTO segmentoVideo VALUES ('94','46','2018-08-13 07:00:00','0:59:59');
INSERT INTO segmentoVideo VALUES ('94','47','2018-08-13 08:00:00','0:59:59');
INSERT INTO segmentoVideo VALUES ('94','48','2018-08-13 09:00:00','0:59:59');
INSERT INTO segmentoVideo VALUES ('94','49','2018-08-13 10:00:00','0:59:59');

INSERT INTO zona VALUES ('﻿Alameda Dom Afonso Henriques, Passeio oposto frente 82');
INSERT INTO zona VALUES ('Rua Carvalho Araújo, Junto Largo Mendonça e Costa');
INSERT INTO zona VALUES ('Rua Prof. Fernando da Fonseca, Junto Rua Prof. Vieira de Almeida');
INSERT INTO zona VALUES ('Avenida da Liberdade, Passeio Central,  frente 36 A');
INSERT INTO zona VALUES ('Praça da Estrela, Jardim Cinco de Outubro junto Basílica');
INSERT INTO zona VALUES ('Praça Luís de Camões, Placa Central');
INSERT INTO zona VALUES ('Avenida Miguel Bombarda, Frente 68- jardim');
INSERT INTO zona VALUES ('Largo das Portas do Sol, Junto Beco de Santa Helena');
INSERT INTO zona VALUES ('Praça das Flores, Jardim');
INSERT INTO zona VALUES ('Avenida Columbano Bordalo Pinheiro, Junto 5');
INSERT INTO zona VALUES ('Avenida da Liberdade, Frente 45');
INSERT INTO zona VALUES ('Rua Natália Correia, Junto Rua dos Sapadores');
INSERT INTO zona VALUES ('Avenida Grão Vasco, Passeio central frente 32');
INSERT INTO zona VALUES ('Oliveira do Hospital');
INSERT INTO zona VALUES ('Campos Grandes');
INSERT INTO zona VALUES ('Rua Domingos Sequeira, Junto 30');
INSERT INTO zona VALUES ('Circular Norte do Bairro da Encarnação, Junto Rua 1º Cabo José Martins Silvestre');
INSERT INTO zona VALUES ('Rua Paulo Renato(antiga Rua 1 à Estrada de Benfica), Placa central, frente 1 G');
INSERT INTO zona VALUES ('Avenida Afonso Costa, Junto 6');
INSERT INTO zona VALUES ('Rua Dr. João Couto, Junto Avenida do Colégio Militar');
INSERT INTO zona VALUES ('Alameda de Santo António dos Capuchos, Junto 6 A');
INSERT INTO zona VALUES ('Rua da Imprensa Nacional, Junto 116 F');
INSERT INTO zona VALUES ('Cais do Sodré, Jardim Roque Gameiro');
INSERT INTO zona VALUES ('Rua de São Nicolau, Frente 98');
INSERT INTO zona VALUES ('Alameda das Linhas de Torres, Junto 251 A / 253');
INSERT INTO zona VALUES ('Avenida Afonso III, Frente 59');
INSERT INTO zona VALUES ('Avenida Cinco de Outubro, Junto Avenida das Forças Armadas');
INSERT INTO zona VALUES ('Praça do Império, Frente Mosteiro dos Jerónimos');
INSERT INTO zona VALUES ('Rua do Cais de Alcântara, Junto Avenida Vinte e Quatro de Julho');
INSERT INTO zona VALUES ('Praça D. Pedro IV, Junto 114');
INSERT INTO zona VALUES ('Estrada de Benfica, Junto 451A');
INSERT INTO zona VALUES ('Rua Barata Salgueiro, Junto 26 A');
INSERT INTO zona VALUES ('Avenida dos Estados Unidos da América, Junto Rua de Entrecampos');
INSERT INTO zona VALUES ('Travessa da Praça, Junto 12');
INSERT INTO zona VALUES ('Largo do Calhariz, Junto Rua da Rosa');
INSERT INTO zona VALUES ('Avenida de Roma, Frente 9 C');
INSERT INTO zona VALUES ('Rua do Arco do Marquês de Alegrete, Frente 6 F');
INSERT INTO zona VALUES ('Rua Ferreira de Castro(antiga Rua E da Zona N1 de Chelas), Frente Lote 316');
INSERT INTO zona VALUES ('Rua Fernando Namora, junto Rua Prof. João Barreira');
INSERT INTO zona VALUES ('Avenida Almirante Reis, Junto24');
INSERT INTO zona VALUES ('Avenida dos Estados Unidos da América, Frente 44 A');
INSERT INTO zona VALUES ('Avenida Barbosa du Bocage, Passeio Central frente 3');
INSERT INTO zona VALUES ('Avenida de Roma, Frente 103');
INSERT INTO zona VALUES ('Avenida Dom Rodrigo da Cunha, Junto 8');
INSERT INTO zona VALUES ('Monchique');
INSERT INTO zona VALUES ('Rua Maestro Frederico de Freitas, Junto 1 A');
INSERT INTO zona VALUES ('Praça de Londres, Junto 12 C');
INSERT INTO zona VALUES ('Alameda do Beato, Monchique');
INSERT INTO zona VALUES ('Rua de Santana (Santana) à Lapa, Junto Avenida Infante Santo');
INSERT INTO zona VALUES ('Praça Espanha, Terminal Rodoviário');
INSERT INTO zona VALUES ('Avenida de Roma, Junto 3 A');
INSERT INTO zona VALUES ('Avenida Guerra Junqueiro, Junto 2 B');
INSERT INTO zona VALUES ('Campo dos Mártires da Pátria');
INSERT INTO zona VALUES ('Avenida Gomes Pereira, Junto 6');
INSERT INTO zona VALUES ('Avenida Vinte e Quatro de Julho, S/N');
INSERT INTO zona VALUES ('Rua Barata Salgueiro, Monchique');
INSERT INTO zona VALUES ('Alameda Dom Afonso Henriques, Junto 2');
INSERT INTO zona VALUES ('Campas das Mártires da Pátria');
INSERT INTO zona VALUES ('Estrada de Benfica, Junto 662 A');
INSERT INTO zona VALUES ('Rua Viriato, Passeio central  junto Avenida Cinco de Outubro');
INSERT INTO zona VALUES ('Campo Pequeno');
INSERT INTO zona VALUES ('Passeio dos Heróis do Mar, Passeio do Tejo');
INSERT INTO zona VALUES ('Avenida do Uruguai, Junto Rua Dr. Pereira Bernardes');
INSERT INTO zona VALUES ('Campo Grande');
INSERT INTO zona VALUES ('Avenida Almirante Reis, Junto 141');
INSERT INTO zona VALUES ('Largo do Carmo, Placa Central');
INSERT INTO zona VALUES ('Miradouro Sophia Mello Breyner Andresen, junto Jardim Augusto Gil');
INSERT INTO zona VALUES ('Rua Ferreira Borges, Junto 12 A');
INSERT INTO zona VALUES ('Rua da Junqueira, Junto Travessa da Guarda');
INSERT INTO zona VALUES ('Praça Paiva Couceiro, junto 6');
INSERT INTO zona VALUES ('Avenida do Uruguai, Junto 30 A');
INSERT INTO zona VALUES ('Avenida Infante Dom Henrique, Acesso estação fluvial');
INSERT INTO zona VALUES ('Avenida Duque de Loulé, Junto 125');
INSERT INTO zona VALUES ('Rua da Assunção, Frente 57');
INSERT INTO zona VALUES ('Avenida Fontes Pereira de Melo, Junto Rua Pinheiro Chagas');
INSERT INTO zona VALUES ('Avenida da Liberdade, Passeio Central, frente 117');
INSERT INTO zona VALUES ('Avenida Gomes Pereira, Frente 61 A');
INSERT INTO zona VALUES ('Avenida do Brasil, Junto Avenida de Roma');
INSERT INTO zona VALUES ('Praça do Príncipe Real');
INSERT INTO zona VALUES ('Avenida da Igreja, Frente 32');
INSERT INTO zona VALUES ('Rua Castilho, Junto 90');
INSERT INTO zona VALUES ('Rua Andrade Corvo, Junto 10');
INSERT INTO zona VALUES ('Avenida Almirante Reis, Junto 1');
INSERT INTO zona VALUES ('Rua José Estêvão, No jardim Constantino, passeio oposto frente 129');
INSERT INTO zona VALUES ('Largo do Rato, Frente 4');
INSERT INTO zona VALUES ('Estrada dos Arneiros, Junto Rua Elvira Velez');
INSERT INTO zona VALUES ('Avenida Infante Santo, Junto 347');
INSERT INTO zona VALUES ('Avenida Infante Dom Henrique, Junto CP  Estação Santa Apolónia');
INSERT INTO zona VALUES ('Rua Carlos Testa, Junto 3 A');
INSERT INTO zona VALUES ('Avenida Cinco de Outubro, Passeio Central  junto Rua Pinheiro Chagas');
INSERT INTO zona VALUES ('Rua João Frederico Ludovice, Frente 6 B');
INSERT INTO zona VALUES ('Estrada do Calhariz de Benfica, Junto Rua José da Purificação Chaves');
INSERT INTO zona VALUES ('Rua Prof. Sousa da Câmara, Junto Avenida Engenheiro Duarte Pacheco');
INSERT INTO zona VALUES ('Avenida da Liberdade, placa central, frente 77');
INSERT INTO zona VALUES ('Avenida Dom Carlos I, Frente 42  B');
INSERT INTO zona VALUES ('Avenida Cinco de Outubro, Passeio Central  frente 168');
INSERT INTO zona VALUES ('Rua Aquiles Machado, Junto lote 1');
INSERT INTO zona VALUES ('Alameda das Linhas de Torres, Quiosque Carris');
INSERT INTO zona VALUES ('Campo Grande, Frente 1B (Entrecampos)');
INSERT INTO zona VALUES ('Avenida Infante Dom Henrique, Junto Estação Sul e Sueste');

INSERT INTO vigia VALUES ('Largo do Carmo, Placa Central', '1');
INSERT INTO vigia VALUES ('Avenida Fontes Pereira de Melo, Junto Rua Pinheiro Chagas', '2');
INSERT INTO vigia VALUES ('Oliveira do Hospital', '3');
INSERT INTO vigia VALUES ('Alameda das Linhas de Torres, Quiosque Carris', '4');
INSERT INTO vigia VALUES ('Avenida Miguel Bombarda, Frente 68- jardim', '5');
INSERT INTO vigia VALUES ('Rua Carvalho Araújo, Junto Largo Mendonça e Costa', '6');
INSERT INTO vigia VALUES ('Travessa da Praça, Junto 12', '7');
INSERT INTO vigia VALUES ('Avenida da Liberdade, Passeio Central,  frente 36 A', '8');
INSERT INTO vigia VALUES ('Avenida da Liberdade, Passeio Central, frente 117', '9');
INSERT INTO vigia VALUES ('Praça do Império, Frente Mosteiro dos Jerónimos', '10');
INSERT INTO vigia VALUES ('Avenida Cinco de Outubro, Passeio Central  junto Rua Pinheiro Chagas', '11');
INSERT INTO vigia VALUES ('Travessa da Praça, Junto 12', '12');
INSERT INTO vigia VALUES ('Avenida da Liberdade, placa central, frente 77', '13');
INSERT INTO vigia VALUES ('Avenida do Uruguai, Junto 30 A', '14');
INSERT INTO vigia VALUES ('Estrada do Calhariz de Benfica, Junto Rua José da Purificação Chaves', '15');
INSERT INTO vigia VALUES ('Avenida Dom Rodrigo da Cunha, Junto 8', '16');
INSERT INTO vigia VALUES ('Rua João Frederico Ludovice, Frente 6 B', '17');
INSERT INTO vigia VALUES ('Rua José Estêvão, No jardim Constantino, passeio oposto frente 129', '18');
INSERT INTO vigia VALUES ('Rua de São Nicolau, Frente 98', '19');
INSERT INTO vigia VALUES ('Rua Barata Salgueiro, Junto 26 A', '20');
INSERT INTO vigia VALUES ('Rua Castilho, Junto 90', '21');
INSERT INTO vigia VALUES ('Praça das Flores, Jardim', '22');
INSERT INTO vigia VALUES ('Rua Castilho, Junto 90', '23');
INSERT INTO vigia VALUES ('Avenida Afonso Costa, Junto 6', '24');
INSERT INTO vigia VALUES ('Rua da Junqueira, Junto Travessa da Guarda', '25');
INSERT INTO vigia VALUES ('Avenida da Liberdade, Frente 45', '26');
INSERT INTO vigia VALUES ('Rua Barata Salgueiro, Junto 26 A', '27');
INSERT INTO vigia VALUES ('Rua Ferreira de Castro(antiga Rua E da Zona N1 de Chelas), Frente Lote 316', '28');
INSERT INTO vigia VALUES ('Avenida Grão Vasco, Passeio central frente 32', '29');
INSERT INTO vigia VALUES ('Avenida de Roma, Frente 103', '30');
INSERT INTO vigia VALUES ('Avenida Afonso Costa, Junto 6', '31');
INSERT INTO vigia VALUES ('Campo Grande', '32');
INSERT INTO vigia VALUES ('Rua da Junqueira, Junto Travessa da Guarda', '33');
INSERT INTO vigia VALUES ('Avenida da Igreja, Frente 32', '34');
INSERT INTO vigia VALUES ('Avenida de Roma, Frente 9 C', '35');
INSERT INTO vigia VALUES ('Passeio dos Heróis do Mar, Passeio do Tejo', '36');
INSERT INTO vigia VALUES ('Avenida Afonso Costa, Junto 6', '37');
INSERT INTO vigia VALUES ('Avenida de Roma, Junto 3 A', '38');
INSERT INTO vigia VALUES ('Campo Grande', '39');
INSERT INTO vigia VALUES ('Rua Castilho, Junto 90', '40');
INSERT INTO vigia VALUES ('Estrada de Benfica, Junto 451A', '41');
INSERT INTO vigia VALUES ('Avenida Afonso Costa, Junto 6', '42');
INSERT INTO vigia VALUES ('Avenida Cinco de Outubro, Passeio Central  junto Rua Pinheiro Chagas', '43');
INSERT INTO vigia VALUES ('Avenida Infante Dom Henrique, Junto Estação Sul e Sueste', '44');
INSERT INTO vigia VALUES ('Rua do Cais de Alcântara, Junto Avenida Vinte e Quatro de Julho', '45');
INSERT INTO vigia VALUES ('Alameda das Linhas de Torres, Junto 251 A / 253', '46');
INSERT INTO vigia VALUES ('Avenida Almirante Reis, Junto 1', '47');
INSERT INTO vigia VALUES ('Estrada dos Arneiros, Junto Rua Elvira Velez', '48');
INSERT INTO vigia VALUES ('Avenida de Roma, Frente 103', '49');
INSERT INTO vigia VALUES ('Avenida do Brasil, Junto Avenida de Roma', '50');
INSERT INTO vigia VALUES ('Avenida de Roma, Frente 9 C', '51');
INSERT INTO vigia VALUES ('Avenida Infante Dom Henrique, Acesso estação fluvial', '52');
INSERT INTO vigia VALUES ('Cais do Sodré, Jardim Roque Gameiro', '53');
INSERT INTO vigia VALUES ('Campos Grandes', '54');
INSERT INTO vigia VALUES ('Avenida da Liberdade, Passeio Central, frente 117', '55');
INSERT INTO vigia VALUES ('Avenida do Uruguai, Junto Rua Dr. Pereira Bernardes', '56');
INSERT INTO vigia VALUES ('Praça das Flores, Jardim', '57');
INSERT INTO vigia VALUES ('Rua José Estêvão, No jardim Constantino, passeio oposto frente 129', '58');
INSERT INTO vigia VALUES ('Avenida Afonso Costa, Junto 6', '59');
INSERT INTO vigia VALUES ('Avenida Barbosa du Bocage, Passeio Central frente 3', '60');
INSERT INTO vigia VALUES ('Avenida Vinte e Quatro de Julho, S/N', '61');
INSERT INTO vigia VALUES ('Campas das Mártires da Pátria', '62');
INSERT INTO vigia VALUES ('Alameda das Linhas de Torres, Quiosque Carris', '63');
INSERT INTO vigia VALUES ('Circular Norte do Bairro da Encarnação, Junto Rua 1º Cabo José Martins Silvestre', '64');
INSERT INTO vigia VALUES ('Largo do Calhariz, Junto Rua da Rosa', '65');
INSERT INTO vigia VALUES ('Cais do Sodré, Jardim Roque Gameiro', '66');
INSERT INTO vigia VALUES ('Avenida da Liberdade, Frente 45', '67');
INSERT INTO vigia VALUES ('Praça do Império, Frente Mosteiro dos Jerónimos', '68');
INSERT INTO vigia VALUES ('Avenida Afonso III, Frente 59', '69');
INSERT INTO vigia VALUES ('Avenida Infante Dom Henrique, Junto CP  Estação Santa Apolónia', '70');
INSERT INTO vigia VALUES ('Rua Ferreira Borges, Junto 12 A', '71');
INSERT INTO vigia VALUES ('Rua Viriato, Passeio central  junto Avenida Cinco de Outubro', '72');
INSERT INTO vigia VALUES ('Avenida Guerra Junqueiro, Junto 2 B', '73');
INSERT INTO vigia VALUES ('Avenida Infante Santo, Junto 347', '74');
INSERT INTO vigia VALUES ('Rua Aquiles Machado, Junto lote 1', '75');
INSERT INTO vigia VALUES ('Alameda de Santo António dos Capuchos, Junto 6 A', '76');
INSERT INTO vigia VALUES ('Praça do Príncipe Real', '77');
INSERT INTO vigia VALUES ('Avenida Gomes Pereira, Junto 6', '78');
INSERT INTO vigia VALUES ('Campo dos Mártires da Pátria', '79');
INSERT INTO vigia VALUES ('Rua da Imprensa Nacional, Junto 116 F', '80');
INSERT INTO vigia VALUES ('Rua Barata Salgueiro, Junto 26 A', '81');
INSERT INTO vigia VALUES ('Campas das Mártires da Pátria', '82');
INSERT INTO vigia VALUES ('Avenida de Roma, Junto 3 A', '83');
INSERT INTO vigia VALUES ('Rua João Frederico Ludovice, Frente 6 B', '84');
INSERT INTO vigia VALUES ('Largo do Calhariz, Junto Rua da Rosa', '85');
INSERT INTO vigia VALUES ('Avenida Cinco de Outubro, Junto Avenida das Forças Armadas', '86');
INSERT INTO vigia VALUES ('Rua Aquiles Machado, Junto lote 1', '87');
INSERT INTO vigia VALUES ('Campos Grandes', '88');
INSERT INTO vigia VALUES ('Avenida Guerra Junqueiro, Junto 2 B', '89');
INSERT INTO vigia VALUES ('Rua Natália Correia, Junto Rua dos Sapadores', '90');
INSERT INTO vigia VALUES ('Estrada do Calhariz de Benfica, Junto Rua José da Purificação Chaves', '91');
INSERT INTO vigia VALUES ('Praça do Império, Frente Mosteiro dos Jerónimos', '92');
INSERT INTO vigia VALUES ('Rua Castilho, Junto 90', '93');
INSERT INTO vigia VALUES ('Estrada do Calhariz de Benfica, Junto Rua José da Purificação Chaves', '94');
INSERT INTO vigia VALUES ('Praça de Londres, Junto 12 C', '95');
INSERT INTO vigia VALUES ('Rua Paulo Renato(antiga Rua 1 à Estrada de Benfica), Placa central, frente 1 G', '96');
INSERT INTO vigia VALUES ('Rua Andrade Corvo, Junto 10', '97');
INSERT INTO vigia VALUES ('Avenida Almirante Reis, Junto 1', '98');
INSERT INTO vigia VALUES ('Cais do Sodré, Jardim Roque Gameiro', '99');
INSERT INTO vigia VALUES ('Avenida Miguel Bombarda, Frente 68- jardim', '100');

INSERT INTO processoSocorro VALUES ('0');
INSERT INTO processoSocorro VALUES ('1');
INSERT INTO processoSocorro VALUES ('2');
INSERT INTO processoSocorro VALUES ('3');
INSERT INTO processoSocorro VALUES ('4');
INSERT INTO processoSocorro VALUES ('5');
INSERT INTO processoSocorro VALUES ('6');
INSERT INTO processoSocorro VALUES ('7');
INSERT INTO processoSocorro VALUES ('8');
INSERT INTO processoSocorro VALUES ('9');
INSERT INTO processoSocorro VALUES ('10');
INSERT INTO processoSocorro VALUES ('11');
INSERT INTO processoSocorro VALUES ('12');
INSERT INTO processoSocorro VALUES ('13');
INSERT INTO processoSocorro VALUES ('14');
INSERT INTO processoSocorro VALUES ('15');
INSERT INTO processoSocorro VALUES ('16');
INSERT INTO processoSocorro VALUES ('17');
INSERT INTO processoSocorro VALUES ('18');
INSERT INTO processoSocorro VALUES ('19');
INSERT INTO processoSocorro VALUES ('20');
INSERT INTO processoSocorro VALUES ('21');
INSERT INTO processoSocorro VALUES ('22');
INSERT INTO processoSocorro VALUES ('23');
INSERT INTO processoSocorro VALUES ('24');
INSERT INTO processoSocorro VALUES ('25');
INSERT INTO processoSocorro VALUES ('26');
INSERT INTO processoSocorro VALUES ('27');
INSERT INTO processoSocorro VALUES ('28');
INSERT INTO processoSocorro VALUES ('29');
INSERT INTO processoSocorro VALUES ('30');
INSERT INTO processoSocorro VALUES ('31');
INSERT INTO processoSocorro VALUES ('32');
INSERT INTO processoSocorro VALUES ('33');
INSERT INTO processoSocorro VALUES ('34');
INSERT INTO processoSocorro VALUES ('35');
INSERT INTO processoSocorro VALUES ('36');
INSERT INTO processoSocorro VALUES ('37');
INSERT INTO processoSocorro VALUES ('38');
INSERT INTO processoSocorro VALUES ('39');
INSERT INTO processoSocorro VALUES ('40');
INSERT INTO processoSocorro VALUES ('41');
INSERT INTO processoSocorro VALUES ('42');
INSERT INTO processoSocorro VALUES ('43');
INSERT INTO processoSocorro VALUES ('44');
INSERT INTO processoSocorro VALUES ('45');
INSERT INTO processoSocorro VALUES ('46');
INSERT INTO processoSocorro VALUES ('47');
INSERT INTO processoSocorro VALUES ('48');
INSERT INTO processoSocorro VALUES ('49');
INSERT INTO processoSocorro VALUES ('50');
INSERT INTO processoSocorro VALUES ('51');
INSERT INTO processoSocorro VALUES ('52');
INSERT INTO processoSocorro VALUES ('53');
INSERT INTO processoSocorro VALUES ('54');
INSERT INTO processoSocorro VALUES ('55');
INSERT INTO processoSocorro VALUES ('56');
INSERT INTO processoSocorro VALUES ('57');
INSERT INTO processoSocorro VALUES ('58');
INSERT INTO processoSocorro VALUES ('59');
INSERT INTO processoSocorro VALUES ('60');
INSERT INTO processoSocorro VALUES ('61');
INSERT INTO processoSocorro VALUES ('62');
INSERT INTO processoSocorro VALUES ('63');
INSERT INTO processoSocorro VALUES ('64');
INSERT INTO processoSocorro VALUES ('65');
INSERT INTO processoSocorro VALUES ('66');
INSERT INTO processoSocorro VALUES ('67');
INSERT INTO processoSocorro VALUES ('68');
INSERT INTO processoSocorro VALUES ('69');
INSERT INTO processoSocorro VALUES ('70');
INSERT INTO processoSocorro VALUES ('71');
INSERT INTO processoSocorro VALUES ('72');
INSERT INTO processoSocorro VALUES ('73');
INSERT INTO processoSocorro VALUES ('74');
INSERT INTO processoSocorro VALUES ('75');
INSERT INTO processoSocorro VALUES ('76');
INSERT INTO processoSocorro VALUES ('77');
INSERT INTO processoSocorro VALUES ('78');
INSERT INTO processoSocorro VALUES ('79');
INSERT INTO processoSocorro VALUES ('80');
INSERT INTO processoSocorro VALUES ('81');
INSERT INTO processoSocorro VALUES ('82');
INSERT INTO processoSocorro VALUES ('83');
INSERT INTO processoSocorro VALUES ('84');
INSERT INTO processoSocorro VALUES ('85');
INSERT INTO processoSocorro VALUES ('86');
INSERT INTO processoSocorro VALUES ('87');
INSERT INTO processoSocorro VALUES ('88');
INSERT INTO processoSocorro VALUES ('89');
INSERT INTO processoSocorro VALUES ('90');
INSERT INTO processoSocorro VALUES ('91');
INSERT INTO processoSocorro VALUES ('92');
INSERT INTO processoSocorro VALUES ('93');
INSERT INTO processoSocorro VALUES ('94');
INSERT INTO processoSocorro VALUES ('95');
INSERT INTO processoSocorro VALUES ('96');
INSERT INTO processoSocorro VALUES ('97');
INSERT INTO processoSocorro VALUES ('98');
INSERT INTO processoSocorro VALUES ('99');
INSERT INTO processoSocorro VALUES ('100');

INSERT INTO eventoEmergencia VALUES ('Graça Fonseca','Praça de Londres, Junto 12 C','0','934904213','2018-08-12 22:20:00');
INSERT INTO eventoEmergencia VALUES ('António Moura','Avenida da Igreja, Frente 32','1','923373407','2018-08-12 12:20:00');
INSERT INTO eventoEmergencia VALUES ('Fernando Nogueira','Rua do Cais de Alcântara, Junto Avenida Vinte e Quatro de Julho','2','927386760','2018-08-12 22:21:00');
INSERT INTO eventoEmergencia VALUES ('Manuel Ferreira Teixeira','Avenida da Liberdade, Passeio Central,  frente 36 A','3','936660768','2018-08-12 21:16:00');
INSERT INTO eventoEmergencia VALUES ('Mário Raposo','Avenida de Roma, Frente 103','4','961846599','2018-08-12 03:10:00');
INSERT INTO eventoEmergencia VALUES ('Luís Barbosa','Avenida Cinco de Outubro, Passeio Central  junto Rua Pinheiro Chagas','5','964306597','2018-08-12 22:36:00');
INSERT INTO eventoEmergencia VALUES ('Adolfo Mesquita Nunes','Rua Dr. João Couto, Junto Avenida do Colégio Militar','6','968951299','2018-08-12 15:56:00');
INSERT INTO eventoEmergencia VALUES ('Fernando do Amaral','Avenida Gomes Pereira, Frente 61 A','7','923114055','2018-08-12 10:42:00');
INSERT INTO eventoEmergencia VALUES ('Luís Marques Mendes','Circular Norte do Bairro da Encarnação, Junto Rua 1º Cabo José Martins Silvestre','8','939698218','2018-08-12 09:37:00');
INSERT INTO eventoEmergencia VALUES ('Luís Amado','Largo do Rato, Frente 4','9','926461842','2018-08-12 01:36:00');
INSERT INTO eventoEmergencia VALUES ('Mário Raposo','Avenida de Roma, Frente 103','10','961846599','2018-08-12 23:05:00');
INSERT INTO eventoEmergencia VALUES ('Manuel Soares Costa','Rua Andrade Corvo, Junto 10','11','938013556','2018-08-12 16:10:00');
INSERT INTO eventoEmergencia VALUES ('António Maldonado Gonelha','Avenida do Uruguai, Junto Rua Dr. Pereira Bernardes','12','922538008','2018-08-12 09:34:00');
INSERT INTO eventoEmergencia VALUES ('Diamantino Durão','Avenida Guerra Junqueiro, Junto 2 B','13','969783586','2018-08-12 16:29:00');
INSERT INTO eventoEmergencia VALUES ('Henrique de Barros','Avenida Afonso III, Frente 59','14','924197800','2018-08-12 16:38:00');
INSERT INTO eventoEmergencia VALUES ('Basílio Horta','Estrada dos Arneiros, Junto Rua Elvira Velez','15','963348932','2018-08-12 03:49:00');
INSERT INTO eventoEmergencia VALUES ('Miguel José Ribeiro Cadilhe','Avenida Infante Dom Henrique, Acesso estação fluvial','16','966177799','2018-08-12 09:33:00');
INSERT INTO eventoEmergencia VALUES ('José António Vieira da Silva','Rua de Santana (Santana) à Lapa, Junto Avenida Infante Santo','17','932327199','2018-08-12 00:49:00');
INSERT INTO eventoEmergencia VALUES ('Mário Cristina de Sousa','Alameda das Linhas de Torres, Quiosque Carris','18','930027535','2018-08-12 15:14:00');
INSERT INTO eventoEmergencia VALUES ('Manuel Castro Almeida','Rua Barata Salgueiro, Junto 26 A','19','936604924','2018-08-12 09:10:00');
INSERT INTO eventoEmergencia VALUES ('Luís Braga da Cruz','Avenida de Roma, Frente 9 C','20','933625979','2018-08-12 03:45:00');
INSERT INTO eventoEmergencia VALUES ('Pedro Lynce','Monchique','21','924548402','2018-08-12 16:33:00');
INSERT INTO eventoEmergencia VALUES ('Carlos Melancia','Estrada de Benfica, Junto 662 A','22','920740766','2018-08-12 06:32:00');
INSERT INTO eventoEmergencia VALUES ('Álvaro Barreto','Campos Grandes','23','934869643','2018-08-12 17:29:00');
INSERT INTO eventoEmergencia VALUES ('Mário Sottomayor Cardia','Rua Prof. Fernando da Fonseca, Junto Rua Prof. Vieira de Almeida','24','962129388','2018-08-12 02:40:00');
INSERT INTO eventoEmergencia VALUES ('Luís Marques Guedes','Avenida Cinco de Outubro, Junto Avenida das Forças Armadas','25','936834629','2018-08-12 04:58:00');
INSERT INTO eventoEmergencia VALUES ('Helena Mesquita Ribeiro','Avenida Infante Dom Henrique, Junto Estação Sul e Sueste','26','937430433','2018-08-12 07:51:00');
INSERT INTO eventoEmergencia VALUES ('Joaquim Ferreira do Amaral','Alameda de Santo António dos Capuchos, Junto 6 A','27','924110629','2018-08-12 19:24:00');
INSERT INTO eventoEmergencia VALUES ('António Maldonado Gonelha','Avenida do Uruguai, Junto Rua Dr. Pereira Bernardes','28','922538008','2018-08-12 11:29:00');
INSERT INTO eventoEmergencia VALUES ('Manuel Ferreira Teixeira','Avenida da Liberdade, Passeio Central,  frente 36 A','29','936660768','2018-08-12 05:37:00');
INSERT INTO eventoEmergencia VALUES ('José António Vieira da Silva','Rua de Santana (Santana) à Lapa, Junto Avenida Infante Santo','30','932327199','2018-08-12 00:48:00');
INSERT INTO eventoEmergencia VALUES ('Manuel Caldeira Cabral','Praça do Império, Frente Mosteiro dos Jerónimos','31','932090215','2018-08-12 16:45:00');
INSERT INTO eventoEmergencia VALUES ('Miguel Poiares Maduro','Praça das Flores, Jardim','32','965864472','2018-08-12 05:04:00');
INSERT INTO eventoEmergencia VALUES ('Rui Pena','Miradouro Sophia Mello Breyner Andresen, junto Jardim Augusto Gil','33','921241883','2018-08-12 08:04:00');
INSERT INTO eventoEmergencia VALUES ('Jaime Gama','Avenida Almirante Reis, Junto 1','34','930290294','2018-08-12 13:36:00');
INSERT INTO eventoEmergencia VALUES ('Aníbal Cavaco Silva','Largo do Calhariz, Junto Rua da Rosa','35','966946420','2018-08-12 19:43:00');
INSERT INTO eventoEmergencia VALUES ('António Costa','Avenida Duque de Loulé, Junto 125','36','939026043','2018-08-12 09:10:00');
INSERT INTO eventoEmergencia VALUES ('Manuel Caldeira Cabral','Praça do Império, Frente Mosteiro dos Jerónimos','37','932090215','2018-08-12 17:08:00');
INSERT INTO eventoEmergencia VALUES ('Jorge Lacão','Avenida Vinte e Quatro de Julho, S/N','38','969540247','2018-08-12 12:32:00');
INSERT INTO eventoEmergencia VALUES ('Amílcar Theias','Rua Domingos Sequeira, Junto 30','39','937317456','2018-08-12 13:19:00');
INSERT INTO eventoEmergencia VALUES ('Emídio Guerreiro','Avenida Dom Rodrigo da Cunha, Junto 8','40','963337295','2018-08-12 07:04:00');
INSERT INTO eventoEmergencia VALUES ('Mário Cristina de Sousa','Alameda das Linhas de Torres, Quiosque Carris','41','930027535','2018-08-12 06:28:00');
INSERT INTO eventoEmergencia VALUES ('Ana Sofia Antunes','Rua Paulo Renato(antiga Rua 1 à Estrada de Benfica), Placa central, frente 1 G','42','939362924','2018-08-12 09:02:00');
INSERT INTO eventoEmergencia VALUES ('Adolfo Mesquita Nunes','Rua Dr. João Couto, Junto Avenida do Colégio Militar','43','968951299','2018-08-12 10:52:00');
INSERT INTO eventoEmergencia VALUES ('António Bagão Félix','Avenida da Liberdade, Passeio Central, frente 117','44','966615738','2018-08-12 09:52:00');
INSERT INTO eventoEmergencia VALUES ('Manuel Caldeira Cabral','Praça do Império, Frente Mosteiro dos Jerónimos','45','932090215','2018-08-12 12:14:00');
INSERT INTO eventoEmergencia VALUES ('Manuela Arcanjo','Rua Natália Correia, Junto Rua dos Sapadores','46','930327344','2018-08-12 05:19:00');
INSERT INTO eventoEmergencia VALUES ('José Sasportes','Oliveira do Hospital','47','927601805','2018-08-12 14:15:00');
INSERT INTO eventoEmergencia VALUES ('António Correia de Campos','Alameda Dom Afonso Henriques, Junto 2','48','926956434','2018-08-12 12:24:00');
INSERT INTO eventoEmergencia VALUES ('Luís Marques Guedes','Avenida Cinco de Outubro, Junto Avenida das Forças Armadas','49','936834629','2018-08-12 09:18:00');
INSERT INTO eventoEmergencia VALUES ('Luís Capoulas Santos','Campo Grande','50','927642859','2018-08-12 01:54:00');
INSERT INTO eventoEmergencia VALUES ('Luís Capoulas Santos','Campo Grande','51','927642859','2018-08-12 05:43:00');
INSERT INTO eventoEmergencia VALUES ('Manuel Caldeira Cabral','Praça do Império, Frente Mosteiro dos Jerónimos','52','932090215','2018-08-12 03:54:00');
INSERT INTO eventoEmergencia VALUES ('Fernando do Amaral','Avenida Gomes Pereira, Frente 61 A','53','923114055','2018-08-12 16:13:00');
INSERT INTO eventoEmergencia VALUES ('Filipe Lobo dÁvila','Avenida do Uruguai, Junto 30 A','54','934045417','2018-08-12 03:07:00');
INSERT INTO eventoEmergencia VALUES ('António Barreto','Avenida Miguel Bombarda, Frente 68- jardim','55','963056936','2018-08-12 02:10:00');
INSERT INTO eventoEmergencia VALUES ('António Moura','Avenida da Igreja, Frente 32','56','923373407','2018-08-12 17:50:00');
INSERT INTO eventoEmergencia VALUES ('Maria de Belém Roseira','Rua José Estêvão, No jardim Constantino, passeio oposto frente 129','57','927841568','2018-08-12 23:07:00');
INSERT INTO eventoEmergencia VALUES ('Francisco de Sousa Tavares','Rua da Assunção, Frente 57','58','924819684','2018-08-12 08:21:00');
INSERT INTO eventoEmergencia VALUES ('Luís Marques Mendes','Circular Norte do Bairro da Encarnação, Junto Rua 1º Cabo José Martins Silvestre','59','939698218','2018-08-12 01:01:00');
INSERT INTO eventoEmergencia VALUES ('António Moura','Avenida da Igreja, Frente 32','60','923373407','2018-08-12 05:07:00');
INSERT INTO eventoEmergencia VALUES ('Eurico Ferreira Nunes','Rua Maestro Frederico de Freitas, Junto 1 A','61','961688262','2018-08-12 23:35:00');
INSERT INTO eventoEmergencia VALUES ('Carlos Alberto Rosa','Avenida do Brasil, Junto Avenida de Roma','62','923385710','2018-08-12 18:31:00');
INSERT INTO eventoEmergencia VALUES ('Helena Mesquita Ribeiro','Avenida Infante Dom Henrique, Junto Estação Sul e Sueste','63','937430433','2018-08-12 00:53:00');
INSERT INTO eventoEmergencia VALUES ('Luís Mira Amaral','Praça Espanha, Terminal Rodoviário','64','967779539','2018-08-12 05:04:00');
INSERT INTO eventoEmergencia VALUES ('António Barreto','Avenida Miguel Bombarda, Frente 68- jardim','65','963056936','2018-08-12 20:05:00');
INSERT INTO eventoEmergencia VALUES ('Manuel Soares Costa','Rua Andrade Corvo, Junto 10','66','938013556','2018-08-12 01:59:00');
INSERT INTO eventoEmergencia VALUES ('José Leite Martins','Praça Luís de Camões, Placa Central','67','966148028','2018-08-12 10:22:00');
INSERT INTO eventoEmergencia VALUES ('Eurico Ferreira Nunes','Rua Maestro Frederico de Freitas, Junto 1 A','68','961688262','2018-08-12 17:49:00');
INSERT INTO eventoEmergencia VALUES ('Maria Luís Albuquerque','Rua Barata Salgueiro, Monchique','69','938692884','2018-08-12 09:59:00');
INSERT INTO eventoEmergencia VALUES ('Sérgio Silva Monteiro','Rua do Arco do Marquês de Alegrete, Frente 6 F','70','965309135','2018-08-12 17:12:00');
INSERT INTO eventoEmergencia VALUES ('Luís Barbosa','Avenida Cinco de Outubro, Passeio Central  frente 168','71','928063919','2018-08-12 15:45:00');
INSERT INTO eventoEmergencia VALUES ('Francisco Marcelo Curto','Travessa da Praça, Junto 12','72','923051043','2018-08-12 04:50:00');
INSERT INTO eventoEmergencia VALUES ('Ricardo Bayão Horta','Avenida da Liberdade, Frente 45','73','924777114','2018-08-12 22:19:00');
INSERT INTO eventoEmergencia VALUES ('Joaquim Ferreira do Amaral','Rua Fernando Namora, junto Rua Prof. João Barreira','74','922305832','2018-08-12 16:02:00');
INSERT INTO eventoEmergencia VALUES ('Raúl Junqueiro','Avenida Fontes Pereira de Melo, Junto Rua Pinheiro Chagas','75','928085418','2018-08-12 03:26:00');
INSERT INTO eventoEmergencia VALUES ('António Maldonado Gonelha','Rua da Junqueira, Junto Travessa da Guarda','76','938538742','2018-08-12 16:39:00');
INSERT INTO eventoEmergencia VALUES ('António Barreto','Avenida Miguel Bombarda, Frente 68- jardim','77','963056936','2018-08-12 02:45:00');
INSERT INTO eventoEmergencia VALUES ('Luís Mira Amaral','Praça Espanha, Terminal Rodoviário','78','967779539','2018-08-12 06:27:00');
INSERT INTO eventoEmergencia VALUES ('Luís Barbosa','Avenida Cinco de Outubro, Passeio Central  frente 168','79','928063919','2018-08-12 22:00:00');
INSERT INTO eventoEmergencia VALUES ('Manuel Castro Almeida','Rua Barata Salgueiro, Junto 26 A','80','936604924','2018-08-12 18:55:00');
INSERT INTO eventoEmergencia VALUES ('Maria de Belém Roseira','Rua José Estêvão, No jardim Constantino, passeio oposto frente 129','81','927841568','2018-08-12 09:59:00');
INSERT INTO eventoEmergencia VALUES ('Fernando do Amaral','Avenida Gomes Pereira, Frente 61 A','82','923114055','2018-08-12 23:43:00');
INSERT INTO eventoEmergencia VALUES ('António Correia de Campos','Alameda Dom Afonso Henriques, Junto 2','83','926956434','2018-08-12 07:57:00');
INSERT INTO eventoEmergencia VALUES ('Manuel Castro Almeida','Rua Barata Salgueiro, Junto 26 A','84','936604924','2018-08-12 16:41:00');
INSERT INTO eventoEmergencia VALUES ('Rui Machete','Praça Paiva Couceiro, junto 6','85','932866508','2018-08-12 07:46:00');
INSERT INTO eventoEmergencia VALUES ('Octávio Oliveira','Estrada do Calhariz de Benfica, Junto Rua José da Purificação Chaves','86','965367240','2018-08-12 01:41:00');
INSERT INTO eventoEmergencia VALUES ('Luís Marques Guedes','Avenida Cinco de Outubro, Junto Avenida das Forças Armadas','87','936834629','2018-08-12 12:15:00');
INSERT INTO eventoEmergencia VALUES ('Luís Barbosa','Avenida Cinco de Outubro, Passeio Central  junto Rua Pinheiro Chagas','88','964306597','2018-08-12 04:00:00');
INSERT INTO eventoEmergencia VALUES ('Maria Luís Albuquerque','Rua Barata Salgueiro, Monchique','89','938692884','2018-08-12 02:38:00');
INSERT INTO eventoEmergencia VALUES ('António Bagão Félix','Avenida da Liberdade, Passeio Central, frente 117','90','966615738','2018-08-12 21:54:00');
INSERT INTO eventoEmergencia VALUES ('Filipe Lobo dÁvila','Avenida do Uruguai, Junto 30 A','91','934045417','2018-08-12 10:40:00');
INSERT INTO eventoEmergencia VALUES ('Luís Valente de Oliveira','Rua Carvalho Araújo, Junto Largo Mendonça e Costa','92','929677102','2018-08-12 17:57:00');
INSERT INTO eventoEmergencia VALUES ('Francisco Nunes Correia','Estrada de Benfica, Junto 451A','93','934743113','2018-08-12 11:00:00');
INSERT INTO eventoEmergencia VALUES ('Paulo Pedroso','Avenida Dom Carlos I, Frente 42  B','94','965339789','2018-08-12 20:05:00');
INSERT INTO eventoEmergencia VALUES ('Pedro Pires de Miranda','Avenida dos Estados Unidos da América, Frente 44 A','95','922766879','2018-08-12 06:12:00');
INSERT INTO eventoEmergencia VALUES ('José António Vieira da Silva','Rua de Santana (Santana) à Lapa, Junto Avenida Infante Santo','96','932327199','2018-08-12 10:40:00');
INSERT INTO eventoEmergencia VALUES ('António Costa','Avenida Duque de Loulé, Junto 125','97','939026043','2018-08-12 13:07:00');
INSERT INTO eventoEmergencia VALUES ('António Serrano','Largo das Portas do Sol, Junto Beco de Santa Helena','98','922227088','2018-08-12 19:31:00');
INSERT INTO eventoEmergencia VALUES ('Helena Mesquita Ribeiro','Oliveira do Hospital','99','937430433','2018-08-12 22:14:00');

INSERT INTO entidadeMeio VALUES ('ENXGKMLRBM');
INSERT INTO entidadeMeio VALUES ('STTMPXFYKV');
INSERT INTO entidadeMeio VALUES ('OTEPEDYKWQ');
INSERT INTO entidadeMeio VALUES ('VVLNGXYUJD');
INSERT INTO entidadeMeio VALUES ('RHRHLBZQYM');
INSERT INTO entidadeMeio VALUES ('UYWNVKAGEX');
INSERT INTO entidadeMeio VALUES ('IEBDUSIRYM');
INSERT INTO entidadeMeio VALUES ('HOEAMRBTVG');
INSERT INTO entidadeMeio VALUES ('ZHLTQNSZMS');
INSERT INTO entidadeMeio VALUES ('YTPMDSEQXV');
INSERT INTO entidadeMeio VALUES ('JOBIPDGZAW');
INSERT INTO entidadeMeio VALUES ('AXKIWBVOFY');
INSERT INTO entidadeMeio VALUES ('CFKXGUNLMH');
INSERT INTO entidadeMeio VALUES ('ENPPZXKUJY');
INSERT INTO entidadeMeio VALUES ('UJVJBFEFZO');
INSERT INTO entidadeMeio VALUES ('PIFKZMSPRE');
INSERT INTO entidadeMeio VALUES ('SIJRCWIECA');
INSERT INTO entidadeMeio VALUES ('IJNBUWGNOZ');
INSERT INTO entidadeMeio VALUES ('HBGFNUNUAJ');
INSERT INTO entidadeMeio VALUES ('CKKPKKVQKA');
INSERT INTO entidadeMeio VALUES ('BIGHKUCMYE');
INSERT INTO entidadeMeio VALUES ('SOLMOEPSIN');
INSERT INTO entidadeMeio VALUES ('POQBUWETWA');
INSERT INTO entidadeMeio VALUES ('VYVTVXWZVD');
INSERT INTO entidadeMeio VALUES ('GKDWPZNFNF');
INSERT INTO entidadeMeio VALUES ('APWVICRWKB');
INSERT INTO entidadeMeio VALUES ('HTZGFDCKNU');
INSERT INTO entidadeMeio VALUES ('VRWHOQZXAP');
INSERT INTO entidadeMeio VALUES ('SLWMHDJCEF');
INSERT INTO entidadeMeio VALUES ('GWFSJPILRM');
INSERT INTO entidadeMeio VALUES ('EQETDSZEJF');
INSERT INTO entidadeMeio VALUES ('JGIWYABTIA');
INSERT INTO entidadeMeio VALUES ('HCJMEDIGDA');
INSERT INTO entidadeMeio VALUES ('FPEQKCPJKL');
INSERT INTO entidadeMeio VALUES ('FAEINVMYTV');
INSERT INTO entidadeMeio VALUES ('XYSNMGBWEG');
INSERT INTO entidadeMeio VALUES ('OZABZDYZIV');
INSERT INTO entidadeMeio VALUES ('VYUBXLLUMW');
INSERT INTO entidadeMeio VALUES ('SNCPJDSDZF');
INSERT INTO entidadeMeio VALUES ('OOERNLTYTI');
INSERT INTO entidadeMeio VALUES ('YGVVRFSDFI');
INSERT INTO entidadeMeio VALUES ('IEVMOZLYIM');
INSERT INTO entidadeMeio VALUES ('STBMCMFYSA');
INSERT INTO entidadeMeio VALUES ('NTBAXECVUN');
INSERT INTO entidadeMeio VALUES ('VYKDEAKTBH');
INSERT INTO entidadeMeio VALUES ('JDMATQOTTP');
INSERT INTO entidadeMeio VALUES ('AGZEVYEJAS');
INSERT INTO entidadeMeio VALUES ('WFSZLNLQON');
INSERT INTO entidadeMeio VALUES ('ZZKCLKMROA');
INSERT INTO entidadeMeio VALUES ('OXJWOGEWSN');
INSERT INTO entidadeMeio VALUES ('AXQKDHEXAF');
INSERT INTO entidadeMeio VALUES ('NEYXUAGEEC');
INSERT INTO entidadeMeio VALUES ('XFFOGEREYE');
INSERT INTO entidadeMeio VALUES ('RGXZCJACIS');
INSERT INTO entidadeMeio VALUES ('ZSQZCIQEYN');
INSERT INTO entidadeMeio VALUES ('XUQKSGJABD');
INSERT INTO entidadeMeio VALUES ('TXOKONKOSA');
INSERT INTO entidadeMeio VALUES ('HHPALPCTVR');
INSERT INTO entidadeMeio VALUES ('VHAXEOEDTI');
INSERT INTO entidadeMeio VALUES ('GCRKFTRFLB');
INSERT INTO entidadeMeio VALUES ('PIAHASONPW');
INSERT INTO entidadeMeio VALUES ('SYFSYACMVK');
INSERT INTO entidadeMeio VALUES ('EIXACVXCDO');
INSERT INTO entidadeMeio VALUES ('FKZXRFIBSX');
INSERT INTO entidadeMeio VALUES ('QYGSTNULGP');
INSERT INTO entidadeMeio VALUES ('YTBRRBLWFM');
INSERT INTO entidadeMeio VALUES ('IGDIQNIZLQ');
INSERT INTO entidadeMeio VALUES ('SSFGICXWYU');
INSERT INTO entidadeMeio VALUES ('MPNVBKNVGF');
INSERT INTO entidadeMeio VALUES ('LDNIEIFRAH');
INSERT INTO entidadeMeio VALUES ('TEXRCKRZMV');
INSERT INTO entidadeMeio VALUES ('KEOPBRAYDE');
INSERT INTO entidadeMeio VALUES ('XUDECIDLNZ');
INSERT INTO entidadeMeio VALUES ('KVAACAJSFI');
INSERT INTO entidadeMeio VALUES ('FPICXTIILB');
INSERT INTO entidadeMeio VALUES ('LICNQPAPQW');
INSERT INTO entidadeMeio VALUES ('YXSOKFIMWY');
INSERT INTO entidadeMeio VALUES ('RBJWQGORYA');
INSERT INTO entidadeMeio VALUES ('VEWVGRTICD');
INSERT INTO entidadeMeio VALUES ('XQJHESXVQN');
INSERT INTO entidadeMeio VALUES ('NQJWGNHQTO');
INSERT INTO entidadeMeio VALUES ('UCSHQTKLPC');
INSERT INTO entidadeMeio VALUES ('INOTUAWLDG');
INSERT INTO entidadeMeio VALUES ('WSGWLMFBHE');
INSERT INTO entidadeMeio VALUES ('GPIQKKXFJV');
INSERT INTO entidadeMeio VALUES ('WIESNNJSTJ');
INSERT INTO entidadeMeio VALUES ('LHGCSZFNJM');
INSERT INTO entidadeMeio VALUES ('IGKOCBHZBH');
INSERT INTO entidadeMeio VALUES ('BAOISNMIYR');
INSERT INTO entidadeMeio VALUES ('CTMHBWYOPD');
INSERT INTO entidadeMeio VALUES ('EFFJJCDSYX');
INSERT INTO entidadeMeio VALUES ('KCKDULGNFQ');
INSERT INTO entidadeMeio VALUES ('CJMFPBUKGU');
INSERT INTO entidadeMeio VALUES ('HUCYTSRJFJ');
INSERT INTO entidadeMeio VALUES ('MRBWIVKRAH');
INSERT INTO entidadeMeio VALUES ('HQRRMVAPZD');
INSERT INTO entidadeMeio VALUES ('DFQRPWVOLD');
INSERT INTO entidadeMeio VALUES ('GENAEWQHFG');
INSERT INTO entidadeMeio VALUES ('DXNQYROPPR');
INSERT INTO entidadeMeio VALUES ('ADMFJZNCMD');

INSERT INTO meio VALUES ('0','Delany','ENXGKMLRBM');
INSERT INTO meioCombate VALUES ('0','ENXGKMLRBM');
INSERT INTO meio VALUES ('1','Idrisse','STTMPXFYKV');
INSERT INTO meioApoio VALUES ('1','STTMPXFYKV');
INSERT INTO meio VALUES ('2','Almo','OTEPEDYKWQ');
INSERT INTO meioSocorro VALUES ('2','OTEPEDYKWQ');
INSERT INTO meio VALUES ('3','Assucena','VVLNGXYUJD');
INSERT INTO meioCombate VALUES ('3','VVLNGXYUJD');
INSERT INTO meio VALUES ('4','Lázaro','RHRHLBZQYM');
INSERT INTO meioApoio VALUES ('4','RHRHLBZQYM');
INSERT INTO meio VALUES ('5','Alan','UYWNVKAGEX');
INSERT INTO meioSocorro VALUES ('5','UYWNVKAGEX');
INSERT INTO meio VALUES ('6','Jivago','IEBDUSIRYM');
INSERT INTO meioCombate VALUES ('6','IEBDUSIRYM');
INSERT INTO meio VALUES ('7','Luan','HOEAMRBTVG');
INSERT INTO meioApoio VALUES ('7','HOEAMRBTVG');
INSERT INTO meio VALUES ('8','Olindo','ZHLTQNSZMS');
INSERT INTO meioSocorro VALUES ('8','ZHLTQNSZMS');
INSERT INTO meio VALUES ('9','Nadina','YTPMDSEQXV');
INSERT INTO meioCombate VALUES ('9','YTPMDSEQXV');
INSERT INTO meio VALUES ('10','Ruth','JOBIPDGZAW');
INSERT INTO meioApoio VALUES ('10','JOBIPDGZAW');
INSERT INTO meio VALUES ('11','Charifa','AXKIWBVOFY');
INSERT INTO meioSocorro VALUES ('11','AXKIWBVOFY');
INSERT INTO meio VALUES ('12','Luar','CFKXGUNLMH');
INSERT INTO meioCombate VALUES ('12','CFKXGUNLMH');
INSERT INTO meio VALUES ('13','Adonai','ENPPZXKUJY');
INSERT INTO meioApoio VALUES ('13','ENPPZXKUJY');
INSERT INTO meio VALUES ('14','Maria Laginha','UJVJBFEFZO');
INSERT INTO meioSocorro VALUES ('14','UJVJBFEFZO');
INSERT INTO meio VALUES ('15','Monique','PIFKZMSPRE');
INSERT INTO meioCombate VALUES ('15','PIFKZMSPRE');
INSERT INTO meio VALUES ('16','Luduigue','SIJRCWIECA');
INSERT INTO meioApoio VALUES ('16','SIJRCWIECA');
INSERT INTO meio VALUES ('17','Dolores','IJNBUWGNOZ');
INSERT INTO meioSocorro VALUES ('17','IJNBUWGNOZ');
INSERT INTO meio VALUES ('18','Loélia','HBGFNUNUAJ');
INSERT INTO meioCombate VALUES ('18','HBGFNUNUAJ');
INSERT INTO meio VALUES ('19','Maribel','CKKPKKVQKA');
INSERT INTO meioApoio VALUES ('19','CKKPKKVQKA');
INSERT INTO meio VALUES ('20','Sane','BIGHKUCMYE');
INSERT INTO meioSocorro VALUES ('20','BIGHKUCMYE');
INSERT INTO meio VALUES ('21','Nanete','SOLMOEPSIN');
INSERT INTO meioCombate VALUES ('21','SOLMOEPSIN');
INSERT INTO meio VALUES ('22','Joselene','POQBUWETWA');
INSERT INTO meioApoio VALUES ('22','POQBUWETWA');
INSERT INTO meio VALUES ('23','Isolina','VYVTVXWZVD');
INSERT INTO meioSocorro VALUES ('23','VYVTVXWZVD');
INSERT INTO meio VALUES ('24','Dalva','GKDWPZNFNF');
INSERT INTO meioCombate VALUES ('24','GKDWPZNFNF');
INSERT INTO meio VALUES ('25','Mireille','APWVICRWKB');
INSERT INTO meioApoio VALUES ('25','APWVICRWKB');
INSERT INTO meio VALUES ('26','Laurete','HTZGFDCKNU');
INSERT INTO meioSocorro VALUES ('26','HTZGFDCKNU');
INSERT INTO meio VALUES ('27','Murel','VRWHOQZXAP');
INSERT INTO meioCombate VALUES ('27','VRWHOQZXAP');
INSERT INTO meio VALUES ('28','Rego','SLWMHDJCEF');
INSERT INTO meioApoio VALUES ('28','SLWMHDJCEF');
INSERT INTO meio VALUES ('29','Naíma','GWFSJPILRM');
INSERT INTO meioSocorro VALUES ('29','GWFSJPILRM');
INSERT INTO meio VALUES ('30','Selene','EQETDSZEJF');
INSERT INTO meioCombate VALUES ('30','EQETDSZEJF');
INSERT INTO meio VALUES ('31','Haraldo','JGIWYABTIA');
INSERT INTO meioApoio VALUES ('31','JGIWYABTIA');
INSERT INTO meio VALUES ('32','Siddártha','HCJMEDIGDA');
INSERT INTO meioSocorro VALUES ('32','HCJMEDIGDA');
INSERT INTO meio VALUES ('33','Michael','FPEQKCPJKL');
INSERT INTO meioCombate VALUES ('33','FPEQKCPJKL');
INSERT INTO meio VALUES ('34','Aliçon','FAEINVMYTV');
INSERT INTO meioApoio VALUES ('34','FAEINVMYTV');
INSERT INTO meio VALUES ('35','Santelmo','XYSNMGBWEG');
INSERT INTO meioSocorro VALUES ('35','XYSNMGBWEG');
INSERT INTO meio VALUES ('36','Charlotte','OZABZDYZIV');
INSERT INTO meioCombate VALUES ('36','OZABZDYZIV');
INSERT INTO meio VALUES ('37','Rosebel','VYUBXLLUMW');
INSERT INTO meioApoio VALUES ('37','VYUBXLLUMW');
INSERT INTO meio VALUES ('38','Adeodato','SNCPJDSDZF');
INSERT INTO meioSocorro VALUES ('38','SNCPJDSDZF');
INSERT INTO meio VALUES ('39','Jossara','OOERNLTYTI');
INSERT INTO meioCombate VALUES ('39','OOERNLTYTI');
INSERT INTO meio VALUES ('40','Ilse','YGVVRFSDFI');
INSERT INTO meioApoio VALUES ('40','YGVVRFSDFI');
INSERT INTO meio VALUES ('41','Vaz','IEVMOZLYIM');
INSERT INTO meioSocorro VALUES ('41','IEVMOZLYIM');
INSERT INTO meio VALUES ('42','Aline','STBMCMFYSA');
INSERT INTO meioCombate VALUES ('42','STBMCMFYSA');
INSERT INTO meio VALUES ('43','Dolson','NTBAXECVUN');
INSERT INTO meioApoio VALUES ('43','NTBAXECVUN');
INSERT INTO meio VALUES ('44','Lindo','VYKDEAKTBH');
INSERT INTO meioSocorro VALUES ('44','VYKDEAKTBH');
INSERT INTO meio VALUES ('45','Sueva','JDMATQOTTP');
INSERT INTO meioCombate VALUES ('45','JDMATQOTTP');
INSERT INTO meio VALUES ('46','Nelson','AGZEVYEJAS');
INSERT INTO meioApoio VALUES ('46','AGZEVYEJAS');
INSERT INTO meio VALUES ('47','Tamagnini','WFSZLNLQON');
INSERT INTO meioSocorro VALUES ('47','WFSZLNLQON');
INSERT INTO meio VALUES ('48','Daiana','ZZKCLKMROA');
INSERT INTO meioCombate VALUES ('48','ZZKCLKMROA');
INSERT INTO meio VALUES ('49','Muriel','OXJWOGEWSN');
INSERT INTO meioApoio VALUES ('49','OXJWOGEWSN');
INSERT INTO meio VALUES ('50','Eduina','AXQKDHEXAF');
INSERT INTO meioSocorro VALUES ('50','AXQKDHEXAF');
INSERT INTO meio VALUES ('51','Zurita','NEYXUAGEEC');
INSERT INTO meioCombate VALUES ('51','NEYXUAGEEC');
INSERT INTO meio VALUES ('52','Miliana','XFFOGEREYE');
INSERT INTO meioApoio VALUES ('52','XFFOGEREYE');
INSERT INTO meio VALUES ('53','Nichal','RGXZCJACIS');
INSERT INTO meioSocorro VALUES ('53','RGXZCJACIS');
INSERT INTO meio VALUES ('54','Roclina','ZSQZCIQEYN');
INSERT INTO meioCombate VALUES ('54','ZSQZCIQEYN');
INSERT INTO meio VALUES ('55','Tarciso','XUQKSGJABD');
INSERT INTO meioApoio VALUES ('55','XUQKSGJABD');
INSERT INTO meio VALUES ('56','Adonias','TXOKONKOSA');
INSERT INTO meioSocorro VALUES ('56','TXOKONKOSA');
INSERT INTO meio VALUES ('57','Idiana','HHPALPCTVR');
INSERT INTO meioCombate VALUES ('57','HHPALPCTVR');
INSERT INTO meio VALUES ('58','Jim','VHAXEOEDTI');
INSERT INTO meioApoio VALUES ('58','VHAXEOEDTI');
INSERT INTO meio VALUES ('59','Maria da Paz','GCRKFTRFLB');
INSERT INTO meioSocorro VALUES ('59','GCRKFTRFLB');
INSERT INTO meio VALUES ('60','Lucilene','PIAHASONPW');
INSERT INTO meioCombate VALUES ('60','PIAHASONPW');
INSERT INTO meio VALUES ('61','Ivandro','SYFSYACMVK');
INSERT INTO meioApoio VALUES ('61','SYFSYACMVK');
INSERT INTO meio VALUES ('62','Lafaiete','EIXACVXCDO');
INSERT INTO meioSocorro VALUES ('62','EIXACVXCDO');
INSERT INTO meio VALUES ('63','Raien','FKZXRFIBSX');
INSERT INTO meioCombate VALUES ('63','FKZXRFIBSX');
INSERT INTO meio VALUES ('64','Ocília','QYGSTNULGP');
INSERT INTO meioApoio VALUES ('64','QYGSTNULGP');
INSERT INTO meio VALUES ('65','Maísa','YTBRRBLWFM');
INSERT INTO meioSocorro VALUES ('65','YTBRRBLWFM');
INSERT INTO meio VALUES ('66','Micael de Jesus','IGDIQNIZLQ');
INSERT INTO meioCombate VALUES ('66','IGDIQNIZLQ');
INSERT INTO meio VALUES ('67','Esperanço','SSFGICXWYU');
INSERT INTO meioApoio VALUES ('67','SSFGICXWYU');
INSERT INTO meio VALUES ('68','Temóteo','MPNVBKNVGF');
INSERT INTO meioSocorro VALUES ('68','MPNVBKNVGF');
INSERT INTO meio VALUES ('69','Daina','LDNIEIFRAH');
INSERT INTO meioCombate VALUES ('69','LDNIEIFRAH');
INSERT INTO meio VALUES ('70','Jovete','TEXRCKRZMV');
INSERT INTO meioApoio VALUES ('70','TEXRCKRZMV');
INSERT INTO meio VALUES ('71','Hetal','KEOPBRAYDE');
INSERT INTO meioSocorro VALUES ('71','KEOPBRAYDE');
INSERT INTO meio VALUES ('72','Clober','XUDECIDLNZ');
INSERT INTO meioCombate VALUES ('72','XUDECIDLNZ');
INSERT INTO meio VALUES ('73','Eurica','KVAACAJSFI');
INSERT INTO meioApoio VALUES ('73','KVAACAJSFI');
INSERT INTO meio VALUES ('74','Pépio','FPICXTIILB');
INSERT INTO meioSocorro VALUES ('74','FPICXTIILB');
INSERT INTO meio VALUES ('75','Conchita','LICNQPAPQW');
INSERT INTO meioCombate VALUES ('75','LICNQPAPQW');
INSERT INTO meio VALUES ('76','Concha','YXSOKFIMWY');
INSERT INTO meioApoio VALUES ('76','YXSOKFIMWY');
INSERT INTO meio VALUES ('77','Melánie','RBJWQGORYA');
INSERT INTO meioSocorro VALUES ('77','RBJWQGORYA');
INSERT INTO meio VALUES ('78','Lemuel','VEWVGRTICD');
INSERT INTO meioCombate VALUES ('78','VEWVGRTICD');
INSERT INTO meio VALUES ('79','Carmem','XQJHESXVQN');
INSERT INTO meioApoio VALUES ('79','XQJHESXVQN');
INSERT INTO meio VALUES ('80','Darine','NQJWGNHQTO');
INSERT INTO meioSocorro VALUES ('80','NQJWGNHQTO');
INSERT INTO meio VALUES ('81','Geir','UCSHQTKLPC');
INSERT INTO meioCombate VALUES ('81','UCSHQTKLPC');
INSERT INTO meio VALUES ('82','Lénia','INOTUAWLDG');
INSERT INTO meioApoio VALUES ('82','INOTUAWLDG');
INSERT INTO meio VALUES ('83','Karina','WSGWLMFBHE');
INSERT INTO meioSocorro VALUES ('83','WSGWLMFBHE');
INSERT INTO meio VALUES ('84','Natilia','GPIQKKXFJV');
INSERT INTO meioCombate VALUES ('84','GPIQKKXFJV');
INSERT INTO meio VALUES ('85','Fabiela','WIESNNJSTJ');
INSERT INTO meioApoio VALUES ('85','WIESNNJSTJ');
INSERT INTO meio VALUES ('86','Beatriz','LHGCSZFNJM');
INSERT INTO meioSocorro VALUES ('86','LHGCSZFNJM');
INSERT INTO meio VALUES ('87','Diosália','IGKOCBHZBH');
INSERT INTO meioCombate VALUES ('87','IGKOCBHZBH');
INSERT INTO meio VALUES ('88','Norma','BAOISNMIYR');
INSERT INTO meioApoio VALUES ('88','BAOISNMIYR');
INSERT INTO meio VALUES ('89','Guili','CTMHBWYOPD');
INSERT INTO meioSocorro VALUES ('89','CTMHBWYOPD');
INSERT INTO meio VALUES ('90','Maura','EFFJJCDSYX');
INSERT INTO meioCombate VALUES ('90','EFFJJCDSYX');
INSERT INTO meio VALUES ('91','Yola','KCKDULGNFQ');
INSERT INTO meioApoio VALUES ('91','KCKDULGNFQ');
INSERT INTO meio VALUES ('92','Cisaltina','CJMFPBUKGU');
INSERT INTO meioSocorro VALUES ('92','CJMFPBUKGU');
INSERT INTO meio VALUES ('93','Sisnando','HUCYTSRJFJ');
INSERT INTO meioCombate VALUES ('93','HUCYTSRJFJ');
INSERT INTO meio VALUES ('94','Amorita','MRBWIVKRAH');
INSERT INTO meioApoio VALUES ('94','MRBWIVKRAH');
INSERT INTO meio VALUES ('95','Seleso','HQRRMVAPZD');
INSERT INTO meioSocorro VALUES ('95','HQRRMVAPZD');
INSERT INTO meio VALUES ('96','Reinalda','DFQRPWVOLD');
INSERT INTO meioCombate VALUES ('96','DFQRPWVOLD');
INSERT INTO meio VALUES ('97','Brás','GENAEWQHFG');
INSERT INTO meioApoio VALUES ('97','GENAEWQHFG');
INSERT INTO meio VALUES ('98','Loide','DXNQYROPPR');
INSERT INTO meioSocorro VALUES ('98','DXNQYROPPR');
INSERT INTO meio VALUES ('99','Isalta','ADMFJZNCMD');
INSERT INTO meioCombate VALUES ('99','ADMFJZNCMD');

INSERT INTO transporta VALUES ('2','OTEPEDYKWQ','3','86');
INSERT INTO transporta VALUES ('5','UYWNVKAGEX','2','59');
INSERT INTO transporta VALUES ('8','ZHLTQNSZMS','4','35');
INSERT INTO transporta VALUES ('11','AXKIWBVOFY','0','19');
INSERT INTO transporta VALUES ('14','UJVJBFEFZO','5','33');
INSERT INTO transporta VALUES ('17','IJNBUWGNOZ','5','38');
INSERT INTO transporta VALUES ('20','BIGHKUCMYE','3','57');
INSERT INTO transporta VALUES ('23','VYVTVXWZVD','2','0');
INSERT INTO transporta VALUES ('26','HTZGFDCKNU','0','76');
INSERT INTO transporta VALUES ('29','GWFSJPILRM','3','14');
INSERT INTO transporta VALUES ('32','HCJMEDIGDA','3','26');
INSERT INTO transporta VALUES ('35','XYSNMGBWEG','0','45');
INSERT INTO transporta VALUES ('38','SNCPJDSDZF','1','51');
INSERT INTO transporta VALUES ('41','IEVMOZLYIM','4','55');
INSERT INTO transporta VALUES ('44','VYKDEAKTBH','2','70');
INSERT INTO transporta VALUES ('47','WFSZLNLQON','0','81');
INSERT INTO transporta VALUES ('50','AXQKDHEXAF','0','90');
INSERT INTO transporta VALUES ('53','RGXZCJACIS','1','81');
INSERT INTO transporta VALUES ('56','TXOKONKOSA','5','6');
INSERT INTO transporta VALUES ('59','GCRKFTRFLB','4','1');
INSERT INTO transporta VALUES ('62','EIXACVXCDO','1','88');
INSERT INTO transporta VALUES ('65','YTBRRBLWFM','5','96');
INSERT INTO transporta VALUES ('68','MPNVBKNVGF','4','48');
INSERT INTO transporta VALUES ('71','KEOPBRAYDE','0','90');
INSERT INTO transporta VALUES ('74','FPICXTIILB','4','65');
INSERT INTO transporta VALUES ('77','RBJWQGORYA','3','7');
INSERT INTO transporta VALUES ('80','NQJWGNHQTO','5','59');
INSERT INTO transporta VALUES ('83','WSGWLMFBHE','2','15');
INSERT INTO transporta VALUES ('86','LHGCSZFNJM','2','91');
INSERT INTO transporta VALUES ('89','CTMHBWYOPD','4','86');
INSERT INTO transporta VALUES ('92','CJMFPBUKGU','0','86');
INSERT INTO transporta VALUES ('95','HQRRMVAPZD','2','82');
INSERT INTO transporta VALUES ('98','DXNQYROPPR','3','39');

INSERT INTO alocado VALUES ('1','STTMPXFYKV','2','36');
INSERT INTO alocado VALUES ('4','RHRHLBZQYM','5','93');
INSERT INTO alocado VALUES ('7','HOEAMRBTVG','0','52');
INSERT INTO alocado VALUES ('10','JOBIPDGZAW','0','72');
INSERT INTO alocado VALUES ('13','ENPPZXKUJY','3','56');
INSERT INTO alocado VALUES ('16','SIJRCWIECA','2','83');
INSERT INTO alocado VALUES ('19','CKKPKKVQKA','2','42');
INSERT INTO alocado VALUES ('22','POQBUWETWA','1','28');
INSERT INTO alocado VALUES ('25','APWVICRWKB','3','40');
INSERT INTO alocado VALUES ('28','SLWMHDJCEF','5','28');
INSERT INTO alocado VALUES ('31','JGIWYABTIA','5','79');
INSERT INTO alocado VALUES ('34','FAEINVMYTV','1','22');
INSERT INTO alocado VALUES ('37','VYUBXLLUMW','0','3');
INSERT INTO alocado VALUES ('40','YGVVRFSDFI','0','2');
INSERT INTO alocado VALUES ('43','NTBAXECVUN','2','66');
INSERT INTO alocado VALUES ('46','AGZEVYEJAS','1','25');
INSERT INTO alocado VALUES ('49','OXJWOGEWSN','5','10');
INSERT INTO alocado VALUES ('52','XFFOGEREYE','5','84');
INSERT INTO alocado VALUES ('55','XUQKSGJABD','4','64');
INSERT INTO alocado VALUES ('58','VHAXEOEDTI','5','75');
INSERT INTO alocado VALUES ('61','SYFSYACMVK','3','9');
INSERT INTO alocado VALUES ('64','QYGSTNULGP','1','29');
INSERT INTO alocado VALUES ('67','SSFGICXWYU','0','23');
INSERT INTO alocado VALUES ('70','TEXRCKRZMV','0','12');
INSERT INTO alocado VALUES ('73','KVAACAJSFI','0','67');
INSERT INTO alocado VALUES ('76','YXSOKFIMWY','2','43');
INSERT INTO alocado VALUES ('79','XQJHESXVQN','4','52');
INSERT INTO alocado VALUES ('82','INOTUAWLDG','3','35');
INSERT INTO alocado VALUES ('85','WIESNNJSTJ','5','88');
INSERT INTO alocado VALUES ('88','BAOISNMIYR','2','35');
INSERT INTO alocado VALUES ('91','KCKDULGNFQ','5','55');
INSERT INTO alocado VALUES ('94','MRBWIVKRAH','2','34');
INSERT INTO alocado VALUES ('97','GENAEWQHFG','1','8');

INSERT INTO acciona VALUES ('0','ENXGKMLRBM','0');
INSERT INTO acciona VALUES ('0','ENXGKMLRBM','1');
INSERT INTO acciona VALUES ('1','STTMPXFYKV','1');
INSERT INTO acciona VALUES ('2','OTEPEDYKWQ','2');
INSERT INTO acciona VALUES ('3','VVLNGXYUJD','3');
INSERT INTO acciona VALUES ('4','RHRHLBZQYM','4');
INSERT INTO acciona VALUES ('5','UYWNVKAGEX','5');
INSERT INTO acciona VALUES ('6','IEBDUSIRYM','6');
INSERT INTO acciona VALUES ('7','HOEAMRBTVG','7');
INSERT INTO acciona VALUES ('8','ZHLTQNSZMS','8');
INSERT INTO acciona VALUES ('9','YTPMDSEQXV','9');
INSERT INTO acciona VALUES ('10','JOBIPDGZAW','10');
INSERT INTO acciona VALUES ('11','AXKIWBVOFY','11');
INSERT INTO acciona VALUES ('12','CFKXGUNLMH','12');
INSERT INTO acciona VALUES ('13','ENPPZXKUJY','13');
INSERT INTO acciona VALUES ('14','UJVJBFEFZO','14');
INSERT INTO acciona VALUES ('15','PIFKZMSPRE','15');
INSERT INTO acciona VALUES ('16','SIJRCWIECA','16');
INSERT INTO acciona VALUES ('17','IJNBUWGNOZ','17');
INSERT INTO acciona VALUES ('18','HBGFNUNUAJ','18');
INSERT INTO acciona VALUES ('19','CKKPKKVQKA','19');
INSERT INTO acciona VALUES ('20','BIGHKUCMYE','20');
INSERT INTO acciona VALUES ('21','SOLMOEPSIN','21');
INSERT INTO acciona VALUES ('22','POQBUWETWA','22');
INSERT INTO acciona VALUES ('23','VYVTVXWZVD','23');
INSERT INTO acciona VALUES ('24','GKDWPZNFNF','24');
INSERT INTO acciona VALUES ('25','APWVICRWKB','25');
INSERT INTO acciona VALUES ('26','HTZGFDCKNU','26');
INSERT INTO acciona VALUES ('27','VRWHOQZXAP','27');
INSERT INTO acciona VALUES ('28','SLWMHDJCEF','28');
INSERT INTO acciona VALUES ('29','GWFSJPILRM','29');
INSERT INTO acciona VALUES ('30','EQETDSZEJF','30');
INSERT INTO acciona VALUES ('31','JGIWYABTIA','31');
INSERT INTO acciona VALUES ('32','HCJMEDIGDA','32');
INSERT INTO acciona VALUES ('33','FPEQKCPJKL','33');
INSERT INTO acciona VALUES ('34','FAEINVMYTV','34');
INSERT INTO acciona VALUES ('35','XYSNMGBWEG','35');
INSERT INTO acciona VALUES ('36','OZABZDYZIV','36');
INSERT INTO acciona VALUES ('37','VYUBXLLUMW','37');
INSERT INTO acciona VALUES ('38','SNCPJDSDZF','38');
INSERT INTO acciona VALUES ('39','OOERNLTYTI','39');
INSERT INTO acciona VALUES ('40','YGVVRFSDFI','40');
INSERT INTO acciona VALUES ('41','IEVMOZLYIM','41');
INSERT INTO acciona VALUES ('42','STBMCMFYSA','42');
INSERT INTO acciona VALUES ('43','NTBAXECVUN','43');
INSERT INTO acciona VALUES ('44','VYKDEAKTBH','44');
INSERT INTO acciona VALUES ('45','JDMATQOTTP','45');
INSERT INTO acciona VALUES ('46','AGZEVYEJAS','46');
INSERT INTO acciona VALUES ('47','WFSZLNLQON','47');
INSERT INTO acciona VALUES ('48','ZZKCLKMROA','48');
INSERT INTO acciona VALUES ('49','OXJWOGEWSN','49');
INSERT INTO acciona VALUES ('50','AXQKDHEXAF','50');
INSERT INTO acciona VALUES ('51','NEYXUAGEEC','51');
INSERT INTO acciona VALUES ('52','XFFOGEREYE','52');
INSERT INTO acciona VALUES ('53','RGXZCJACIS','53');
INSERT INTO acciona VALUES ('54','ZSQZCIQEYN','54');
INSERT INTO acciona VALUES ('55','XUQKSGJABD','55');
INSERT INTO acciona VALUES ('56','TXOKONKOSA','56');
INSERT INTO acciona VALUES ('57','HHPALPCTVR','57');
INSERT INTO acciona VALUES ('58','VHAXEOEDTI','58');
INSERT INTO acciona VALUES ('59','GCRKFTRFLB','59');
INSERT INTO acciona VALUES ('60','PIAHASONPW','60');
INSERT INTO acciona VALUES ('61','SYFSYACMVK','61');
INSERT INTO acciona VALUES ('62','EIXACVXCDO','62');
INSERT INTO acciona VALUES ('63','FKZXRFIBSX','63');
INSERT INTO acciona VALUES ('64','QYGSTNULGP','64');
INSERT INTO acciona VALUES ('65','YTBRRBLWFM','65');
INSERT INTO acciona VALUES ('66','IGDIQNIZLQ','66');
INSERT INTO acciona VALUES ('67','SSFGICXWYU','67');
INSERT INTO acciona VALUES ('68','MPNVBKNVGF','68');
INSERT INTO acciona VALUES ('69','LDNIEIFRAH','69');
INSERT INTO acciona VALUES ('70','TEXRCKRZMV','70');
INSERT INTO acciona VALUES ('71','KEOPBRAYDE','71');
INSERT INTO acciona VALUES ('72','XUDECIDLNZ','72');
INSERT INTO acciona VALUES ('73','KVAACAJSFI','73');
INSERT INTO acciona VALUES ('74','FPICXTIILB','74');
INSERT INTO acciona VALUES ('75','LICNQPAPQW','75');
INSERT INTO acciona VALUES ('76','YXSOKFIMWY','76');
INSERT INTO acciona VALUES ('77','RBJWQGORYA','77');
INSERT INTO acciona VALUES ('78','VEWVGRTICD','78');
INSERT INTO acciona VALUES ('79','XQJHESXVQN','79');
INSERT INTO acciona VALUES ('80','NQJWGNHQTO','80');
INSERT INTO acciona VALUES ('81','UCSHQTKLPC','81');
INSERT INTO acciona VALUES ('82','INOTUAWLDG','82');
INSERT INTO acciona VALUES ('83','WSGWLMFBHE','83');
INSERT INTO acciona VALUES ('84','GPIQKKXFJV','84');
INSERT INTO acciona VALUES ('85','WIESNNJSTJ','85');
INSERT INTO acciona VALUES ('86','LHGCSZFNJM','86');
INSERT INTO acciona VALUES ('87','IGKOCBHZBH','87');
INSERT INTO acciona VALUES ('88','BAOISNMIYR','88');
INSERT INTO acciona VALUES ('89','CTMHBWYOPD','89');
INSERT INTO acciona VALUES ('90','EFFJJCDSYX','90');
INSERT INTO acciona VALUES ('91','KCKDULGNFQ','91');
INSERT INTO acciona VALUES ('92','CJMFPBUKGU','92');
INSERT INTO acciona VALUES ('93','HUCYTSRJFJ','93');
INSERT INTO acciona VALUES ('94','MRBWIVKRAH','94');
INSERT INTO acciona VALUES ('95','HQRRMVAPZD','95');
INSERT INTO acciona VALUES ('96','DFQRPWVOLD','96');
INSERT INTO acciona VALUES ('97','GENAEWQHFG','97');
INSERT INTO acciona VALUES ('98','DXNQYROPPR','98');
INSERT INTO acciona VALUES ('99','ADMFJZNCMD','99');
INSERT INTO acciona VALUES ('99','ADMFJZNCMD','100');

INSERT INTO coordenador VALUES ('0');
INSERT INTO coordenador VALUES ('1');
INSERT INTO coordenador VALUES ('2');
INSERT INTO coordenador VALUES ('3');
INSERT INTO coordenador VALUES ('4');
INSERT INTO coordenador VALUES ('5');
INSERT INTO coordenador VALUES ('6');
INSERT INTO coordenador VALUES ('7');
INSERT INTO coordenador VALUES ('8');
INSERT INTO coordenador VALUES ('9');
INSERT INTO coordenador VALUES ('10');
INSERT INTO coordenador VALUES ('11');
INSERT INTO coordenador VALUES ('12');
INSERT INTO coordenador VALUES ('13');
INSERT INTO coordenador VALUES ('14');
INSERT INTO coordenador VALUES ('15');
INSERT INTO coordenador VALUES ('16');
INSERT INTO coordenador VALUES ('17');
INSERT INTO coordenador VALUES ('18');
INSERT INTO coordenador VALUES ('19');
INSERT INTO coordenador VALUES ('20');
INSERT INTO coordenador VALUES ('21');
INSERT INTO coordenador VALUES ('22');
INSERT INTO coordenador VALUES ('23');
INSERT INTO coordenador VALUES ('24');
INSERT INTO coordenador VALUES ('25');
INSERT INTO coordenador VALUES ('26');
INSERT INTO coordenador VALUES ('27');
INSERT INTO coordenador VALUES ('28');
INSERT INTO coordenador VALUES ('29');
INSERT INTO coordenador VALUES ('30');
INSERT INTO coordenador VALUES ('31');
INSERT INTO coordenador VALUES ('32');
INSERT INTO coordenador VALUES ('33');
INSERT INTO coordenador VALUES ('34');
INSERT INTO coordenador VALUES ('35');
INSERT INTO coordenador VALUES ('36');
INSERT INTO coordenador VALUES ('37');
INSERT INTO coordenador VALUES ('38');
INSERT INTO coordenador VALUES ('39');
INSERT INTO coordenador VALUES ('40');
INSERT INTO coordenador VALUES ('41');
INSERT INTO coordenador VALUES ('42');
INSERT INTO coordenador VALUES ('43');
INSERT INTO coordenador VALUES ('44');
INSERT INTO coordenador VALUES ('45');
INSERT INTO coordenador VALUES ('46');
INSERT INTO coordenador VALUES ('47');
INSERT INTO coordenador VALUES ('48');
INSERT INTO coordenador VALUES ('49');
INSERT INTO coordenador VALUES ('50');
INSERT INTO coordenador VALUES ('51');
INSERT INTO coordenador VALUES ('52');
INSERT INTO coordenador VALUES ('53');
INSERT INTO coordenador VALUES ('54');
INSERT INTO coordenador VALUES ('55');
INSERT INTO coordenador VALUES ('56');
INSERT INTO coordenador VALUES ('57');
INSERT INTO coordenador VALUES ('58');
INSERT INTO coordenador VALUES ('59');
INSERT INTO coordenador VALUES ('60');
INSERT INTO coordenador VALUES ('61');
INSERT INTO coordenador VALUES ('62');
INSERT INTO coordenador VALUES ('63');
INSERT INTO coordenador VALUES ('64');
INSERT INTO coordenador VALUES ('65');
INSERT INTO coordenador VALUES ('66');
INSERT INTO coordenador VALUES ('67');
INSERT INTO coordenador VALUES ('68');
INSERT INTO coordenador VALUES ('69');
INSERT INTO coordenador VALUES ('70');
INSERT INTO coordenador VALUES ('71');
INSERT INTO coordenador VALUES ('72');
INSERT INTO coordenador VALUES ('73');
INSERT INTO coordenador VALUES ('74');
INSERT INTO coordenador VALUES ('75');
INSERT INTO coordenador VALUES ('76');
INSERT INTO coordenador VALUES ('77');
INSERT INTO coordenador VALUES ('78');
INSERT INTO coordenador VALUES ('79');
INSERT INTO coordenador VALUES ('80');
INSERT INTO coordenador VALUES ('81');
INSERT INTO coordenador VALUES ('82');
INSERT INTO coordenador VALUES ('83');
INSERT INTO coordenador VALUES ('84');
INSERT INTO coordenador VALUES ('85');
INSERT INTO coordenador VALUES ('86');
INSERT INTO coordenador VALUES ('87');
INSERT INTO coordenador VALUES ('88');
INSERT INTO coordenador VALUES ('89');
INSERT INTO coordenador VALUES ('90');
INSERT INTO coordenador VALUES ('91');
INSERT INTO coordenador VALUES ('92');
INSERT INTO coordenador VALUES ('93');
INSERT INTO coordenador VALUES ('94');
INSERT INTO coordenador VALUES ('95');
INSERT INTO coordenador VALUES ('96');
INSERT INTO coordenador VALUES ('97');
INSERT INTO coordenador VALUES ('98');
INSERT INTO coordenador VALUES ('99');

INSERT INTO audita VALUES ('0','0','ENXGKMLRBM','0','2018-08-12 08:32:00','2018-08-12 13:07:00','2018-11-01 00:00:00','UHOSWMJLQQHZNLXTBDOIYXKZCUPCWYDLHRFQSPKA');
INSERT INTO audita VALUES ('1','1','STTMPXFYKV','1','2018-08-12 01:21:00','2018-08-12 21:36:00','2018-11-01 00:00:00','GCXLDDHUGNBXHQUGLJGWGBQSKVYHENSAAXZWLJXF');
INSERT INTO audita VALUES ('2','2','OTEPEDYKWQ','2','2018-08-12 00:03:00','2018-08-12 13:08:00','2018-11-01 00:00:00','PKNNKYHCLVGEXWBMTKXZUNXYVHKGLCUMTZQCIOPK');
INSERT INTO audita VALUES ('3','3','VVLNGXYUJD','3','2018-08-12 08:35:00','2018-08-12 20:48:00','2018-11-01 00:00:00','KKOUQQIFZVIDACNAJPMJWNBLEXTJMGFCRSNVSUHJ');
INSERT INTO audita VALUES ('4','4','RHRHLBZQYM','4','2018-08-12 08:58:00','2018-08-12 21:44:00','2018-11-01 00:00:00','ZGJGZKIDANFBKXEPORVXTSHGTJTGMFMMDRAUGXZO');
INSERT INTO audita VALUES ('5','5','UYWNVKAGEX','5','2018-08-12 05:29:00','2018-08-12 17:47:00','2018-11-01 00:00:00','UQEJKOIMILFPJBGIFRADICBBQPRATDWWQSYFOBDM');
INSERT INTO audita VALUES ('6','6','IEBDUSIRYM','6','2018-08-12 06:08:00','2018-08-12 14:30:00','2018-11-01 00:00:00','EUULELFCAMSKTTDLCGRGFMDPWLVULWSJZQAIFHYJ');
INSERT INTO audita VALUES ('7','7','HOEAMRBTVG','7','2018-08-12 06:21:00','2018-08-12 20:35:00','2018-11-01 00:00:00','LCHBBMLLHMMCIZZVJYUEADLZECTQJWTCQJPXMGTV');
INSERT INTO audita VALUES ('8','8','ZHLTQNSZMS','8','2018-08-12 04:54:00','2018-08-12 13:54:00','2018-11-01 00:00:00','CGIQXWFHMQXNAETUYCRPVNSVPOAVNVWSKIAJFIEF');
INSERT INTO audita VALUES ('9','9','YTPMDSEQXV','9','2018-08-12 03:33:00','2018-08-12 16:43:00','2018-11-01 00:00:00','HSQSYTOYAYOQNUJJPHUDFNBYRAUZYPATCPSBYSXT');
INSERT INTO audita VALUES ('10','10','JOBIPDGZAW','10','2018-08-12 07:52:00','2018-08-12 16:06:00','2018-11-01 00:00:00','XRQJKGGEUPEAIIMFDRKKYXQGJQQFQZSFFGGDUWHX');
INSERT INTO audita VALUES ('11','11','AXKIWBVOFY','11','2018-08-12 02:15:00','2018-08-12 22:41:00','2018-11-01 00:00:00','IFDSFHEMLMHXFVSAHADHTILZHBQWQNWIFZDWTNAQ');
INSERT INTO audita VALUES ('12','12','CFKXGUNLMH','12','2018-08-12 09:40:00','2018-08-12 19:28:00','2018-11-01 00:00:00','IBLCKGAJRCVJKCHWEVCYXWHHVFUZGPUGCIZLLFCA');
INSERT INTO audita VALUES ('13','13','ENPPZXKUJY','13','2018-08-12 01:31:00','2018-08-12 17:20:00','2018-11-01 00:00:00','EMONPYRTLDYIXRDXRYIJXPXDNMZYRDUHRMDGFPPX');
INSERT INTO audita VALUES ('14','14','UJVJBFEFZO','14','2018-08-12 03:39:00','2018-08-12 18:25:00','2018-11-01 00:00:00','DCRKVIBVPPECPALAOZZVPDSFQTCWRVIAVSNZMCTL');
INSERT INTO audita VALUES ('15','15','PIFKZMSPRE','15','2018-08-12 08:11:00','2018-08-12 19:19:00','2018-11-01 00:00:00','WNMEPSCYAMXDTMAGPZILMTLJARPNHKOOAXJMTOZR');
INSERT INTO audita VALUES ('16','16','SIJRCWIECA','16','2018-08-12 05:30:00','2018-08-12 17:47:00','2018-11-01 00:00:00','YUKLPTLQUETIPPFHPKTMJNBDGZCPDLWRXQTJOPMA');
INSERT INTO audita VALUES ('17','17','IJNBUWGNOZ','17','2018-08-12 09:25:00','2018-08-12 18:48:00','2018-11-01 00:00:00','JSTSQONWVSRXIXIVPTMINPVHXPISYKNGACXSPPHA');
INSERT INTO audita VALUES ('18','18','HBGFNUNUAJ','18','2018-08-12 09:15:00','2018-08-12 18:37:00','2018-11-01 00:00:00','CATWHYQNIBVRWWGKZGYAMMQZEDYSBWFFZWKVWWAO');
INSERT INTO audita VALUES ('19','19','CKKPKKVQKA','19','2018-08-12 07:24:00','2018-08-12 22:47:00','2018-11-01 00:00:00','AEOQMBZQDEHGETFYAYARGMCUMXXGHDTLBPCTTYPI');
INSERT INTO audita VALUES ('20','20','BIGHKUCMYE','20','2018-08-12 07:29:00','2018-08-12 18:27:00','2018-11-01 00:00:00','SFVMBPLOFEQGTINPWIEXQKIFPEZINSEXBQRQIZGR');
INSERT INTO audita VALUES ('21','21','SOLMOEPSIN','21','2018-08-12 10:41:00','2018-08-12 14:49:00','2018-11-01 00:00:00','GDSAYNJCRUOBGPKPKTEGGAKPMWFZXSTBTIYUIVPX');
INSERT INTO audita VALUES ('22','22','POQBUWETWA','22','2018-08-12 03:18:00','2018-08-12 17:52:00','2018-11-01 00:00:00','NWSGDGCTDBTCKMQTITMIBYZEFZIJCPQQJOWAMAIC');
INSERT INTO audita VALUES ('23','23','VYVTVXWZVD','23','2018-08-12 00:14:00','2018-08-12 16:10:00','2018-11-01 00:00:00','YDNULSOUUTKBDOHINDINQNEVVOOWYNKZEUKMTVMW');
INSERT INTO audita VALUES ('24','24','GKDWPZNFNF','24','2018-08-12 10:07:00','2018-08-12 19:51:00','2018-11-01 00:00:00','HAVVNIYUYOGKGMWGOQKTPSSELGCDTVUHHYMDEHQQ');
INSERT INTO audita VALUES ('25','25','APWVICRWKB','25','2018-08-12 00:42:00','2018-08-12 16:05:00','2018-11-01 00:00:00','WCTEALODNZCKPEPFYENABIGVFHDFQQUMDDYFUEAI');
INSERT INTO audita VALUES ('26','26','HTZGFDCKNU','26','2018-08-12 10:05:00','2018-08-12 21:17:00','2018-11-01 00:00:00','WBXFPUWERDPINADUWGSNCZLGASQXPMTVDGWYMSQK');
INSERT INTO audita VALUES ('27','27','VRWHOQZXAP','27','2018-08-12 02:01:00','2018-08-12 22:22:00','2018-11-01 00:00:00','WZTYUPXOOQWNZJNELEGRUCXPBKPHBFTETTKKJBOO');
INSERT INTO audita VALUES ('28','28','SLWMHDJCEF','28','2018-08-12 10:01:00','2018-08-12 13:11:00','2018-11-01 00:00:00','IWBURQSCMHIDDXEOEXOVJUORMVJFNCQJJAYWRHVK');
INSERT INTO audita VALUES ('29','29','GWFSJPILRM','29','2018-08-12 05:07:00','2018-08-12 16:27:00','2018-11-01 00:00:00','FDMIOKJVWRMUDIFOQHNUTIBSFLKXBONXUXMAAJJP');
INSERT INTO audita VALUES ('30','30','EQETDSZEJF','30','2018-08-12 05:29:00','2018-08-12 21:33:00','2018-11-01 00:00:00','KYCHZQVNQQUFIRFQFAWHRNVPIOOLGMJHDIGSHSPR');
INSERT INTO audita VALUES ('31','31','JGIWYABTIA','31','2018-08-12 08:39:00','2018-08-12 16:52:00','2018-11-01 00:00:00','RVGFZTKEBHOBPNBWYZLILHMUUVDYHNHBIIEOJQJP');
INSERT INTO audita VALUES ('32','32','HCJMEDIGDA','32','2018-08-12 09:15:00','2018-08-12 17:17:00','2018-11-01 00:00:00','CAIZBSWIJREHSPYMFUDUWNUCENATLAUXJVYUOZIE');
INSERT INTO audita VALUES ('33','33','FPEQKCPJKL','33','2018-08-12 07:16:00','2018-08-12 20:28:00','2018-11-01 00:00:00','KFQMHOSVZFLHAGFXOUHEZZUKGUFEVKPQNQLUPQKY');
INSERT INTO audita VALUES ('34','34','FAEINVMYTV','34','2018-08-12 06:38:00','2018-08-12 18:22:00','2018-11-01 00:00:00','NEWNCSYECMSGMRFBEIEDEDRENGVSAXKSZYGPBZLT');
INSERT INTO audita VALUES ('35','35','XYSNMGBWEG','35','2018-08-12 00:17:00','2018-08-12 17:48:00','2018-11-01 00:00:00','QPJNVDEOSRMVTJIKVAUVNPRDKSAULSMXPRUYUIBO');
INSERT INTO audita VALUES ('36','36','OZABZDYZIV','36','2018-08-12 11:13:00','2018-08-12 16:33:00','2018-11-01 00:00:00','MTTCIQJYCRLGTHZBOHVZOGFVIOHTJLYBQBRALBOW');
INSERT INTO audita VALUES ('37','37','VYUBXLLUMW','37','2018-08-12 11:45:00','2018-08-12 22:08:00','2018-11-01 00:00:00','ZBOLINIKNWJRFUWJXGNDFEWZLTIECEJUPJAUQWKL');
INSERT INTO audita VALUES ('38','38','SNCPJDSDZF','38','2018-08-12 06:08:00','2018-08-12 14:18:00','2018-11-01 00:00:00','YZECEZWTIPAYHXZBPVDOZFKVGZPFAQFBADEOQAAE');
INSERT INTO audita VALUES ('39','39','OOERNLTYTI','39','2018-08-12 06:39:00','2018-08-12 20:52:00','2018-11-01 00:00:00','DZVCEBYQYQSVCRGJLIPKOPQIVGDWLURKARBAAWCI');
INSERT INTO audita VALUES ('40','40','YGVVRFSDFI','40','2018-08-12 11:10:00','2018-08-12 13:06:00','2018-11-01 00:00:00','GZKXJYUMFWFRNHVNARAXZRVJDFDLUEQAHNRNQZSX');
INSERT INTO audita VALUES ('41','41','IEVMOZLYIM','41','2018-08-12 01:34:00','2018-08-12 18:38:00','2018-11-01 00:00:00','MDQPHSYRBIHGVDUHPCQFHHQEGCEDJEFRHEKBWFYG');
INSERT INTO audita VALUES ('42','42','STBMCMFYSA','42','2018-08-12 07:30:00','2018-08-12 19:55:00','2018-11-01 00:00:00','DDISVZGKKVVJBBEBCKKCEMGDQGLEQWJVBISQAUTT');
INSERT INTO audita VALUES ('43','43','NTBAXECVUN','43','2018-08-12 00:39:00','2018-08-12 15:25:00','2018-11-01 00:00:00','BNRNSCMBQLMOMQMUFPMQLPBDZFQNUOOZEVGPQRER');
INSERT INTO audita VALUES ('44','44','VYKDEAKTBH','44','2018-08-12 11:32:00','2018-08-12 17:50:00','2018-11-01 00:00:00','NCDMACAUPJBGPKQUNFHSCSDCVDSSCFBMWQCIEIVG');
INSERT INTO audita VALUES ('45','45','JDMATQOTTP','45','2018-08-12 00:11:00','2018-08-12 16:24:00','2018-11-01 00:00:00','RPQYVIEEYRDRATEGHYQJPDIWJROCIDMLVXRLVRZU');
INSERT INTO audita VALUES ('46','46','AGZEVYEJAS','46','2018-08-12 10:32:00','2018-08-12 14:01:00','2018-11-01 00:00:00','UZRWLTIKCJYJQLVMYZDPJKFKIGMXDDDMYIKBGKUG');
INSERT INTO audita VALUES ('47','47','WFSZLNLQON','47','2018-08-12 00:41:00','2018-08-12 18:47:00','2018-11-01 00:00:00','VQCVBOAKEXTSMPPKJVXDTMJOMOGGGDALADASBSII');
INSERT INTO audita VALUES ('48','48','ZZKCLKMROA','48','2018-08-12 11:27:00','2018-08-12 22:50:00','2018-11-01 00:00:00','JTDVJMLBAANXAWQXKRTISTAWMAQBXVPNFSJJIGFD');
INSERT INTO audita VALUES ('49','49','OXJWOGEWSN','49','2018-08-12 00:37:00','2018-08-12 20:54:00','2018-11-01 00:00:00','CLPILQZNQQMEMKPBTIGSTLLXEKZCRJBMIXEIIGEC');
INSERT INTO audita VALUES ('50','50','AXQKDHEXAF','50','2018-08-12 01:08:00','2018-08-12 22:50:00','2018-11-01 00:00:00','NJVCHSFWAZWOLUETKPCRXFZCIEZOTCFEECUNXTSW');
INSERT INTO audita VALUES ('51','51','NEYXUAGEEC','51','2018-08-12 04:40:00','2018-08-12 22:23:00','2018-11-01 00:00:00','PYIPGLYPQBMOOMLZYJMDZAPPEFBTLEEHJBRFGBJT');
INSERT INTO audita VALUES ('52','52','XFFOGEREYE','52','2018-08-12 04:21:00','2018-08-12 22:01:00','2018-11-01 00:00:00','OZTYBLKACBAIUFWAYGNGOVPJARMTBGOHILYPSMNO');
INSERT INTO audita VALUES ('53','53','RGXZCJACIS','53','2018-08-12 08:13:00','2018-08-12 13:05:00','2018-11-01 00:00:00','MGHWQBNIAVTTQISFTVNXXPQPJNRXPCAIMECGTEGS');
INSERT INTO audita VALUES ('54','54','ZSQZCIQEYN','54','2018-08-12 06:03:00','2018-08-12 22:25:00','2018-11-01 00:00:00','OYXZRFBGBCQOBRXGGSWGONAQTBJPAXMJAPQKCXXU');
INSERT INTO audita VALUES ('55','55','XUQKSGJABD','55','2018-08-12 02:12:00','2018-08-12 22:00:00','2018-11-01 00:00:00','LLNZANCUSOVZGWUTRQXHPASVBOMMGAETSDGVMNEZ');
INSERT INTO audita VALUES ('56','56','TXOKONKOSA','56','2018-08-12 09:28:00','2018-08-12 16:15:00','2018-11-01 00:00:00','DDPKLZFHRHNVJVGNQABGAHQFJNBDSIFDUCCFACUX');
INSERT INTO audita VALUES ('57','57','HHPALPCTVR','57','2018-08-12 04:22:00','2018-08-12 14:51:00','2018-11-01 00:00:00','BJXHRYOXCCTGRSKYTCUXAIMYJGZQFVLXARBJXPNM');
INSERT INTO audita VALUES ('58','58','VHAXEOEDTI','58','2018-08-12 00:50:00','2018-08-12 18:45:00','2018-11-01 00:00:00','UIIOOSVEQJBYHLQJYDWVZIBMZYQDBWGRNOGJQNOD');
INSERT INTO audita VALUES ('59','59','GCRKFTRFLB','59','2018-08-12 07:44:00','2018-08-12 13:49:00','2018-11-01 00:00:00','CKACICJIXLNNCXFLQHGXKIWVLYPKOZDMCHMMXVKV');
INSERT INTO audita VALUES ('60','60','PIAHASONPW','60','2018-08-12 05:02:00','2018-08-12 15:35:00','2018-11-01 00:00:00','ZVCNIVQLCGHATUVNRMHTSLDAAJAVCRWZQJEJGRVH');
INSERT INTO audita VALUES ('61','61','SYFSYACMVK','61','2018-08-12 01:45:00','2018-08-12 17:30:00','2018-11-01 00:00:00','JRYYNPYXQYXGBAASZCSCOGKTPYPVMHUELOPSZFTN');
INSERT INTO audita VALUES ('62','62','EIXACVXCDO','62','2018-08-12 03:05:00','2018-08-12 17:33:00','2018-11-01 00:00:00','ZVWCRAYFTZIFSRCOXJOQWVHXZBVAEAPDVFAKBJQE');
INSERT INTO audita VALUES ('63','63','FKZXRFIBSX','63','2018-08-12 04:02:00','2018-08-12 16:29:00','2018-11-01 00:00:00','CMIYEVYRXAYAYZMQGUNAVMBVFCKBVWIPCMSAELHK');
INSERT INTO audita VALUES ('64','64','QYGSTNULGP','64','2018-08-12 10:10:00','2018-08-12 19:12:00','2018-11-01 00:00:00','BEAAYMBYAOPZYYQQPBFVOOJUOUISXOMAZVVJDZNL');
INSERT INTO audita VALUES ('65','65','YTBRRBLWFM','65','2018-08-12 10:55:00','2018-08-12 15:09:00','2018-11-01 00:00:00','ECUIHWLJLOOYHCWONEOGLUCTXLCRRCLEHFLEVTUX');
INSERT INTO audita VALUES ('66','66','IGDIQNIZLQ','66','2018-08-12 06:20:00','2018-08-12 17:36:00','2018-11-01 00:00:00','TLGZLGJKNCSCYNJWFSHNUTWEHKTQAELHLYUSZORF');
INSERT INTO audita VALUES ('67','67','SSFGICXWYU','67','2018-08-12 06:15:00','2018-08-12 21:48:00','2018-11-01 00:00:00','JAYYBFXMZBNLSLKXXITJJLVLPUPZSIEANJJMKXPX');
INSERT INTO audita VALUES ('68','68','MPNVBKNVGF','68','2018-08-12 07:56:00','2018-08-12 19:11:00','2018-11-01 00:00:00','PGKOLBGRAUZJQOERIFNRNPQKBBGMJGWJDQGRSDLM');
INSERT INTO audita VALUES ('69','69','LDNIEIFRAH','69','2018-08-12 01:25:00','2018-08-12 15:35:00','2018-11-01 00:00:00','AXROFZUNLDQYAVPIOUWCPWSICOAMDWNYTDZUQENW');
INSERT INTO audita VALUES ('70','70','TEXRCKRZMV','70','2018-08-12 05:08:00','2018-08-12 22:20:00','2018-11-01 00:00:00','IEIQFMNIXCSOPGPMRZQCWIWWWFMQBXXRZSDMGDQV');
INSERT INTO audita VALUES ('71','71','KEOPBRAYDE','71','2018-08-12 05:48:00','2018-08-12 22:44:00','2018-11-01 00:00:00','FCTARGYNQAKZJDXUHRJWQKKUACADUELXJRZTKYAA');
INSERT INTO audita VALUES ('72','72','XUDECIDLNZ','72','2018-08-12 06:49:00','2018-08-12 14:45:00','2018-11-01 00:00:00','QBFONMKXIWCNLYXUNBXJMMRIZGDTEAUTUJNXUQPL');
INSERT INTO audita VALUES ('73','73','KVAACAJSFI','73','2018-08-12 01:08:00','2018-08-12 18:18:00','2018-11-01 00:00:00','QTOSLBCJMPRHUNIFSJRODZVHQWKNECNEBWNARUXK');
INSERT INTO audita VALUES ('74','74','FPICXTIILB','74','2018-08-12 10:02:00','2018-08-12 16:03:00','2018-11-01 00:00:00','BMPMBQFVMFOWUMRPAJNTCKBPUXHZIDWQNDJMZYCY');
INSERT INTO audita VALUES ('75','75','LICNQPAPQW','75','2018-08-12 11:29:00','2018-08-12 15:18:00','2018-11-01 00:00:00','GERYRMDIFPFCOPPLYJZINHQUGKUXYVJCAGPAMMFR');
INSERT INTO audita VALUES ('76','76','YXSOKFIMWY','76','2018-08-12 09:56:00','2018-08-12 19:53:00','2018-11-01 00:00:00','JJPIBFEGZRWCMQFKKYLKTCWUMKTJXDJZRCEIMALH');
INSERT INTO audita VALUES ('77','77','RBJWQGORYA','77','2018-08-12 00:55:00','2018-08-12 16:24:00','2018-11-01 00:00:00','XOOUYZQPXOOEFDIWSRQAWKVSTTEAVCJSXPYCDLZS');
INSERT INTO audita VALUES ('78','78','VEWVGRTICD','78','2018-08-12 04:38:00','2018-08-12 19:00:00','2018-11-01 00:00:00','GKRBZDECXBAPYFYYJELBWZGGPHNEBPGEISMFWVKZ');
INSERT INTO audita VALUES ('79','79','XQJHESXVQN','79','2018-08-12 10:25:00','2018-08-12 18:16:00','2018-11-01 00:00:00','MQGAIJZATOKVJCFXDMSADSWQYDZEWFCIXKVHMHTG');
INSERT INTO audita VALUES ('80','80','NQJWGNHQTO','80','2018-08-12 02:51:00','2018-08-12 16:25:00','2018-11-01 00:00:00','DGJNXZRROEBETCBOVLPRLOIVLQLGADHUJRJKCTSF');
INSERT INTO audita VALUES ('81','81','UCSHQTKLPC','81','2018-08-12 03:41:00','2018-08-12 20:42:00','2018-11-01 00:00:00','KMEEGXGEBYWAFGKXEDDRMMYMSDZEJILVMQJDYBVK');
INSERT INTO audita VALUES ('82','82','INOTUAWLDG','82','2018-08-12 00:24:00','2018-08-12 18:09:00','2018-11-01 00:00:00','HTONIKSHBUYDKNMTBFYWZTHLRBGDGCIXLIUIXEBC');
INSERT INTO audita VALUES ('83','83','WSGWLMFBHE','83','2018-08-12 06:38:00','2018-08-12 14:20:00','2018-11-01 00:00:00','VCJFIMKGNKHVADHISABELBHDNESRYSYRGRBLAJXC');
INSERT INTO audita VALUES ('84','84','GPIQKKXFJV','84','2018-08-12 02:09:00','2018-08-12 20:51:00','2018-11-01 00:00:00','BCVCIKQNVWWOJVIEPBFJAAVZIQZAEOGNZMFAYJDM');
INSERT INTO audita VALUES ('85','85','WIESNNJSTJ','85','2018-08-12 04:23:00','2018-08-12 22:13:00','2018-11-01 00:00:00','XVDXYCTGAIIOYYVJIIWAHMPLUWSUGIOMBRNCHVQP');
INSERT INTO audita VALUES ('86','86','LHGCSZFNJM','86','2018-08-12 08:01:00','2018-08-12 18:51:00','2018-11-01 00:00:00','VKUZRGZFCKWPEFIJQTSNHZRZTDGOJJDKXBKHGTHX');
INSERT INTO audita VALUES ('87','87','IGKOCBHZBH','87','2018-08-12 11:07:00','2018-08-12 16:32:00','2018-11-01 00:00:00','UXCAKULLXHVZZMTGGGZRPOHPNJFIIYXZMRVKQLCQ');
INSERT INTO audita VALUES ('88','88','BAOISNMIYR','88','2018-08-12 06:53:00','2018-08-12 17:30:00','2018-11-01 00:00:00','TTFUJGLQGGAJGHKQXMUXORKMLIUGSYTXWALBTDLH');
INSERT INTO audita VALUES ('89','89','CTMHBWYOPD','89','2018-08-12 04:49:00','2018-08-12 14:53:00','2018-11-01 00:00:00','POOBQZQXWHXVADXDNEPCNSWADBGWZRPJCXNOVQNR');
INSERT INTO audita VALUES ('90','90','EFFJJCDSYX','90','2018-08-12 03:12:00','2018-08-12 18:12:00','2018-11-01 00:00:00','VQVMPKAHCLYRMUFAENAISXXEKKRKSEFKYYGNAJFE');
INSERT INTO audita VALUES ('91','91','KCKDULGNFQ','91','2018-08-12 00:33:00','2018-08-12 22:26:00','2018-11-01 00:00:00','AFXHWZAGWSGNCBCXYWSELWNTZZNLNQQFPJPYOUZC');
INSERT INTO audita VALUES ('92','92','CJMFPBUKGU','92','2018-08-12 06:55:00','2018-08-12 22:39:00','2018-11-01 00:00:00','UDPQHDZVIMJCYCJFQGKUPABMRVDOKZUWBARGOOCU');
INSERT INTO audita VALUES ('93','93','HUCYTSRJFJ','93','2018-08-12 04:33:00','2018-08-12 22:07:00','2018-11-01 00:00:00','CRTHRHIWMTMJGEHSIQGHYQVUUGWWELDPFKORAIGD');
INSERT INTO audita VALUES ('94','94','MRBWIVKRAH','94','2018-08-12 03:48:00','2018-08-12 14:00:00','2018-11-01 00:00:00','PTEQQTNZWMXBKDLGLMSNAFNJBDRWMUBORDHLBTOI');
INSERT INTO audita VALUES ('95','95','HQRRMVAPZD','95','2018-08-12 06:01:00','2018-08-12 18:37:00','2018-11-01 00:00:00','OYTHHJXSRHTRQPKDLMATXYTAEBMEIHGHHPZPJBWD');
INSERT INTO audita VALUES ('96','96','DFQRPWVOLD','96','2018-08-12 10:15:00','2018-08-12 21:29:00','2018-11-01 00:00:00','UJVTAUEPKLKXVAGJTQRCXBGMYUSFVEKDARBWASEE');
INSERT INTO audita VALUES ('97','97','GENAEWQHFG','97','2018-08-12 11:11:00','2018-08-12 21:43:00','2018-11-01 00:00:00','STIKCUJWYIJJSLBWOGSOLXSHNXXSYEUHJLWDOZNN');
INSERT INTO audita VALUES ('98','98','DXNQYROPPR','98','2018-08-12 03:35:00','2018-08-12 17:51:00','2018-11-01 00:00:00','WVBLBLNVGCNICEWXPYGYADVBDBOGPFNRIPIRKRHF');
INSERT INTO audita VALUES ('99','99','ADMFJZNCMD','100','2018-08-12 00:58:00','2018-08-12 21:08:00','2018-11-01 00:00:00','EROXGZYECBXHECMYKHJMSURVYTUZBJBQKQYTINUM');

INSERT INTO solicita VALUES ('30','2018-08-12 10:00:00','45','2018-08-12 10:00:00','2018-08-12 10:59:59');
INSERT INTO solicita VALUES ('30','2018-08-12 11:00:00','45','2018-08-12 11:00:00','2018-08-12 11:59:59');
INSERT INTO solicita VALUES ('30','2018-08-12 12:00:00','45','2018-08-12 12:00:00','2018-08-12 12:59:59');
INSERT INTO solicita VALUES ('30','2018-08-12 13:00:00','45','2018-08-12 13:00:00','2018-08-12 13:59:59');
INSERT INTO solicita VALUES ('30','2018-08-12 14:00:00','45','2018-08-12 14:00:00','2018-08-12 14:59:59');
INSERT INTO solicita VALUES ('30','2018-08-12 15:00:00','45','2018-08-12 15:00:00','2018-08-12 15:59:59');
INSERT INTO solicita VALUES ('30','2018-08-12 16:00:00','45','2018-08-12 16:00:00','2018-08-12 16:59:59');
INSERT INTO solicita VALUES ('30','2018-08-12 17:00:00','45','2018-08-12 17:00:00','2018-08-12 17:59:59');
INSERT INTO solicita VALUES ('30','2018-08-12 18:00:00','45','2018-08-12 18:00:00','2018-08-12 18:59:59');
INSERT INTO solicita VALUES ('30','2018-08-12 19:00:00','45','2018-08-12 19:00:00','2018-08-12 19:59:59');
INSERT INTO solicita VALUES ('30','2018-08-12 20:00:00','45','2018-08-12 20:00:00','2018-08-12 20:59:59');
INSERT INTO solicita VALUES ('30','2018-08-12 21:00:00','45','2018-08-12 21:00:00','2018-08-12 21:59:59');
INSERT INTO solicita VALUES ('30','2018-08-12 22:00:00','45','2018-08-12 22:00:00','2018-08-12 22:59:59');
INSERT INTO solicita VALUES ('30','2018-08-12 23:00:00','45','2018-08-12 23:00:00','2018-08-12 23:59:59');
INSERT INTO solicita VALUES ('30','2018-08-13 00:00:00','45','2018-08-13 00:00:00','2018-08-13 00:59:59');
INSERT INTO solicita VALUES ('30','2018-08-13 01:00:00','45','2018-08-13 01:00:00','2018-08-13 01:59:59');
INSERT INTO solicita VALUES ('30','2018-08-13 02:00:00','45','2018-08-13 02:00:00','2018-08-13 02:59:59');
INSERT INTO solicita VALUES ('30','2018-08-13 03:00:00','45','2018-08-13 03:00:00','2018-08-13 03:59:59');
INSERT INTO solicita VALUES ('30','2018-08-13 04:00:00','45','2018-08-13 04:00:00','2018-08-13 04:59:59');
INSERT INTO solicita VALUES ('30','2018-08-13 05:00:00','45','2018-08-13 05:00:00','2018-08-13 05:59:59');
INSERT INTO solicita VALUES ('30','2018-08-13 06:00:00','45','2018-08-13 06:00:00','2018-08-13 06:59:59');
INSERT INTO solicita VALUES ('30','2018-08-13 07:00:00','45','2018-08-13 07:00:00','2018-08-13 07:59:59');
INSERT INTO solicita VALUES ('30','2018-08-13 08:00:00','45','2018-08-13 08:00:00','2018-08-13 08:59:59');
INSERT INTO solicita VALUES ('30','2018-08-13 09:00:00','45','2018-08-13 09:00:00','2018-08-13 09:59:59');
INSERT INTO solicita VALUES ('30','2018-08-13 10:00:00','45','2018-08-13 10:00:00','2018-08-13 10:59:59');
INSERT INTO solicita VALUES ('30','2018-08-13 11:00:00','45','2018-08-13 11:00:00','2018-08-13 11:59:59');
INSERT INTO solicita VALUES ('30','2018-08-13 12:00:00','45','2018-08-13 12:00:00','2018-08-13 12:59:59');
INSERT INTO solicita VALUES ('30','2018-08-13 13:00:00','45','2018-08-13 13:00:00','2018-08-13 13:59:59');
INSERT INTO solicita VALUES ('30','2018-08-13 14:00:00','45','2018-08-13 14:00:00','2018-08-13 14:59:59');
INSERT INTO solicita VALUES ('30','2018-08-13 15:00:00','45','2018-08-13 15:00:00','2018-08-13 15:59:59');
INSERT INTO solicita VALUES ('10','2018-08-12 10:00:00','5','2018-08-12 10:00:00','2018-08-12 10:59:59');
INSERT INTO solicita VALUES ('10','2018-08-12 11:00:00','5','2018-08-12 11:00:00','2018-08-12 11:59:59');
INSERT INTO solicita VALUES ('10','2018-08-12 12:00:00','5','2018-08-12 12:00:00','2018-08-12 12:59:59');
INSERT INTO solicita VALUES ('10','2018-08-12 13:00:00','5','2018-08-12 13:00:00','2018-08-12 13:59:59');
INSERT INTO solicita VALUES ('10','2018-08-12 14:00:00','5','2018-08-12 14:00:00','2018-08-12 14:59:59');
INSERT INTO solicita VALUES ('10','2018-08-12 15:00:00','5','2018-08-12 15:00:00','2018-08-12 15:59:59');
INSERT INTO solicita VALUES ('10','2018-08-12 16:00:00','5','2018-08-12 16:00:00','2018-08-12 16:59:59');
INSERT INTO solicita VALUES ('10','2018-08-12 17:00:00','5','2018-08-12 17:00:00','2018-08-12 17:59:59');
INSERT INTO solicita VALUES ('10','2018-08-12 18:00:00','5','2018-08-12 18:00:00','2018-08-12 18:59:59');
INSERT INTO solicita VALUES ('10','2018-08-12 19:00:00','5','2018-08-12 19:00:00','2018-08-12 19:59:59');
INSERT INTO solicita VALUES ('10','2018-08-12 09:00:00','19','2018-08-12 09:00:00','2018-08-12 09:59:59');
INSERT INTO solicita VALUES ('10','2018-08-12 10:00:00','19','2018-08-12 10:00:00','2018-08-12 10:59:59');
INSERT INTO solicita VALUES ('10','2018-08-12 11:00:00','19','2018-08-12 11:00:00','2018-08-12 11:59:59');
INSERT INTO solicita VALUES ('10','2018-08-12 12:00:00','19','2018-08-12 12:00:00','2018-08-12 12:59:59');
INSERT INTO solicita VALUES ('10','2018-08-12 13:00:00','19','2018-08-12 13:00:00','2018-08-12 13:59:59');
INSERT INTO solicita VALUES ('10','2018-08-12 14:00:00','19','2018-08-12 14:00:00','2018-08-12 14:59:59');
INSERT INTO solicita VALUES ('10','2018-08-12 15:00:00','19','2018-08-12 15:00:00','2018-08-12 15:59:59');
INSERT INTO solicita VALUES ('10','2018-08-12 16:00:00','19','2018-08-12 16:00:00','2018-08-12 16:59:59');
INSERT INTO solicita VALUES ('10','2018-08-12 17:00:00','19','2018-08-12 17:00:00','2018-08-12 17:59:59');
INSERT INTO solicita VALUES ('10','2018-08-12 18:00:00','19','2018-08-12 18:00:00','2018-08-12 18:59:59');
INSERT INTO solicita VALUES ('30','2018-08-11 09:00:00','43','2018-08-11 09:00:00','2018-08-11 09:59:59');
INSERT INTO solicita VALUES ('30','2018-08-11 10:00:00','43','2018-08-11 10:00:00','2018-08-11 10:59:59');
INSERT INTO solicita VALUES ('30','2018-08-11 11:00:00','43','2018-08-11 11:00:00','2018-08-11 11:59:59');
INSERT INTO solicita VALUES ('30','2018-08-11 12:00:00','43','2018-08-11 12:00:00','2018-08-11 12:59:59');
INSERT INTO solicita VALUES ('30','2018-08-11 13:00:00','43','2018-08-11 13:00:00','2018-08-11 13:59:59');
INSERT INTO solicita VALUES ('30','2018-08-11 14:00:00','43','2018-08-11 14:00:00','2018-08-11 14:59:59');
INSERT INTO solicita VALUES ('30','2018-08-11 15:00:00','43','2018-08-11 15:00:00','2018-08-11 15:59:59');
INSERT INTO solicita VALUES ('30','2018-08-11 16:00:00','43','2018-08-11 16:00:00','2018-08-11 16:59:59');
INSERT INTO solicita VALUES ('30','2018-08-11 17:00:00','43','2018-08-11 17:00:00','2018-08-11 17:59:59');
INSERT INTO solicita VALUES ('30','2018-08-11 18:00:00','43','2018-08-11 18:00:00','2018-08-11 18:59:59');
INSERT INTO solicita VALUES ('30','2018-08-11 19:00:00','43','2018-08-11 19:00:00','2018-08-11 19:59:59');
INSERT INTO solicita VALUES ('30','2018-08-11 20:00:00','43','2018-08-11 20:00:00','2018-08-11 20:59:59');
INSERT INTO solicita VALUES ('30','2018-08-11 21:00:00','43','2018-08-11 21:00:00','2018-08-11 21:59:59');
INSERT INTO solicita VALUES ('30','2018-08-11 22:00:00','43','2018-08-11 22:00:00','2018-08-11 22:59:59');
INSERT INTO solicita VALUES ('30','2018-08-11 23:00:00','43','2018-08-11 23:00:00','2018-08-11 23:59:59');
INSERT INTO solicita VALUES ('30','2018-08-12 00:00:00','43','2018-08-12 00:00:00','2018-08-12 00:59:59');
INSERT INTO solicita VALUES ('30','2018-08-12 01:00:00','43','2018-08-12 01:00:00','2018-08-12 01:59:59');
INSERT INTO solicita VALUES ('30','2018-08-12 02:00:00','43','2018-08-12 02:00:00','2018-08-12 02:59:59');
INSERT INTO solicita VALUES ('30','2018-08-12 03:00:00','43','2018-08-12 03:00:00','2018-08-12 03:59:59');
INSERT INTO solicita VALUES ('30','2018-08-12 04:00:00','43','2018-08-12 04:00:00','2018-08-12 04:59:59');
INSERT INTO solicita VALUES ('30','2018-08-12 05:00:00','43','2018-08-12 05:00:00','2018-08-12 05:59:59');
INSERT INTO solicita VALUES ('30','2018-08-12 06:00:00','43','2018-08-12 06:00:00','2018-08-12 06:59:59');
INSERT INTO solicita VALUES ('30','2018-08-12 07:00:00','43','2018-08-12 07:00:00','2018-08-12 07:59:59');
INSERT INTO solicita VALUES ('30','2018-08-12 08:00:00','43','2018-08-12 08:00:00','2018-08-12 08:59:59');
INSERT INTO solicita VALUES ('30','2018-08-12 09:00:00','43','2018-08-12 09:00:00','2018-08-12 09:59:59');
INSERT INTO solicita VALUES ('30','2018-08-12 10:00:00','43','2018-08-12 10:00:00','2018-08-12 10:59:59');
INSERT INTO solicita VALUES ('30','2018-08-12 11:00:00','43','2018-08-12 11:00:00','2018-08-12 11:59:59');
INSERT INTO solicita VALUES ('30','2018-08-12 12:00:00','43','2018-08-12 12:00:00','2018-08-12 12:59:59');
INSERT INTO solicita VALUES ('30','2018-08-12 13:00:00','43','2018-08-12 13:00:00','2018-08-12 13:59:59');
INSERT INTO solicita VALUES ('30','2018-08-12 14:00:00','43','2018-08-12 14:00:00','2018-08-12 14:59:59');
INSERT INTO solicita VALUES ('50','2018-08-11 09:00:00','94','2018-08-11 09:00:00','2018-08-11 09:59:59');
INSERT INTO solicita VALUES ('50','2018-08-11 10:00:00','94','2018-08-11 10:00:00','2018-08-11 10:59:59');
INSERT INTO solicita VALUES ('50','2018-08-11 11:00:00','94','2018-08-11 11:00:00','2018-08-11 11:59:59');
INSERT INTO solicita VALUES ('50','2018-08-11 12:00:00','94','2018-08-11 12:00:00','2018-08-11 12:59:59');
INSERT INTO solicita VALUES ('50','2018-08-11 13:00:00','94','2018-08-11 13:00:00','2018-08-11 13:59:59');
INSERT INTO solicita VALUES ('50','2018-08-11 14:00:00','94','2018-08-11 14:00:00','2018-08-11 14:59:59');
INSERT INTO solicita VALUES ('50','2018-08-11 15:00:00','94','2018-08-11 15:00:00','2018-08-11 15:59:59');
INSERT INTO solicita VALUES ('50','2018-08-11 16:00:00','94','2018-08-11 16:00:00','2018-08-11 16:59:59');
INSERT INTO solicita VALUES ('50','2018-08-11 17:00:00','94','2018-08-11 17:00:00','2018-08-11 17:59:59');
INSERT INTO solicita VALUES ('50','2018-08-11 18:00:00','94','2018-08-11 18:00:00','2018-08-11 18:59:59');
INSERT INTO solicita VALUES ('50','2018-08-11 19:00:00','94','2018-08-11 19:00:00','2018-08-11 19:59:59');
INSERT INTO solicita VALUES ('50','2018-08-11 20:00:00','94','2018-08-11 20:00:00','2018-08-11 20:59:59');
INSERT INTO solicita VALUES ('50','2018-08-11 21:00:00','94','2018-08-11 21:00:00','2018-08-11 21:59:59');
INSERT INTO solicita VALUES ('50','2018-08-11 22:00:00','94','2018-08-11 22:00:00','2018-08-11 22:59:59');
INSERT INTO solicita VALUES ('50','2018-08-11 23:00:00','94','2018-08-11 23:00:00','2018-08-11 23:59:59');
INSERT INTO solicita VALUES ('50','2018-08-12 00:00:00','94','2018-08-12 00:00:00','2018-08-12 00:59:59');
INSERT INTO solicita VALUES ('50','2018-08-12 01:00:00','94','2018-08-12 01:00:00','2018-08-12 01:59:59');
INSERT INTO solicita VALUES ('50','2018-08-12 02:00:00','94','2018-08-12 02:00:00','2018-08-12 02:59:59');
INSERT INTO solicita VALUES ('50','2018-08-12 03:00:00','94','2018-08-12 03:00:00','2018-08-12 03:59:59');
INSERT INTO solicita VALUES ('50','2018-08-12 04:00:00','94','2018-08-12 04:00:00','2018-08-12 04:59:59');
INSERT INTO solicita VALUES ('50','2018-08-12 05:00:00','94','2018-08-12 05:00:00','2018-08-12 05:59:59');
INSERT INTO solicita VALUES ('50','2018-08-12 06:00:00','94','2018-08-12 06:00:00','2018-08-12 06:59:59');
INSERT INTO solicita VALUES ('50','2018-08-12 07:00:00','94','2018-08-12 07:00:00','2018-08-12 07:59:59');
INSERT INTO solicita VALUES ('50','2018-08-12 08:00:00','94','2018-08-12 08:00:00','2018-08-12 08:59:59');
INSERT INTO solicita VALUES ('50','2018-08-12 09:00:00','94','2018-08-12 09:00:00','2018-08-12 09:59:59');
INSERT INTO solicita VALUES ('50','2018-08-12 10:00:00','94','2018-08-12 10:00:00','2018-08-12 10:59:59');
INSERT INTO solicita VALUES ('50','2018-08-12 11:00:00','94','2018-08-12 11:00:00','2018-08-12 11:59:59');
INSERT INTO solicita VALUES ('50','2018-08-12 12:00:00','94','2018-08-12 12:00:00','2018-08-12 12:59:59');
INSERT INTO solicita VALUES ('50','2018-08-12 13:00:00','94','2018-08-12 13:00:00','2018-08-12 13:59:59');
INSERT INTO solicita VALUES ('50','2018-08-12 14:00:00','94','2018-08-12 14:00:00','2018-08-12 14:59:59');
INSERT INTO solicita VALUES ('50','2018-08-12 15:00:00','94','2018-08-12 15:00:00','2018-08-12 15:59:59');
INSERT INTO solicita VALUES ('50','2018-08-12 16:00:00','94','2018-08-12 16:00:00','2018-08-12 16:59:59');
INSERT INTO solicita VALUES ('50','2018-08-12 17:00:00','94','2018-08-12 17:00:00','2018-08-12 17:59:59');
INSERT INTO solicita VALUES ('50','2018-08-12 18:00:00','94','2018-08-12 18:00:00','2018-08-12 18:59:59');
INSERT INTO solicita VALUES ('50','2018-08-12 19:00:00','94','2018-08-12 19:00:00','2018-08-12 19:59:59');
INSERT INTO solicita VALUES ('50','2018-08-12 20:00:00','94','2018-08-12 20:00:00','2018-08-12 20:59:59');
INSERT INTO solicita VALUES ('50','2018-08-12 21:00:00','94','2018-08-12 21:00:00','2018-08-12 21:59:59');
INSERT INTO solicita VALUES ('50','2018-08-12 22:00:00','94','2018-08-12 22:00:00','2018-08-12 22:59:59');
INSERT INTO solicita VALUES ('50','2018-08-12 23:00:00','94','2018-08-12 23:00:00','2018-08-12 23:59:59');
INSERT INTO solicita VALUES ('50','2018-08-13 00:00:00','94','2018-08-13 00:00:00','2018-08-13 00:59:59');
INSERT INTO solicita VALUES ('50','2018-08-13 01:00:00','94','2018-08-13 01:00:00','2018-08-13 01:59:59');
INSERT INTO solicita VALUES ('50','2018-08-13 02:00:00','94','2018-08-13 02:00:00','2018-08-13 02:59:59');
INSERT INTO solicita VALUES ('50','2018-08-13 03:00:00','94','2018-08-13 03:00:00','2018-08-13 03:59:59');
INSERT INTO solicita VALUES ('50','2018-08-13 04:00:00','94','2018-08-13 04:00:00','2018-08-13 04:59:59');
INSERT INTO solicita VALUES ('50','2018-08-13 05:00:00','94','2018-08-13 05:00:00','2018-08-13 05:59:59');
INSERT INTO solicita VALUES ('50','2018-08-13 06:00:00','94','2018-08-13 06:00:00','2018-08-13 06:59:59');
INSERT INTO solicita VALUES ('50','2018-08-13 07:00:00','94','2018-08-13 07:00:00','2018-08-13 07:59:59');
INSERT INTO solicita VALUES ('50','2018-08-13 08:00:00','94','2018-08-13 08:00:00','2018-08-13 08:59:59');
INSERT INTO solicita VALUES ('50','2018-08-13 09:00:00','94','2018-08-13 09:00:00','2018-08-13 09:59:59');
INSERT INTO solicita VALUES ('50','2018-08-13 10:00:00','94','2018-08-13 10:00:00','2018-08-13 10:59:59');
